-- --------------------------------------------------------
-- Host:                         127.0.0.1
-- Server version:               8.0.35 - MySQL Community Server - GPL
-- Server OS:                    Win64
-- HeidiSQL Version:             12.6.0.6765
-- --------------------------------------------------------

/*!40101 SET @OLD_CHARACTER_SET_CLIENT=@@CHARACTER_SET_CLIENT */;
/*!40101 SET NAMES utf8 */;
/*!50503 SET NAMES utf8mb4 */;
/*!40103 SET @OLD_TIME_ZONE=@@TIME_ZONE */;
/*!40103 SET TIME_ZONE='+00:00' */;
/*!40014 SET @OLD_FOREIGN_KEY_CHECKS=@@FOREIGN_KEY_CHECKS, FOREIGN_KEY_CHECKS=0 */;
/*!40101 SET @OLD_SQL_MODE=@@SQL_MODE, SQL_MODE='NO_AUTO_VALUE_ON_ZERO' */;
/*!40111 SET @OLD_SQL_NOTES=@@SQL_NOTES, SQL_NOTES=0 */;


-- Dumping database structure for duantotnghiep
CREATE DATABASE IF NOT EXISTS `duantotnghiep` /*!40100 DEFAULT CHARACTER SET utf8mb4 COLLATE utf8mb4_unicode_ci */ /*!80016 DEFAULT ENCRYPTION='N' */;
USE `duantotnghiep`;

-- Dumping structure for table duantotnghiep.anhsanpham
CREATE TABLE IF NOT EXISTS `anhsanpham` (
  `id` bigint NOT NULL AUTO_INCREMENT,
  `ngaysua` timestamp NULL DEFAULT NULL,
  `ngaytao` timestamp NULL DEFAULT NULL,
  `nguoisua` varchar(255) DEFAULT NULL,
  `nguoitao` varchar(255) DEFAULT NULL,
  `trangthai` varchar(255) DEFAULT 'ACTIVE',
  `hinhanh` varchar(255) DEFAULT NULL,
  `idsanpham` bigint DEFAULT NULL,
  PRIMARY KEY (`id`),
  KEY `FKl2yrbw1jmokavcq0mcl2215j3` (`idsanpham`),
  CONSTRAINT `FKl2yrbw1jmokavcq0mcl2215j3` FOREIGN KEY (`idsanpham`) REFERENCES `sanpham` (`id`)
) ENGINE=InnoDB AUTO_INCREMENT=272 DEFAULT CHARSET=utf8mb3;

-- Dumping data for table duantotnghiep.anhsanpham: ~216 rows (approximately)
INSERT INTO `anhsanpham` (`id`, `ngaysua`, `ngaytao`, `nguoisua`, `nguoitao`, `trangthai`, `hinhanh`, `idsanpham`) VALUES
	(1, NULL, '2023-11-22 16:26:02', NULL, 'admin9193', 'ACTIVE', 'TBpuvQ.jpg', 1),
	(2, NULL, '2023-11-22 16:26:02', NULL, 'admin9193', 'ACTIVE', 'hCuy1c.jpg', 1),
	(3, NULL, '2023-11-22 16:26:02', NULL, 'admin9193', 'ACTIVE', 'DuM6xt.jpg', 1),
	(4, NULL, '2023-11-22 16:26:02', NULL, 'admin9193', 'ACTIVE', 'AL49cu.jpg', 1),
	(5, NULL, '2023-11-22 16:26:03', NULL, 'admin9193', 'ACTIVE', 'PrSCiL.jpg', 1),
	(6, NULL, '2023-11-22 16:26:04', NULL, 'admin9193', 'ACTIVE', 'jrrNFi.jpg', 1),
	(7, NULL, '2023-11-22 16:30:53', NULL, 'admin9193', 'ACTIVE', 'v9zdxP.jpg', 2),
	(8, NULL, '2023-11-22 16:30:53', NULL, 'admin9193', 'ACTIVE', 'cBbfyB.jpg', 2),
	(9, NULL, '2023-11-22 16:34:35', NULL, 'admin9193', 'ACTIVE', 'yhWYZs.jpg', 3),
	(10, NULL, '2023-11-27 02:22:00', NULL, 'admin9193', 'ACTIVE', 'U46jBA.jpg', 5),
	(11, NULL, '2023-11-27 02:22:01', NULL, 'admin9193', 'ACTIVE', 'sYhGqW.jpg', 5),
	(12, NULL, '2023-11-27 02:22:02', NULL, 'admin9193', 'ACTIVE', 'DOl52o.jpg', 5),
	(13, NULL, '2023-11-27 02:22:06', NULL, 'admin9193', 'ACTIVE', 'l92XG2.jpg', 5),
	(14, NULL, '2023-11-27 02:22:06', NULL, 'admin9193', 'ACTIVE', 'uroRYO.jpg', 5),
	(15, NULL, '2023-11-27 02:22:06', NULL, 'admin9193', 'ACTIVE', 'hpVTxM.jpg', 5),
	(16, NULL, '2023-11-27 02:22:06', NULL, 'admin9193', 'ACTIVE', 'mQNIOC.jpg', 5),
	(17, NULL, '2023-11-27 02:39:52', NULL, 'admin9193', 'ACTIVE', 'ip5I39.jpg', 7),
	(18, NULL, '2023-11-27 02:39:53', NULL, 'admin9193', 'ACTIVE', 'SjTivi.jpg', 7),
	(19, NULL, '2023-11-27 02:39:53', NULL, 'admin9193', 'ACTIVE', 'pzkpct.jpg', 7),
	(20, NULL, '2023-11-27 02:39:53', NULL, 'admin9193', 'ACTIVE', '4SmTyN.jpg', 7),
	(21, NULL, '2023-11-27 02:39:53', NULL, 'admin9193', 'ACTIVE', 'RCvnAR.jpg', 7),
	(22, NULL, '2023-11-27 02:43:46', NULL, 'admin9193', 'ACTIVE', 'FM5GCd.jpg', 8),
	(23, NULL, '2023-11-27 02:43:46', NULL, 'admin9193', 'ACTIVE', '9RRyJv.jpg', 8),
	(24, NULL, '2023-11-27 02:43:46', NULL, 'admin9193', 'ACTIVE', 'x6F7PO.jpg', 8),
	(25, NULL, '2023-11-27 02:43:46', NULL, 'admin9193', 'ACTIVE', '6r6Bxo.jpg', 8),
	(26, NULL, '2023-11-27 02:46:17', NULL, 'admin9193', 'ACTIVE', 'FWNrxX.jpg', 9),
	(27, NULL, '2023-11-27 02:46:17', NULL, 'admin9193', 'ACTIVE', 'ophxa5.jpg', 9),
	(28, NULL, '2023-11-27 02:46:17', NULL, 'admin9193', 'ACTIVE', 'oxjvWV.jpg', 9),
	(29, NULL, '2023-11-27 02:48:58', NULL, 'admin9193', 'ACTIVE', 'csdSj8.jpg', 10),
	(30, NULL, '2023-11-27 02:48:58', NULL, 'admin9193', 'ACTIVE', 'cm8ljf.jpg', 10),
	(31, NULL, '2023-11-27 02:48:58', NULL, 'admin9193', 'ACTIVE', 'FPiM4F.jpg', 10),
	(32, NULL, '2023-11-27 02:48:58', NULL, 'admin9193', 'ACTIVE', 'i4mTHm.jpg', 10),
	(33, NULL, '2023-11-27 02:48:58', NULL, 'admin9193', 'ACTIVE', 'ycg5P2.jpg', 10),
	(34, NULL, '2023-11-27 02:53:09', NULL, 'admin9193', 'ACTIVE', 'uI6kAj.jpg', 11),
	(35, NULL, '2023-11-27 02:53:09', NULL, 'admin9193', 'ACTIVE', 'b2LLFO.jpg', 11),
	(36, NULL, '2023-11-27 02:53:09', NULL, 'admin9193', 'ACTIVE', 'oX72hg.jpg', 11),
	(37, NULL, '2023-11-27 02:53:09', NULL, 'admin9193', 'ACTIVE', 'cd7KVX.jpg', 11),
	(38, NULL, '2023-11-27 02:53:09', NULL, 'admin9193', 'ACTIVE', 'W4x7fM.jpg', 11),
	(39, NULL, '2023-11-27 02:53:09', NULL, 'admin9193', 'ACTIVE', 'FSFhCo.jpg', 11),
	(40, NULL, '2023-11-27 02:56:20', NULL, 'admin9193', 'ACTIVE', 'TMd7lV.jpg', 12),
	(41, NULL, '2023-11-27 02:56:20', NULL, 'admin9193', 'ACTIVE', 'JQPutc.jpg', 12),
	(42, NULL, '2023-11-27 02:56:20', NULL, 'admin9193', 'ACTIVE', 'ihTckW.jpg', 12),
	(43, NULL, '2023-11-27 02:56:20', NULL, 'admin9193', 'ACTIVE', 'HT85Ez.jpg', 12),
	(48, NULL, '2023-11-27 03:00:35', NULL, 'admin9193', 'ACTIVE', 'vUVVgV.jpg', 14),
	(49, NULL, '2023-11-27 03:00:35', NULL, 'admin9193', 'ACTIVE', 'vPZ6Sa.jpg', 14),
	(50, NULL, '2023-11-27 03:00:35', NULL, 'admin9193', 'ACTIVE', 'vDKK7L.jpg', 14),
	(51, NULL, '2023-11-27 03:00:35', NULL, 'admin9193', 'ACTIVE', '7s7eme.jpg', 14),
	(52, NULL, '2023-11-27 03:00:35', NULL, 'admin9193', 'ACTIVE', 'meBYJW.jpg', 14),
	(53, NULL, '2023-11-27 03:00:35', NULL, 'admin9193', 'ACTIVE', '5gZVdq.jpg', 14),
	(54, NULL, '2023-11-27 03:00:35', NULL, 'admin9193', 'ACTIVE', 'lQiHsi.jpg', 14),
	(64, NULL, '2023-11-27 03:03:37', NULL, 'admin9193', 'ACTIVE', 'n1TBoD.jpg', 18),
	(65, NULL, '2023-11-27 03:03:37', NULL, 'admin9193', 'ACTIVE', 'IBr0v1.jpg', 18),
	(66, NULL, '2023-11-27 03:03:37', NULL, 'admin9193', 'ACTIVE', 'Q49i7t.jpg', 18),
	(67, NULL, '2023-11-27 03:03:37', NULL, 'admin9193', 'ACTIVE', 'u9TqOO.jpg', 18),
	(68, NULL, '2023-11-27 03:03:37', NULL, 'admin9193', 'ACTIVE', 'DjrOcD.jpg', 18),
	(69, NULL, '2023-11-27 03:06:11', NULL, 'admin9193', 'ACTIVE', 'LxCoV2.jpg', 19),
	(70, NULL, '2023-11-27 03:06:11', NULL, 'admin9193', 'ACTIVE', 'WxN7l1.jpg', 19),
	(71, NULL, '2023-11-27 03:06:11', NULL, 'admin9193', 'ACTIVE', 'lVnaqp.jpg', 19),
	(72, NULL, '2023-11-27 03:06:11', NULL, 'admin9193', 'ACTIVE', 'KrremL.jpg', 19),
	(73, NULL, '2023-11-27 03:06:11', NULL, 'admin9193', 'ACTIVE', 'pAs5se.jpg', 19),
	(74, NULL, '2023-11-27 03:06:11', NULL, 'admin9193', 'ACTIVE', '5fcPg7.jpg', 19),
	(79, NULL, '2023-11-27 03:16:46', NULL, 'admin9193', 'ACTIVE', 'dpBMPp.jpg', 22),
	(80, NULL, '2023-11-27 03:16:46', NULL, 'admin9193', 'ACTIVE', '2KWt6x.jpg', 22),
	(81, NULL, '2023-11-27 03:16:46', NULL, 'admin9193', 'ACTIVE', 'SFNcEp.jpg', 22),
	(82, NULL, '2023-11-27 03:16:46', NULL, 'admin9193', 'ACTIVE', 'gBeeje.jpg', 22),
	(83, NULL, '2023-11-27 03:16:46', NULL, 'admin9193', 'ACTIVE', 'MXjCuc.jpg', 22),
	(84, NULL, '2023-11-27 03:16:46', NULL, 'admin9193', 'ACTIVE', 'Agig87.jpg', 22),
	(85, NULL, '2023-11-27 03:16:46', NULL, 'admin9193', 'ACTIVE', 'dxcYK1.jpg', 22),
	(86, NULL, '2023-11-27 03:16:46', NULL, 'admin9193', 'ACTIVE', 'EmU376.jpg', 22),
	(87, NULL, '2023-11-27 03:20:51', NULL, 'admin9193', 'ACTIVE', 'e8831p.jpg', 23),
	(88, NULL, '2023-11-27 03:20:51', NULL, 'admin9193', 'ACTIVE', 'A6faO2.jpg', 23),
	(89, NULL, '2023-11-27 03:20:51', NULL, 'admin9193', 'ACTIVE', 'YZcXMk.jpg', 23),
	(90, NULL, '2023-11-27 03:20:51', NULL, 'admin9193', 'ACTIVE', '7BEBAD.jpg', 23),
	(91, NULL, '2023-11-27 03:20:51', NULL, 'admin9193', 'ACTIVE', 'IZnU21.jpg', 23),
	(92, NULL, '2023-11-27 03:20:51', NULL, 'admin9193', 'ACTIVE', '0PQldf.jpg', 23),
	(93, NULL, '2023-11-27 03:20:51', NULL, 'admin9193', 'ACTIVE', 'B4S4VY.jpg', 23),
	(94, NULL, '2023-11-27 03:25:03', NULL, 'admin9193', 'ACTIVE', 'zsMhnX.jpg', 24),
	(95, NULL, '2023-11-27 03:25:03', NULL, 'admin9193', 'ACTIVE', 'MlsycO.jpg', 24),
	(96, NULL, '2023-11-27 03:25:03', NULL, 'admin9193', 'ACTIVE', 'LWWcLv.jpg', 24),
	(97, NULL, '2023-11-27 03:25:03', NULL, 'admin9193', 'ACTIVE', 'cGhYcg.jpg', 24),
	(98, NULL, '2023-11-27 03:25:03', NULL, 'admin9193', 'ACTIVE', '0sECSg.jpg', 24),
	(99, NULL, '2023-11-27 03:25:03', NULL, 'admin9193', 'ACTIVE', 'rdDDQU.jpg', 24),
	(100, NULL, '2023-11-27 03:25:03', NULL, 'admin9193', 'ACTIVE', 'gICuWg.jpg', 24),
	(101, NULL, '2023-11-27 03:29:29', NULL, 'admin9193', 'ACTIVE', 'OaURFy.jpg', 25),
	(102, NULL, '2023-11-27 03:29:29', NULL, 'admin9193', 'ACTIVE', 'Mh241Q.jpg', 25),
	(103, NULL, '2023-11-27 03:29:29', NULL, 'admin9193', 'ACTIVE', 'MTQ0ap.jpg', 25),
	(104, NULL, '2023-11-27 03:29:29', NULL, 'admin9193', 'ACTIVE', 'cJHtPH.jpg', 25),
	(105, NULL, '2023-11-27 03:29:29', NULL, 'admin9193', 'ACTIVE', 'h8BW6o.jpg', 25),
	(106, NULL, '2023-11-27 03:29:29', NULL, 'admin9193', 'ACTIVE', 'gpOUel.jpg', 25),
	(107, NULL, '2023-11-27 03:36:20', NULL, 'admin9193', 'ACTIVE', '2EMmJL.jpg', 26),
	(108, NULL, '2023-11-27 03:36:20', NULL, 'admin9193', 'ACTIVE', '0aYoUR.jpg', 26),
	(109, NULL, '2023-11-27 03:36:20', NULL, 'admin9193', 'ACTIVE', 'uSzSzd.jpg', 26),
	(110, NULL, '2023-11-27 03:36:20', NULL, 'admin9193', 'ACTIVE', '8Jy9S2.jpg', 26),
	(111, NULL, '2023-11-27 03:36:20', NULL, 'admin9193', 'ACTIVE', 'dMujyb.jpg', 26),
	(112, NULL, '2023-11-27 03:36:20', NULL, 'admin9193', 'ACTIVE', '8LeWen.jpg', 26),
	(113, NULL, '2023-11-27 03:36:20', NULL, 'admin9193', 'ACTIVE', 'AYGmIJ.jpg', 26),
	(114, NULL, '2023-11-27 03:36:20', NULL, 'admin9193', 'ACTIVE', 'fhOJeO.jpg', 26),
	(115, NULL, '2023-11-27 03:36:20', NULL, 'admin9193', 'ACTIVE', 'XP9QRH.jpg', 26),
	(116, NULL, '2023-11-27 03:36:20', NULL, 'admin9193', 'ACTIVE', 'F4RiKD.jpg', 26),
	(117, NULL, '2023-11-27 03:36:20', NULL, 'admin9193', 'ACTIVE', 'ofgi0L.jpg', 26),
	(118, NULL, '2023-11-27 03:36:20', NULL, 'admin9193', 'ACTIVE', 'CcjjZF.jpg', 26),
	(119, NULL, '2023-11-27 03:36:20', NULL, 'admin9193', 'ACTIVE', 'roRFHP.jpg', 26),
	(120, NULL, '2023-11-27 03:36:20', NULL, 'admin9193', 'ACTIVE', 'MTsxTs.jpg', 26),
	(121, NULL, '2023-11-27 03:40:53', NULL, 'admin9193', 'ACTIVE', 'CfPLqs.jpg', 27),
	(122, NULL, '2023-11-27 03:40:53', NULL, 'admin9193', 'ACTIVE', 'NcjlTD.jpg', 27),
	(123, NULL, '2023-11-27 03:40:53', NULL, 'admin9193', 'ACTIVE', 'v8BWDf.jpg', 27),
	(124, NULL, '2023-11-27 03:40:53', NULL, 'admin9193', 'ACTIVE', 'Cqi7J9.jpg', 27),
	(125, NULL, '2023-11-27 03:40:54', NULL, 'admin9193', 'ACTIVE', 'Qu5Dfr.jpg', 27),
	(126, NULL, '2023-11-27 03:40:54', NULL, 'admin9193', 'ACTIVE', 'V8cEZ9.jpg', 27),
	(127, NULL, '2023-11-27 03:40:54', NULL, 'admin9193', 'ACTIVE', 'EH2Ipn.jpg', 27),
	(128, NULL, '2023-11-27 03:40:54', NULL, 'admin9193', 'ACTIVE', 'kneBzi.jpg', 27),
	(129, NULL, '2023-11-27 03:40:54', NULL, 'admin9193', 'ACTIVE', 'j6AV1M.jpg', 27),
	(130, NULL, '2023-11-27 03:40:54', NULL, 'admin9193', 'ACTIVE', 'rYDsmj.jpg', 27),
	(131, NULL, '2023-11-27 03:40:54', NULL, 'admin9193', 'ACTIVE', '7L2jsK.jpg', 27),
	(132, NULL, '2023-11-27 15:27:15', NULL, 'admin9193', 'ACTIVE', 'X5uN3z.jpg', 28),
	(133, NULL, '2023-11-27 15:27:15', NULL, 'admin9193', 'ACTIVE', 'e5Av7L.jpg', 28),
	(134, NULL, '2023-11-27 15:27:17', NULL, 'admin9193', 'ACTIVE', 'n3Ruv5.jpg', 28),
	(135, NULL, '2023-11-27 15:27:17', NULL, 'admin9193', 'ACTIVE', 'IQznid.jpg', 28),
	(136, NULL, '2023-11-27 15:27:17', NULL, 'admin9193', 'ACTIVE', 'a5oLH5.jpg', 28),
	(137, NULL, '2023-11-27 15:27:17', NULL, 'admin9193', 'ACTIVE', 'LroLXy.jpg', 28),
	(138, NULL, '2023-11-27 15:27:17', NULL, 'admin9193', 'ACTIVE', 'EnDNcr.jpg', 28),
	(139, NULL, '2023-11-27 15:39:14', NULL, 'admin9193', 'ACTIVE', 'VGpvOl.jpg', 29),
	(140, NULL, '2023-11-27 15:39:14', NULL, 'admin9193', 'ACTIVE', 'f9OGFD.jpg', 29),
	(141, NULL, '2023-11-27 15:39:14', NULL, 'admin9193', 'ACTIVE', 'NF6lF0.jpg', 29),
	(142, NULL, '2023-11-27 15:39:14', NULL, 'admin9193', 'ACTIVE', '9Lz8Xt.jpg', 29),
	(143, NULL, '2023-11-27 15:39:14', NULL, 'admin9193', 'ACTIVE', 'rHEdhF.jpg', 29),
	(144, NULL, '2023-11-27 15:42:19', NULL, 'admin9193', 'ACTIVE', '7YSCvY.jpg', 30),
	(145, NULL, '2023-11-27 15:42:19', NULL, 'admin9193', 'ACTIVE', 'JrZTEg.jpg', 30),
	(146, NULL, '2023-11-27 15:42:19', NULL, 'admin9193', 'ACTIVE', 'QuZsDu.jpg', 30),
	(147, NULL, '2023-11-27 15:42:19', NULL, 'admin9193', 'ACTIVE', 'J4idhU.jpg', 30),
	(148, NULL, '2023-11-27 15:42:19', NULL, 'admin9193', 'ACTIVE', 'S5N2qF.jpg', 30),
	(149, NULL, '2023-11-27 15:42:19', NULL, 'admin9193', 'ACTIVE', 'zdtBq0.jpg', 30),
	(150, NULL, '2023-11-27 15:44:42', NULL, 'admin9193', 'ACTIVE', 'dCZtlT.jpg', 31),
	(151, NULL, '2023-11-27 15:44:42', NULL, 'admin9193', 'ACTIVE', 'xNXTT5.jpg', 31),
	(152, NULL, '2023-11-27 15:44:42', NULL, 'admin9193', 'ACTIVE', 'WHJ9Wq.jpg', 31),
	(153, NULL, '2023-11-27 15:44:42', NULL, 'admin9193', 'ACTIVE', '9xfOOF.jpg', 31),
	(154, NULL, '2023-11-27 15:47:45', NULL, 'admin9193', 'ACTIVE', 'hpW0Tz.jpg', 32),
	(155, NULL, '2023-11-27 15:47:45', NULL, 'admin9193', 'ACTIVE', 'xfTHTO.jpg', 32),
	(156, NULL, '2023-11-27 15:47:45', NULL, 'admin9193', 'ACTIVE', 'nJ8fjr.jpg', 32),
	(157, NULL, '2023-11-27 15:47:45', NULL, 'admin9193', 'ACTIVE', 'xlYvAU.jpg', 32),
	(158, NULL, '2023-11-27 15:55:39', NULL, 'admin9193', 'ACTIVE', 'dBsDAL.jpg', 33),
	(159, NULL, '2023-11-27 15:55:39', NULL, 'admin9193', 'ACTIVE', 's9L1EA.jpg', 33),
	(160, NULL, '2023-11-27 16:02:20', NULL, 'admin9193', 'ACTIVE', '9E2Doz.jpg', 34),
	(161, NULL, '2023-11-27 16:02:20', NULL, 'admin9193', 'ACTIVE', 'WffmaK.jpg', 34),
	(162, NULL, '2023-11-27 16:02:20', NULL, 'admin9193', 'ACTIVE', 'rY3INa.jpg', 34),
	(163, NULL, '2023-11-27 16:02:20', NULL, 'admin9193', 'ACTIVE', 'QRBefx.jpg', 34),
	(164, NULL, '2023-11-27 16:07:29', NULL, 'admin9193', 'ACTIVE', 'fM9IuO.jpg', 35),
	(165, NULL, '2023-11-27 16:07:29', NULL, 'admin9193', 'ACTIVE', 'J0DSJz.jpg', 35),
	(166, NULL, '2023-11-27 16:07:29', NULL, 'admin9193', 'ACTIVE', '0qu6GE.jpg', 35),
	(167, NULL, '2023-11-27 16:07:29', NULL, 'admin9193', 'ACTIVE', '3IPzsz.jpg', 35),
	(168, NULL, '2023-11-27 16:11:30', NULL, 'admin9193', 'ACTIVE', 'x6geKz.jpg', 36),
	(169, NULL, '2023-11-27 16:11:30', NULL, 'admin9193', 'ACTIVE', 'Bf5IEM.jpg', 36),
	(170, NULL, '2023-11-27 16:11:30', NULL, 'admin9193', 'ACTIVE', 'XUHmHC.jpg', 36),
	(171, NULL, '2023-11-27 16:11:30', NULL, 'admin9193', 'ACTIVE', 'UbKQrH.jpg', 36),
	(172, NULL, '2023-11-27 16:11:30', NULL, 'admin9193', 'ACTIVE', 'YGsMrj.jpg', 36),
	(173, NULL, '2023-11-27 16:18:34', NULL, 'admin9193', 'ACTIVE', 'O5AJV9.jpg', 37),
	(174, NULL, '2023-11-27 16:18:34', NULL, 'admin9193', 'ACTIVE', 'WgaEVZ.jpg', 37),
	(175, NULL, '2023-11-27 16:18:34', NULL, 'admin9193', 'ACTIVE', 'PbILh2.jpg', 37),
	(176, NULL, '2023-11-27 16:24:18', NULL, 'admin9193', 'ACTIVE', 'VsPFmY.jpg', 38),
	(177, NULL, '2023-11-27 16:24:18', NULL, 'admin9193', 'ACTIVE', 'oRq9yK.jpg', 38),
	(178, NULL, '2023-11-27 16:24:18', NULL, 'admin9193', 'ACTIVE', 'AT5UCS.jpg', 38),
	(179, NULL, '2023-11-27 16:24:18', NULL, 'admin9193', 'ACTIVE', '6Tuepb.jpg', 38),
	(180, NULL, '2023-11-27 16:29:03', NULL, 'admin9193', 'ACTIVE', '6TyyOi.jpg', 39),
	(181, NULL, '2023-11-27 16:29:04', NULL, 'admin9193', 'ACTIVE', 'mBqv2j.jpg', 39),
	(182, NULL, '2023-11-27 16:29:04', NULL, 'admin9193', 'ACTIVE', 'esLARM.jpg', 39),
	(183, NULL, '2023-11-27 16:34:34', NULL, 'admin9193', 'ACTIVE', 'aGInKg.jpg', 40),
	(184, NULL, '2023-11-27 16:34:34', NULL, 'admin9193', 'ACTIVE', 'vYiyv9.jpg', 40),
	(185, NULL, '2023-11-27 16:34:34', NULL, 'admin9193', 'ACTIVE', 'aauo4r.jpg', 40),
	(186, NULL, '2023-11-27 16:40:53', NULL, 'admin9193', 'ACTIVE', 'qYAytq.jpg', 41),
	(187, NULL, '2023-11-27 16:40:53', NULL, 'admin9193', 'ACTIVE', 'IrxMV7.jpg', 41),
	(188, NULL, '2023-11-27 16:40:54', NULL, 'admin9193', 'ACTIVE', 'ADGxfb.jpg', 41),
	(189, NULL, '2023-11-27 16:40:54', NULL, 'admin9193', 'ACTIVE', 'VstsxP.jpg', 41),
	(190, NULL, '2023-11-27 16:48:18', NULL, 'admin9193', 'ACTIVE', 'xajp6S.jpg', 42),
	(191, NULL, '2023-11-27 16:48:18', NULL, 'admin9193', 'ACTIVE', 'xf5leQ.jpg', 42),
	(192, NULL, '2023-11-27 16:48:18', NULL, 'admin9193', 'ACTIVE', 'VWqTz7.jpg', 42),
	(193, NULL, '2023-11-27 16:48:19', NULL, 'admin9193', 'ACTIVE', 'BBgWxe.jpg', 42),
	(194, NULL, '2023-12-09 05:23:48', NULL, 'admin9193', 'ACTIVE', '9FOqe0.jpg', 43),
	(195, NULL, '2023-12-09 05:23:48', NULL, 'admin9193', 'ACTIVE', '5gWRdU.jpg', 43),
	(196, NULL, '2023-12-09 05:23:49', NULL, 'admin9193', 'ACTIVE', 'xFNS0O.jpg', 43),
	(197, NULL, '2023-12-09 05:23:49', NULL, 'admin9193', 'ACTIVE', 'TnMzIX.jpg', 43),
	(198, NULL, '2023-12-09 05:23:50', NULL, 'admin9193', 'ACTIVE', 'DrmnNx.jpg', 43),
	(199, NULL, '2023-12-09 05:27:29', NULL, 'admin9193', 'ACTIVE', '0oJJeG.jpg', 44),
	(200, NULL, '2023-12-09 05:27:29', NULL, 'admin9193', 'ACTIVE', 'kB5KVW.jpg', 44),
	(201, NULL, '2023-12-09 05:27:29', NULL, 'admin9193', 'ACTIVE', 'mIktVG.jpg', 44),
	(202, NULL, '2023-12-09 05:27:30', NULL, 'admin9193', 'ACTIVE', 'sce4AK.jpg', 44),
	(203, NULL, '2023-12-09 05:29:47', NULL, 'admin9193', 'ACTIVE', 'IBeq3U.jpg', 45),
	(204, NULL, '2023-12-09 05:29:47', NULL, 'admin9193', 'ACTIVE', 'TSLyUy.jpg', 45),
	(205, NULL, '2023-12-09 05:29:47', NULL, 'admin9193', 'ACTIVE', 'sfLCvh.jpg', 45),
	(206, NULL, '2023-12-09 05:29:47', NULL, 'admin9193', 'ACTIVE', 'PNcSqS.jpg', 45),
	(207, NULL, '2023-12-09 05:29:47', NULL, 'admin9193', 'ACTIVE', 'znId4O.jpg', 45),
	(208, NULL, '2023-12-09 05:29:47', NULL, 'admin9193', 'ACTIVE', '4l4O5I.jpg', 45),
	(209, NULL, '2023-12-09 05:29:47', NULL, 'admin9193', 'ACTIVE', 'iUdFbI.jpg', 45),
	(210, NULL, '2023-12-09 05:29:48', NULL, 'admin9193', 'ACTIVE', 'scguyv.jpg', 45),
	(211, NULL, '2023-12-09 05:33:09', NULL, 'admin9193', 'ACTIVE', 'ZATGrs.jpg', 46),
	(212, NULL, '2023-12-09 05:33:09', NULL, 'admin9193', 'ACTIVE', 'X5vrgm.jpg', 46),
	(213, NULL, '2023-12-09 05:33:09', NULL, 'admin9193', 'ACTIVE', 'CFanXL.jpg', 46),
	(214, NULL, '2023-12-09 05:33:10', NULL, 'admin9193', 'ACTIVE', 'vnCfpl.jpg', 46),
	(215, NULL, '2023-12-09 05:35:35', NULL, 'admin9193', 'ACTIVE', 'Hqu47T.jpg', 47),
	(216, NULL, '2023-12-09 05:35:35', NULL, 'admin9193', 'ACTIVE', 'eLaSY5.jpg', 47),
	(217, NULL, '2023-12-09 05:35:35', NULL, 'admin9193', 'ACTIVE', 'elTe5c.jpg', 47),
	(218, NULL, '2023-12-09 05:35:35', NULL, 'admin9193', 'ACTIVE', '1cdaBH.jpg', 47),
	(219, NULL, '2023-12-09 05:35:35', NULL, 'admin9193', 'ACTIVE', 'fpHXuH.jpg', 47),
	(220, NULL, '2023-12-09 05:42:31', NULL, 'admin9193', 'ACTIVE', 'vyZzIP.jpg', 48),
	(221, NULL, '2023-12-09 05:42:31', NULL, 'admin9193', 'ACTIVE', 'Bqf1V9.jpg', 48),
	(222, NULL, '2023-12-09 05:42:31', NULL, 'admin9193', 'ACTIVE', 'A2cduU.jpg', 48),
	(223, NULL, '2023-12-09 05:42:31', NULL, 'admin9193', 'ACTIVE', 'SRdXmF.jpg', 48),
	(224, NULL, '2023-12-09 05:42:32', NULL, 'admin9193', 'ACTIVE', 'fxk6ku.jpg', 48),
	(225, NULL, '2023-12-09 05:42:32', NULL, 'admin9193', 'ACTIVE', 'Iq8Bzv.jpg', 48),
	(226, NULL, '2023-12-09 05:42:33', NULL, 'admin9193', 'ACTIVE', 'VA28tK.jpg', 48),
	(227, NULL, '2023-12-09 05:42:34', NULL, 'admin9193', 'ACTIVE', 'RDSlNB.jpg', 48),
	(228, NULL, '2023-12-09 05:47:44', NULL, 'admin9193', 'ACTIVE', 'jZRRBi.jpg', 49),
	(229, NULL, '2023-12-09 05:47:44', NULL, 'admin9193', 'ACTIVE', 'q4CdO2.jpg', 49),
	(230, NULL, '2023-12-09 05:47:44', NULL, 'admin9193', 'ACTIVE', '8YWa7N.jpg', 49),
	(231, NULL, '2023-12-09 05:47:44', NULL, 'admin9193', 'ACTIVE', 'vx04tG.jpg', 49),
	(232, NULL, '2023-12-09 05:47:44', NULL, 'admin9193', 'ACTIVE', 'T5jKFR.jpg', 49),
	(233, NULL, '2023-12-12 06:57:24', NULL, 'admin9193', 'ACTIVE', 'g343y5.jpg', 4),
	(234, NULL, '2023-12-23 04:17:05', NULL, 'admin9193', 'ACTIVE', 'DgRa1n.jpg', 50),
	(235, NULL, '2023-12-23 04:17:05', NULL, 'admin9193', 'ACTIVE', 'EQPlUq.jpg', 50),
	(236, NULL, '2023-12-23 04:17:05', NULL, 'admin9193', 'ACTIVE', '8WGHPi.jpg', 50),
	(237, NULL, '2023-12-23 04:17:05', NULL, 'admin9193', 'ACTIVE', 'f5qvMd.jpg', 50),
	(238, NULL, '2023-12-23 04:58:53', NULL, 'admin9193', 'ACTIVE', 'pYIeP9.jpg', 51),
	(239, NULL, '2023-12-23 08:13:50', NULL, 'admin9193', 'ACTIVE', 'AhcN6z.jpg', 52),
	(240, NULL, '2023-12-23 08:13:50', NULL, 'admin9193', 'ACTIVE', 'jTlLjh.jpg', 52),
	(264, NULL, '2023-12-27 15:37:31', NULL, 'admin9193', 'ACTIVE', 'HYnn7S.jpg', 67),
	(265, NULL, '2023-12-27 15:37:32', NULL, 'admin9193', 'ACTIVE', 'Tlx3yY.jpg', 67),
	(266, NULL, '2023-12-28 04:53:59', NULL, 'admin9193', 'ACTIVE', 'TEpatS.jpg', 68),
	(267, NULL, '2023-12-28 04:53:59', NULL, 'admin9193', 'ACTIVE', 'M3qhZz.jpg', 68),
	(268, NULL, '2023-12-28 04:53:59', NULL, 'admin9193', 'ACTIVE', 'vUSyRs.jpg', 68),
	(269, NULL, '2023-12-28 04:53:59', NULL, 'admin9193', 'ACTIVE', 'dSPchJ.jpg', 68),
	(270, NULL, '2024-01-01 15:29:56', NULL, 'admin9193', 'ACTIVE', '1FP7PQ.jpg', 69),
	(271, NULL, '2024-01-01 15:29:56', NULL, 'admin9193', 'ACTIVE', '7M8Eee.jpg', 69);

-- Dumping structure for table duantotnghiep.bienthe
CREATE TABLE IF NOT EXISTS `bienthe` (
  `id` bigint NOT NULL AUTO_INCREMENT,
  `ngaysua` timestamp NULL DEFAULT NULL,
  `ngaytao` timestamp NULL DEFAULT NULL,
  `nguoisua` varchar(255) DEFAULT NULL,
  `nguoitao` varchar(255) DEFAULT NULL,
  `trangthai` varchar(255) DEFAULT 'ACTIVE',
  `gia` double DEFAULT NULL,
  `hinhanh` varchar(255) DEFAULT NULL,
  `ma` varchar(255) DEFAULT NULL,
  `soluong` int DEFAULT NULL,
  `ten` varchar(255) DEFAULT NULL,
  `idsanpham` bigint DEFAULT NULL,
  PRIMARY KEY (`id`),
  UNIQUE KEY `UK_1i0avoe2xfvbl86pcd6fltolm` (`ma`),
  KEY `FK5wqyagvu9na935be2xsh2a9xv` (`idsanpham`),
  CONSTRAINT `FK5wqyagvu9na935be2xsh2a9xv` FOREIGN KEY (`idsanpham`) REFERENCES `sanpham` (`id`)
) ENGINE=InnoDB AUTO_INCREMENT=695 DEFAULT CHARSET=utf8mb3;

-- Dumping data for table duantotnghiep.bienthe: ~576 rows (approximately)
INSERT INTO `bienthe` (`id`, `ngaysua`, `ngaytao`, `nguoisua`, `nguoitao`, `trangthai`, `gia`, `hinhanh`, `ma`, `soluong`, `ten`, `idsanpham`) VALUES
	(1, NULL, '2023-11-22 16:26:03', NULL, 'admin9193', 'ACTIVE', 128000, 'PrSCiL.jpg', 'SLG3RP0y', 12000, 'Trắng,M', 1),
	(2, NULL, '2023-11-22 16:26:03', NULL, 'admin9193', 'ACTIVE', 138000, NULL, 'Ilbl9LXU', 12000, 'Trắng,L', 1),
	(3, NULL, '2023-11-22 16:26:04', NULL, 'admin9193', 'ACTIVE', 140000, NULL, 'IYvcotTc', 12000, 'Trắng,XL', 1),
	(4, NULL, '2023-11-22 16:26:04', NULL, 'admin9193', 'ACTIVE', 128000, NULL, 'cJ0mSx6a', 12000, 'Trắng,XXL', 1),
	(5, NULL, '2023-11-22 16:26:04', NULL, 'admin9193', 'ACTIVE', 120000, 'jrrNFi.jpg', 'R1Mm3yT8', 12000, 'Đen,M', 1),
	(6, NULL, '2023-11-22 16:26:04', NULL, 'admin9193', 'ACTIVE', 130000, NULL, 'mAgmWSWv', 12000, 'Đen,L', 1),
	(7, NULL, '2023-11-22 16:26:04', NULL, 'admin9193', 'ACTIVE', 128000, NULL, 'eVCL5INo', 12000, 'Đen,XL', 1),
	(8, NULL, '2023-11-22 16:26:04', NULL, 'admin9193', 'ACTIVE', 128000, NULL, 'yET689Fu', 12000, 'Đen,XXL', 1),
	(9, NULL, '2023-11-22 16:30:53', NULL, 'admin9193', 'ACTIVE', 200000, NULL, '1h6rxzON', 12000, 'Trắng,S', 2),
	(10, NULL, '2023-11-22 16:30:53', NULL, 'admin9193', 'ACTIVE', 198000, NULL, 'MOGfI13J', 12000, 'Trắng,M', 2),
	(11, NULL, '2023-11-22 16:30:53', NULL, 'admin9193', 'ACTIVE', 198000, NULL, 'OgBHCPm5', 12000, 'Trắng,L', 2),
	(12, NULL, '2023-11-22 16:30:53', NULL, 'admin9193', 'ACTIVE', 198000, NULL, 'bLjasLCa', 12000, 'Trắng,XL', 2),
	(13, NULL, '2023-11-22 16:30:53', NULL, 'admin9193', 'ACTIVE', 198000, NULL, 'rs06CGuT', 12000, 'Trắng,XXL', 2),
	(14, NULL, '2023-11-22 16:30:53', NULL, 'admin9193', 'ACTIVE', 200000, NULL, 'QoZBbqR5', 12000, 'Đen,S', 2),
	(15, NULL, '2023-11-22 16:30:53', NULL, 'admin9193', 'ACTIVE', 205000, NULL, 'hbSnrd9L', 12000, 'Đen,M', 2),
	(16, NULL, '2023-11-22 16:30:53', NULL, 'admin9193', 'ACTIVE', 198000, NULL, 'gNlYjXWx', 12000, 'Đen,L', 2),
	(17, NULL, '2023-11-22 16:30:53', NULL, 'admin9193', 'ACTIVE', 198000, NULL, '6djdscf9', 12000, 'Đen,XL', 2),
	(18, NULL, '2023-11-22 16:30:53', NULL, 'admin9193', 'ACTIVE', 195000, NULL, '3CJFOKx1', 12000, 'Đen,XXL', 2),
	(19, NULL, '2023-11-22 16:30:53', NULL, 'admin9193', 'ACTIVE', 198000, 'v9zdxP.jpg', 'rY6JQ1HF', 12000, 'Xanh,S', 2),
	(20, NULL, '2023-11-22 16:30:53', NULL, 'admin9193', 'ACTIVE', 199000, NULL, 'AVhfeUhO', 12000, 'Xanh,M', 2),
	(21, NULL, '2023-11-22 16:30:53', NULL, 'admin9193', 'ACTIVE', 190000, NULL, '105eZl4q', 12000, 'Xanh,L', 2),
	(22, NULL, '2023-11-22 16:30:53', NULL, 'admin9193', 'ACTIVE', 198000, NULL, 'kbURf1Ns', 12000, 'Xanh,XL', 2),
	(23, NULL, '2023-11-22 16:30:53', NULL, 'admin9193', 'ACTIVE', 198000, NULL, 'eSpAJyCq', 12000, 'Xanh,XXL', 2),
	(24, NULL, '2023-11-22 16:30:53', NULL, 'admin9193', 'ACTIVE', 185000, 'cBbfyB.jpg', 'kaKXq7JS', 12000, 'Nâu,S', 2),
	(25, NULL, '2023-11-22 16:30:53', NULL, 'admin9193', 'ACTIVE', 198000, NULL, 'AYWr6bjp', 12000, 'Nâu,M', 2),
	(26, NULL, '2023-11-22 16:30:53', NULL, 'admin9193', 'ACTIVE', 189000, NULL, 'sFGLaSuf', 12000, 'Nâu,L', 2),
	(27, NULL, '2023-11-22 16:30:53', NULL, 'admin9193', 'ACTIVE', 200000, NULL, 'oNCMFR6o', 12000, 'Nâu,XL', 2),
	(28, NULL, '2023-11-22 16:30:53', NULL, 'admin9193', 'ACTIVE', 200000, NULL, 'lSHggH7J', 12000, 'Nâu,XXL', 2),
	(29, NULL, '2023-11-22 16:34:35', NULL, 'admin9193', 'ACTIVE', 198000, NULL, 'scpzEOvt', 12000, 'Xanh,M', 3),
	(30, NULL, '2023-11-22 16:34:35', NULL, 'admin9193', 'ACTIVE', 78000, NULL, 'OrfLn0m9', 12000, 'Xanh,L', 3),
	(31, NULL, '2023-11-22 16:34:35', NULL, 'admin9193', 'ACTIVE', 80000, NULL, 'sK4siOz0', 12000, 'Xanh,XL', 3),
	(32, NULL, '2023-11-22 16:34:35', NULL, 'admin9193', 'ACTIVE', 78000, NULL, 'vPmsDQLQ', 12000, 'Trắng,M', 3),
	(33, NULL, '2023-11-22 16:34:35', NULL, 'admin9193', 'ACTIVE', 78000, NULL, 'D7XeB76D', 12000, 'Trắng,L', 3),
	(34, NULL, '2023-11-22 16:34:35', NULL, 'admin9193', 'ACTIVE', 85000, NULL, 'mh1IOJZ7', 12000, 'Trắng,XL', 3),
	(35, NULL, '2023-11-22 16:34:35', NULL, 'admin9193', 'ACTIVE', 78000, NULL, 'Td6U3esL', 12000, 'Đen,M', 3),
	(36, NULL, '2023-11-22 16:34:35', NULL, 'admin9193', 'ACTIVE', 75000, NULL, 'fYzF4Bs8', 12000, 'Đen,L', 3),
	(37, NULL, '2023-11-22 16:34:35', NULL, 'admin9193', 'ACTIVE', 78000, NULL, 'WSLbE1v9', 12000, 'Đen,XL', 3),
	(38, NULL, '2023-11-22 18:33:38', NULL, 'admin9193', 'ACTIVE', 79000, NULL, 'E5TjaGfR', 12000, 'Trắng,S', 4),
	(39, NULL, '2023-11-22 18:33:38', NULL, 'admin9193', 'ACTIVE', 79000, NULL, '6aBB097c', 12000, 'Trắng,M', 4),
	(40, NULL, '2023-11-22 18:33:38', NULL, 'admin9193', 'ACTIVE', 80000, NULL, 'CiFJF2K7', 12000, 'Trắng,L', 4),
	(41, NULL, '2023-11-22 18:33:38', NULL, 'admin9193', 'ACTIVE', 79000, NULL, '2bsBNuMF', 12000, 'Trắng,XL', 4),
	(42, NULL, '2023-11-22 18:33:38', NULL, 'admin9193', 'ACTIVE', 80000, NULL, 'Ok8koyFr', 12000, 'Đen,S', 4),
	(43, NULL, '2023-11-22 18:33:38', NULL, 'admin9193', 'ACTIVE', 85000, NULL, 'jQaM3mg4', 12000, 'Đen,M', 4),
	(44, NULL, '2023-11-22 18:33:38', NULL, 'admin9193', 'ACTIVE', 79000, NULL, 'dkVvR2A4', 12000, 'Đen,L', 4),
	(45, NULL, '2023-11-22 18:33:38', NULL, 'admin9193', 'ACTIVE', 79000, NULL, 'L9H5Wt8H', 12000, 'Đen,XL', 4),
	(46, NULL, '2023-11-22 18:33:38', NULL, 'admin9193', 'ACTIVE', 75000, NULL, 'nxMhhPBO', 12000, 'Hồng,S', 4),
	(47, NULL, '2023-11-22 18:33:38', NULL, 'admin9193', 'ACTIVE', 79000, NULL, 'aEsPfNK2', 12000, 'Hồng,M', 4),
	(48, NULL, '2023-11-22 18:33:38', NULL, 'admin9193', 'ACTIVE', 85000, NULL, 'Wr4yYD5Q', 12000, 'Hồng,L', 4),
	(49, NULL, '2023-11-22 18:33:38', NULL, 'admin9193', 'ACTIVE', 79000, NULL, 'ZKpYzHqV', 12000, 'Hồng,XL', 4),
	(50, NULL, '2023-11-27 02:22:06', NULL, 'admin9193', 'ACTIVE', 160000, 'l92XG2.jpg', 'NSU8YGbC', 12000, 'Trắng,M', 5),
	(51, NULL, '2023-11-27 02:22:06', NULL, 'admin9193', 'ACTIVE', 170000, 'uroRYO.jpg', 'MHGx1FX1', 12000, 'Trắng,XL', 5),
	(52, NULL, '2023-11-27 02:22:06', NULL, 'admin9193', 'ACTIVE', 150000, 'hpVTxM.jpg', 'Ta0lvAkn', 12000, 'Đen,M', 5),
	(53, NULL, '2023-11-27 02:22:06', NULL, 'admin9193', 'ACTIVE', 165000, 'mQNIOC.jpg', 'jLGHMNXD', 12000, 'Đen,XL', 5),
	(54, NULL, '2023-11-27 02:39:53', NULL, 'admin9193', 'ACTIVE', 279000, 'SjTivi.jpg', '5ry5kBL0', 12000, 'Be,M', 7),
	(55, NULL, '2023-11-27 02:39:53', NULL, 'admin9193', 'ACTIVE', 289000, 'pzkpct.jpg', 'NbYLxVn5', 12000, 'Be,L', 7),
	(56, NULL, '2023-11-27 02:39:53', NULL, 'admin9193', 'ACTIVE', 270000, '4SmTyN.jpg', 'GmCQtQqt', 12000, 'Đen,M', 7),
	(57, NULL, '2023-11-27 02:39:53', NULL, 'admin9193', 'ACTIVE', 279000, 'RCvnAR.jpg', 'xGV66qLe', 12000, 'Đen,L', 7),
	(58, NULL, '2023-11-27 02:43:46', NULL, 'admin9193', 'ACTIVE', 259000, 'x6F7PO.jpg', '9tJJJBr3', 12000, 'Đen,L', 8),
	(59, NULL, '2023-11-27 02:43:46', NULL, 'admin9193', 'ACTIVE', 269000, '6r6Bxo.jpg', '6ubTfoUS', 12000, 'Đen,XL', 8),
	(60, NULL, '2023-11-27 02:46:17', NULL, 'admin9193', 'ACTIVE', 345000, 'ophxa5.jpg', 'sGxcr8Ap', 12000, 'Đen,L', 9),
	(61, NULL, '2023-11-27 02:46:17', NULL, 'admin9193', 'ACTIVE', 360000, 'oxjvWV.jpg', 'X8JncyDE', 12000, 'Đen,XL', 9),
	(62, NULL, '2023-11-27 02:48:58', NULL, 'admin9193', 'ACTIVE', 340000, 'i4mTHm.jpg', 'SCFdtGr5', 12000, 'Đen,M', 10),
	(63, NULL, '2023-11-27 02:48:58', NULL, 'admin9193', 'ACTIVE', 355000, 'ycg5P2.jpg', '6fzo9LCS', 12000, 'Đen,L', 10),
	(64, NULL, '2023-11-27 02:53:09', NULL, 'admin9193', 'ACTIVE', 155000, 'oX72hg.jpg', 'TGod8s6H', 12000, 'Đen,M', 11),
	(65, NULL, '2023-11-27 02:53:09', NULL, 'admin9193', 'ACTIVE', 165000, 'cd7KVX.jpg', 'OmjkFhP1', 12000, 'Đen,XL', 11),
	(66, NULL, '2023-11-27 02:53:09', NULL, 'admin9193', 'ACTIVE', 145000, 'W4x7fM.jpg', 'GirCZsxV', 12000, 'Be,M', 11),
	(67, NULL, '2023-11-27 02:53:09', NULL, 'admin9193', 'ACTIVE', 155000, 'FSFhCo.jpg', 'ZpBR22Kz', 12000, 'Be,XL', 11),
	(68, NULL, '2023-11-27 02:56:20', NULL, 'admin9193', 'ACTIVE', 169000, 'ihTckW.jpg', 'CBCrFbC7', 12000, 'Đen,M', 12),
	(69, NULL, '2023-11-27 02:56:20', NULL, 'admin9193', 'ACTIVE', 179000, 'HT85Ez.jpg', '9x1Iyyef', 12000, 'Đen,XL', 12),
	(72, NULL, '2023-11-27 03:00:35', NULL, 'admin9193', 'ACTIVE', 180000, '7s7eme.jpg', 'RzV3aLzA', 12000, 'Đen,M', 14),
	(73, NULL, '2023-11-27 03:00:35', NULL, 'admin9193', 'ACTIVE', 185000, 'meBYJW.jpg', '3pex9fkh', 12000, 'Đen,XL', 14),
	(74, NULL, '2023-11-27 03:00:35', NULL, 'admin9193', 'ACTIVE', 179000, '5gZVdq.jpg', 'jm7AvABa', 12000, 'Trắng,M', 14),
	(75, NULL, '2023-11-27 03:00:35', NULL, 'admin9193', 'ACTIVE', 189000, 'lQiHsi.jpg', 'grPcKRYd', 12000, 'Trắng,XL', 14),
	(79, NULL, '2023-11-27 03:03:37', NULL, 'admin9193', 'ACTIVE', 178000, 'u9TqOO.jpg', 'BvHrlC5C', 12000, 'Đen,M', 18),
	(80, NULL, '2023-11-27 03:03:37', NULL, 'admin9193', 'ACTIVE', 175000, 'DjrOcD.jpg', 'FqqZoJpg', 12000, 'Đen,XL', 18),
	(81, NULL, '2023-11-27 03:06:11', NULL, 'admin9193', 'ACTIVE', 149000, 'pAs5se.jpg', 'ygeRHcYy', 12000, 'Be', 19),
	(82, NULL, '2023-11-27 03:06:11', NULL, 'admin9193', 'ACTIVE', 149000, '5fcPg7.jpg', '9KNFu2ps', 12000, 'Đen', 19),
	(85, NULL, '2023-11-27 03:16:46', NULL, 'admin9193', 'ACTIVE', 90000, 'SFNcEp.jpg', 'mC0vHt8M', 12000, 'Be,M', 22),
	(86, NULL, '2023-11-27 03:16:46', NULL, 'admin9193', 'ACTIVE', 95000, 'gBeeje.jpg', 'QKsYDHuQ', 12000, 'Be,XL', 22),
	(87, NULL, '2023-11-27 03:16:46', NULL, 'admin9193', 'ACTIVE', 89000, 'MXjCuc.jpg', 'hnLh3iPX', 12000, 'Xanh,M', 22),
	(88, NULL, '2023-11-27 03:16:46', NULL, 'admin9193', 'ACTIVE', 90000, 'Agig87.jpg', 'RKA6ZX1d', 12000, 'Xanh,XL', 22),
	(89, NULL, '2023-11-27 03:16:46', NULL, 'admin9193', 'ACTIVE', 100000, 'dxcYK1.jpg', 'HbVo72zr', 12000, 'Xám,M', 22),
	(90, NULL, '2023-11-27 03:16:46', NULL, 'admin9193', 'ACTIVE', 95000, 'EmU376.jpg', 'Jq9yqoVM', 12000, 'Xám,XL', 22),
	(91, NULL, '2023-11-27 03:20:51', NULL, 'admin9193', 'ACTIVE', 129000, 'IZnU21.jpg', 'Yd0HSDhe', 12000, 'Trắng', 23),
	(92, NULL, '2023-11-27 03:20:51', NULL, 'admin9193', 'ACTIVE', 135000, '0PQldf.jpg', '8tHKHQEX', 12000, 'Xanh', 23),
	(93, NULL, '2023-11-27 03:20:51', NULL, 'admin9193', 'ACTIVE', 129000, 'B4S4VY.jpg', 'Qpdfpsad', 12000, 'Xám', 23),
	(94, NULL, '2023-11-27 03:25:03', NULL, 'admin9193', 'ACTIVE', 299000, 'cGhYcg.jpg', 'IZMfKTRq', 12000, 'Be', 24),
	(95, NULL, '2023-11-27 03:25:03', NULL, 'admin9193', 'ACTIVE', 305000, '0sECSg.jpg', '1jqXfagn', 12000, 'Nâu', 24),
	(96, NULL, '2023-11-27 03:25:03', NULL, 'admin9193', 'ACTIVE', 295000, 'rdDDQU.jpg', 'l8DhIXQO', 12000, 'Xám', 24),
	(97, NULL, '2023-11-27 03:25:03', NULL, 'admin9193', 'ACTIVE', 300000, 'gICuWg.jpg', 'yuUDjETB', 12000, 'Đen', 24),
	(98, NULL, '2023-11-27 03:29:29', NULL, 'admin9193', 'ACTIVE', 75000, 'cJHtPH.jpg', '2kxiGZgM', 12000, 'Xanh dương', 25),
	(99, NULL, '2023-11-27 03:29:29', NULL, 'admin9193', 'ACTIVE', 79000, 'h8BW6o.jpg', 'TQ2l1agE', 12000, 'Đen', 25),
	(100, NULL, '2023-11-27 03:29:29', NULL, 'admin9193', 'ACTIVE', 75000, 'gpOUel.jpg', 'JcRzcARr', 12000, 'Trắng', 25),
	(101, NULL, '2023-11-27 03:36:20', NULL, 'admin9193', 'ACTIVE', 95870, 'uSzSzd.jpg', 'vyL2eQyb', 12000, 'Xanh,M', 26),
	(102, NULL, '2023-11-27 03:36:20', NULL, 'admin9193', 'ACTIVE', 99000, '8Jy9S2.jpg', '98DoIYno', 12000, 'Xanh,XL', 26),
	(103, NULL, '2023-11-27 03:36:20', NULL, 'admin9193', 'ACTIVE', 98000, 'dMujyb.jpg', 'a7Y8UyeE', 12000, 'Xanh,S', 26),
	(104, NULL, '2023-11-27 03:36:20', NULL, 'admin9193', 'ACTIVE', 100000, '8LeWen.jpg', '6UsOKZGR', 12000, 'Đen,M', 26),
	(105, NULL, '2023-11-27 03:36:20', NULL, 'admin9193', 'ACTIVE', 99000, 'AYGmIJ.jpg', 'yZ0UTQZJ', 12000, 'Đen,XL', 26),
	(106, NULL, '2023-11-27 03:36:20', NULL, 'admin9193', 'ACTIVE', 105000, 'fhOJeO.jpg', 'AuSxSsGI', 12000, 'Đen,S', 26),
	(107, NULL, '2023-11-27 03:36:20', NULL, 'admin9193', 'ACTIVE', 99000, 'XP9QRH.jpg', 'SIK295VG', 12000, 'Trắng,M', 26),
	(108, NULL, '2023-11-27 03:36:20', NULL, 'admin9193', 'ACTIVE', 110000, 'F4RiKD.jpg', '7ZALC6YR', 12000, 'Trắng,XL', 26),
	(109, NULL, '2023-11-27 03:36:20', NULL, 'admin9193', 'ACTIVE', 99000, 'ofgi0L.jpg', 'LRXlyWOZ', 12000, 'Trắng,S', 26),
	(110, NULL, '2023-11-27 03:36:20', NULL, 'admin9193', 'ACTIVE', 95000, 'CcjjZF.jpg', 'dAaSCDML', 12000, 'Xám,M', 26),
	(111, NULL, '2023-11-27 03:36:20', NULL, 'admin9193', 'ACTIVE', 99000, 'roRFHP.jpg', 'qI4SYp7j', 12000, 'Xám,XL', 26),
	(112, NULL, '2023-11-27 03:36:20', NULL, 'admin9193', 'ACTIVE', 98000, 'MTsxTs.jpg', 'bcNflxkx', 12000, 'Xám,S', 26),
	(113, NULL, '2023-11-27 03:40:53', NULL, 'admin9193', 'ACTIVE', 145000, 'v8BWDf.jpg', '6oECdTP1', 12000, 'Đen,30', 27),
	(114, NULL, '2023-11-27 03:40:53', NULL, 'admin9193', 'ACTIVE', 150000, 'Cqi7J9.jpg', 'J6qmtyFd', 12000, 'Đen,31', 27),
	(115, NULL, '2023-11-27 03:40:53', NULL, 'admin9193', 'ACTIVE', 145000, 'Qu5Dfr.jpg', 'zMenZ27U', 12000, 'Đen,32', 27),
	(116, NULL, '2023-11-27 03:40:54', NULL, 'admin9193', 'ACTIVE', 155000, 'V8cEZ9.jpg', 'uJtJiCsK', 12000, 'Xám,30', 27),
	(117, NULL, '2023-11-27 03:40:54', NULL, 'admin9193', 'ACTIVE', 140000, 'EH2Ipn.jpg', 'NKoVYBTg', 12000, 'Xám,31', 27),
	(118, NULL, '2023-11-27 03:40:54', NULL, 'admin9193', 'ACTIVE', 145000, 'kneBzi.jpg', 'Ri6rupx0', 12000, 'Xám,32', 27),
	(119, NULL, '2023-11-27 03:40:54', NULL, 'admin9193', 'ACTIVE', 149000, 'j6AV1M.jpg', 'kXGXPgfz', 12000, 'Xanh nhạt,30', 27),
	(120, NULL, '2023-11-27 03:40:54', NULL, 'admin9193', 'ACTIVE', 144000, 'rYDsmj.jpg', 'RClaP2Ep', 12000, 'Xanh nhạt,31', 27),
	(121, NULL, '2023-11-27 03:40:54', NULL, 'admin9193', 'ACTIVE', 145000, '7L2jsK.jpg', 'iiORoPSu', 12000, 'Xanh nhạt,32', 27),
	(122, NULL, '2023-11-27 15:27:17', NULL, 'admin9193', 'ACTIVE', 125000, 'n3Ruv5.jpg', 'i6Uz7hHs', 12000, 'Đen,M', 28),
	(123, NULL, '2023-11-27 15:27:17', NULL, 'admin9193', 'ACTIVE', 130000, NULL, '6UrMjZS0', 12000, 'Đen,L', 28),
	(124, NULL, '2023-11-27 15:27:17', NULL, 'admin9193', 'ACTIVE', 125000, NULL, 'l7pSmtWP', 12000, 'Đen,XL', 28),
	(125, NULL, '2023-11-27 15:27:17', NULL, 'admin9193', 'ACTIVE', 129000, 'IQznid.jpg', 'lDfUy6Q8', 12000, 'Vàng,M', 28),
	(126, NULL, '2023-11-27 15:27:17', NULL, 'admin9193', 'ACTIVE', 125000, NULL, '0IE9b6r8', 12000, 'Vàng,L', 28),
	(127, NULL, '2023-11-27 15:27:17', NULL, 'admin9193', 'ACTIVE', 130000, NULL, 'otYCcJjf', 12000, 'Vàng,XL', 28),
	(128, NULL, '2023-11-27 15:27:17', NULL, 'admin9193', 'ACTIVE', 125000, 'a5oLH5.jpg', 'ZXclTqAs', 12000, 'Xanh Đậm,M', 28),
	(129, NULL, '2023-11-27 15:27:17', NULL, 'admin9193', 'ACTIVE', 126000, NULL, 't2LME52r', 12000, 'Xanh Đậm,L', 28),
	(130, NULL, '2023-11-27 15:27:17', NULL, 'admin9193', 'ACTIVE', 125000, NULL, 'xfULYpi1', 12000, 'Xanh Đậm,XL', 28),
	(131, NULL, '2023-11-27 15:27:17', NULL, 'admin9193', 'ACTIVE', 129000, 'LroLXy.jpg', 'zIf4hkZs', 12000, 'Xanh Nhạt,M', 28),
	(132, NULL, '2023-11-27 15:27:17', NULL, 'admin9193', 'ACTIVE', 129000, NULL, 'XxM3UrWd', 12000, 'Xanh Nhạt,L', 28),
	(133, NULL, '2023-11-27 15:27:17', NULL, 'admin9193', 'ACTIVE', 126000, NULL, 'tqBGS7I2', 12000, 'Xanh Nhạt,XL', 28),
	(134, NULL, '2023-11-27 15:27:17', NULL, 'admin9193', 'ACTIVE', 125000, 'EnDNcr.jpg', 'qDlkhqII', 12000, 'Xám,M', 28),
	(135, NULL, '2023-11-27 15:27:17', NULL, 'admin9193', 'ACTIVE', 126000, NULL, 'm4ILz0B0', 12000, 'Xám,L', 28),
	(136, NULL, '2023-11-27 15:27:17', NULL, 'admin9193', 'ACTIVE', 129000, NULL, 'p3mpT8sr', 12000, 'Xám,XL', 28),
	(137, NULL, '2023-11-27 15:39:14', NULL, 'admin9193', 'ACTIVE', 170000, '9Lz8Xt.jpg', 'XedAEYd4', 12000, 'Be,M', 29),
	(138, NULL, '2023-11-27 15:39:14', NULL, 'admin9193', 'ACTIVE', 180000, NULL, 'FReNal7z', 12000, 'Be,L', 29),
	(139, NULL, '2023-11-27 15:39:14', NULL, 'admin9193', 'ACTIVE', 170000, NULL, '5MZR6rvJ', 12000, 'Be,XL', 29),
	(140, NULL, '2023-11-27 15:39:14', NULL, 'admin9193', 'ACTIVE', 175000, NULL, 'pumSvb38', 12000, 'Be,2XL', 29),
	(141, NULL, '2023-11-27 15:39:14', NULL, 'admin9193', 'ACTIVE', 170000, 'rHEdhF.jpg', 'bJueL7Dj', 12000, 'Đen,M', 29),
	(142, NULL, '2023-11-27 15:39:14', NULL, 'admin9193', 'ACTIVE', 178000, NULL, 'oJpRirli', 12000, 'Đen,L', 29),
	(143, NULL, '2023-11-27 15:39:14', NULL, 'admin9193', 'ACTIVE', 170000, NULL, 'vej8OjrA', 12000, 'Đen,XL', 29),
	(144, NULL, '2023-11-27 15:39:14', NULL, 'admin9193', 'ACTIVE', 179000, NULL, '3ecc7dNI', 12000, 'Đen,2XL', 29),
	(145, NULL, '2023-11-27 15:42:19', NULL, 'admin9193', 'ACTIVE', 385000, 'J4idhU.jpg', 'K4va0TkC', 12000, 'Đen,M', 30),
	(146, NULL, '2023-11-27 15:42:19', NULL, 'admin9193', 'ACTIVE', 380000, NULL, '0KOoRPe9', 12000, 'Đen,L', 30),
	(147, NULL, '2023-11-27 15:42:19', NULL, 'admin9193', 'ACTIVE', 378000, NULL, 'KEYGlKC1', 12000, 'Đen,XL', 30),
	(148, NULL, '2023-11-27 15:42:19', NULL, 'admin9193', 'ACTIVE', 380000, NULL, '39xy9dEF', 12000, 'Đen,2XL', 30),
	(149, NULL, '2023-11-27 15:42:19', NULL, 'admin9193', 'ACTIVE', 375000, NULL, 'e8xCK07d', 12000, 'Đen,3XL', 30),
	(150, NULL, '2023-11-27 15:42:19', NULL, 'admin9193', 'ACTIVE', 385000, 'S5N2qF.jpg', '71dj2hmN', 12000, 'Xanh Lá,M', 30),
	(151, NULL, '2023-11-27 15:42:19', NULL, 'admin9193', 'ACTIVE', 375000, NULL, 'SqpJ9tDa', 12000, 'Xanh Lá,L', 30),
	(152, NULL, '2023-11-27 15:42:19', NULL, 'admin9193', 'ACTIVE', 380000, NULL, 'UfRJmqn0', 12000, 'Xanh Lá,XL', 30),
	(153, NULL, '2023-11-27 15:42:19', NULL, 'admin9193', 'ACTIVE', 388000, NULL, 'BcOjZYAT', 12000, 'Xanh Lá,2XL', 30),
	(154, NULL, '2023-11-27 15:42:19', NULL, 'admin9193', 'ACTIVE', 380000, NULL, 'MQSA17Sm', 12000, 'Xanh Lá,3XL', 30),
	(155, NULL, '2023-11-27 15:42:19', NULL, 'admin9193', 'ACTIVE', 375000, NULL, 'P42SPzF3', 12000, 'Kaki,M', 30),
	(156, NULL, '2023-11-27 15:42:19', NULL, 'admin9193', 'ACTIVE', 381000, 'zdtBq0.jpg', 'jCOVdgBD', 12000, 'Kaki,L', 30),
	(157, NULL, '2023-11-27 15:42:19', NULL, 'admin9193', 'ACTIVE', 380000, NULL, 'eor0jhdL', 12000, 'Kaki,XL', 30),
	(158, NULL, '2023-11-27 15:42:19', NULL, 'admin9193', 'ACTIVE', 375000, NULL, 'a7pjhL7j', 12000, 'Kaki,2XL', 30),
	(159, NULL, '2023-11-27 15:42:19', NULL, 'admin9193', 'ACTIVE', 380000, NULL, 'GdMGS25O', 12000, 'Kaki,3XL', 30),
	(160, NULL, '2023-11-27 15:44:42', NULL, 'admin9193', 'ACTIVE', 360000, NULL, 'UUbau3nz', 12000, 'M', 31),
	(161, NULL, '2023-11-27 15:44:42', NULL, 'admin9193', 'ACTIVE', 375000, NULL, 'qPuX32nb', 12000, 'L', 31),
	(162, NULL, '2023-11-27 15:44:42', NULL, 'admin9193', 'ACTIVE', 360000, NULL, 'bvnKKJoQ', 12000, 'XL', 31),
	(163, NULL, '2023-11-27 15:44:42', NULL, 'admin9193', 'ACTIVE', 370000, NULL, 'GFgDBBPA', 12000, '2XL', 31),
	(164, NULL, '2023-11-27 15:44:42', NULL, 'admin9193', 'ACTIVE', 360000, NULL, 'ITZtpWjr', 12000, '3XL', 31),
	(165, NULL, '2023-11-27 15:47:45', NULL, 'admin9193', 'ACTIVE', 380000, 'nJ8fjr.jpg', 'QJM4A2jt', 12000, 'Đen,M', 32),
	(166, NULL, '2023-11-27 15:47:45', NULL, 'admin9193', 'ACTIVE', 375000, NULL, 'f3v02BXs', 12000, 'Đen,L', 32),
	(167, NULL, '2023-11-27 15:47:45', NULL, 'admin9193', 'ACTIVE', 380000, NULL, 'xDhCyjid', 12000, 'Đen,XL', 32),
	(168, NULL, '2023-11-27 15:47:45', NULL, 'admin9193', 'ACTIVE', 385000, NULL, 'uECbiq1r', 12000, 'Đen,XXL', 32),
	(169, NULL, '2023-11-27 15:47:45', NULL, 'admin9193', 'ACTIVE', 380000, NULL, 'mZlWvfKN', 12000, 'Đen,3XL', 32),
	(170, NULL, '2023-11-27 15:47:45', NULL, 'admin9193', 'ACTIVE', 375000, 'xlYvAU.jpg', 'oGKe8aXP', 12000, 'Be,M', 32),
	(171, NULL, '2023-11-27 15:47:45', NULL, 'admin9193', 'ACTIVE', 380000, NULL, '0B7KKZtT', 12000, 'Be,L', 32),
	(172, NULL, '2023-11-27 15:47:45', NULL, 'admin9193', 'ACTIVE', 388000, NULL, 'ndySIrU4', 12000, 'Be,XL', 32),
	(173, NULL, '2023-11-27 15:47:45', NULL, 'admin9193', 'ACTIVE', 380000, NULL, 'Y6BDZ2A2', 12000, 'Be,XXL', 32),
	(174, NULL, '2023-11-27 15:47:45', NULL, 'admin9193', 'ACTIVE', 375000, NULL, 'GudWxV10', 12000, 'Be,3XL', 32),
	(175, NULL, '2023-11-27 15:55:39', NULL, 'admin9193', 'ACTIVE', 120000, 'dBsDAL.jpg', 'sLInczYe', 12000, 'Xám,M', 33),
	(176, NULL, '2023-11-27 15:55:39', NULL, 'admin9193', 'ACTIVE', 130000, NULL, 'QMmHBVIT', 12000, 'Xám,L', 33),
	(177, NULL, '2023-11-27 15:55:39', NULL, 'admin9193', 'ACTIVE', 120000, NULL, 'uHkkQ8Rg', 12000, 'Xám,XL', 33),
	(178, NULL, '2023-11-27 15:55:39', NULL, 'admin9193', 'ACTIVE', 140000, NULL, 'ZCnddVpq', 12000, 'Xám,2XL', 33),
	(179, NULL, '2023-11-27 15:55:39', NULL, 'admin9193', 'ACTIVE', 120000, 's9L1EA.jpg', '3xAUlKmh', 12000, 'Xanh nhạt,M', 33),
	(180, NULL, '2023-11-27 15:55:39', NULL, 'admin9193', 'ACTIVE', 130000, NULL, 'tTW4c5ad', 12000, 'Xanh nhạt,L', 33),
	(181, NULL, '2023-11-27 15:55:39', NULL, 'admin9193', 'ACTIVE', 125000, NULL, 'YFu5WDrJ', 12000, 'Xanh nhạt,XL', 33),
	(182, NULL, '2023-11-27 15:55:39', NULL, 'admin9193', 'ACTIVE', 120000, NULL, 'tcAQuj6J', 12000, 'Xanh nhạt,2XL', 33),
	(183, NULL, '2023-11-27 16:02:20', NULL, 'admin9193', 'ACTIVE', 149000, 'rY3INa.jpg', 'eRnEmdqB', 12000, 'JX:90,M', 34),
	(184, NULL, '2023-11-27 16:02:20', NULL, 'admin9193', 'ACTIVE', 155000, NULL, 'xafvvjmC', 12000, 'JX:90,L', 34),
	(185, NULL, '2023-11-27 16:02:20', NULL, 'admin9193', 'ACTIVE', 149000, NULL, 'EZ84qEmo', 12000, 'JX:90,XL', 34),
	(186, NULL, '2023-11-27 16:02:20', NULL, 'admin9193', 'ACTIVE', 150000, NULL, '7zGvvx4h', 12000, 'JX:90,XXL', 34),
	(187, NULL, '2023-11-27 16:02:20', NULL, 'admin9193', 'ACTIVE', 149000, 'QRBefx.jpg', 'eVF570vu', 12000, 'JX:92,M', 34),
	(188, NULL, '2023-11-27 16:02:20', NULL, 'admin9193', 'ACTIVE', 155000, NULL, 'AaiPPv3q', 12000, 'JX:92,L', 34),
	(189, NULL, '2023-11-27 16:02:20', NULL, 'admin9193', 'ACTIVE', 149000, NULL, 'rmmZzSTv', 12000, 'JX:92,XL', 34),
	(190, NULL, '2023-11-27 16:02:20', NULL, 'admin9193', 'ACTIVE', 150000, NULL, 'oZ4tnoDS', 12000, 'JX:92,XXL', 34),
	(191, NULL, '2023-11-27 16:07:29', NULL, 'admin9193', 'ACTIVE', 145000, '0qu6GE.jpg', 'vDxkdfr5', 12000, 'Xanh,30', 35),
	(192, NULL, '2023-11-27 16:07:29', NULL, 'admin9193', 'ACTIVE', 155000, NULL, 'eygiJPA2', 12000, 'Xanh,31', 35),
	(193, NULL, '2023-11-27 16:07:29', NULL, 'admin9193', 'ACTIVE', 145000, NULL, 'qM4cg4JC', 12000, 'Xanh,32', 35),
	(194, NULL, '2023-11-27 16:07:29', NULL, 'admin9193', 'ACTIVE', 150000, NULL, 'ZusUs2aB', 12000, 'Xanh,33', 35),
	(195, NULL, '2023-11-27 16:07:29', NULL, 'admin9193', 'ACTIVE', 145000, NULL, 'PVK5RaAI', 12000, 'Xanh,29', 35),
	(196, NULL, '2023-11-27 16:07:29', NULL, 'admin9193', 'ACTIVE', 150000, NULL, 'REAxb1AU', 12000, 'Xanh,28', 35),
	(197, NULL, '2023-11-27 16:07:29', NULL, 'admin9193', 'ACTIVE', 145000, '3IPzsz.jpg', '2ficnYvk', 12000, 'Đen,30', 35),
	(198, NULL, '2023-11-27 16:07:29', NULL, 'admin9193', 'ACTIVE', 140000, NULL, 'OS4dlimG', 12000, 'Đen,31', 35),
	(199, NULL, '2023-11-27 16:07:29', NULL, 'admin9193', 'ACTIVE', 145000, NULL, 'ybzPILXZ', 12000, 'Đen,32', 35),
	(200, NULL, '2023-11-27 16:07:29', NULL, 'admin9193', 'ACTIVE', 145000, NULL, 'PmyCqFUq', 12000, 'Đen,33', 35),
	(201, NULL, '2023-11-27 16:07:29', NULL, 'admin9193', 'ACTIVE', 155000, NULL, 'ECZjNm5J', 12000, 'Đen,29', 35),
	(202, NULL, '2023-11-27 16:07:29', NULL, 'admin9193', 'ACTIVE', 155000, NULL, '5UB21nGV', 12000, 'Đen,28', 35),
	(203, NULL, '2023-11-27 16:11:30', NULL, 'admin9193', 'ACTIVE', 140000, 'XUHmHC.jpg', 'VofyUQnD', 12000, 'Be,S', 36),
	(204, NULL, '2023-11-27 16:11:30', NULL, 'admin9193', 'ACTIVE', 155000, NULL, 'HACvqqtB', 12000, 'Be,M', 36),
	(205, NULL, '2023-11-27 16:11:30', NULL, 'admin9193', 'ACTIVE', 140000, NULL, 'CocxCGHu', 12000, 'Be,L', 36),
	(206, NULL, '2023-11-27 16:11:30', NULL, 'admin9193', 'ACTIVE', 150000, NULL, 'ReCaVMLK', 12000, 'Be,XL', 36),
	(207, NULL, '2023-11-27 16:11:30', NULL, 'admin9193', 'ACTIVE', 140000, 'UbKQrH.jpg', 'qterenDc', 12000, 'Đen,S', 36),
	(208, NULL, '2023-11-27 16:11:30', NULL, 'admin9193', 'ACTIVE', 155000, NULL, 'vUBp6Aa7', 12000, 'Đen,M', 36),
	(209, NULL, '2023-11-27 16:11:30', NULL, 'admin9193', 'ACTIVE', 145000, NULL, 'cE6KVytS', 12000, 'Đen,L', 36),
	(210, NULL, '2023-11-27 16:11:30', NULL, 'admin9193', 'ACTIVE', 150000, NULL, 'uIA1TURq', 12000, 'Đen,XL', 36),
	(211, NULL, '2023-11-27 16:11:30', NULL, 'admin9193', 'ACTIVE', 140000, 'YGsMrj.jpg', 'y3OdrzgB', 12000, 'Nâu,S', 36),
	(212, NULL, '2023-11-27 16:11:31', NULL, 'admin9193', 'ACTIVE', 145000, NULL, '9e4OLO7C', 12000, 'Nâu,M', 36),
	(213, NULL, '2023-11-27 16:11:31', NULL, 'admin9193', 'ACTIVE', 140000, NULL, '19BqoCpx', 12000, 'Nâu,L', 36),
	(214, NULL, '2023-11-27 16:11:31', NULL, 'admin9193', 'ACTIVE', 145000, NULL, 'YiNK8mMt', 12000, 'Nâu,XL', 36),
	(215, NULL, '2023-11-27 16:18:34', NULL, 'admin9193', 'ACTIVE', 145000, NULL, 'QbWUJyCR', 12000, '28', 37),
	(216, NULL, '2023-11-27 16:18:34', NULL, 'admin9193', 'ACTIVE', 155000, NULL, 'T9UiqrPz', 12000, '29', 37),
	(217, NULL, '2023-11-27 16:18:34', NULL, 'admin9193', 'ACTIVE', 165000, NULL, 'kUBBv6bg', 12000, '30', 37),
	(218, NULL, '2023-11-27 16:18:34', NULL, 'admin9193', 'ACTIVE', 150000, NULL, 'LtqrnVuS', 12000, '31', 37),
	(219, NULL, '2023-11-27 16:18:34', NULL, 'admin9193', 'ACTIVE', 145000, NULL, 'C5skX4fu', 12000, '32', 37),
	(220, NULL, '2023-11-27 16:24:18', NULL, 'admin9193', 'ACTIVE', 280000, 'AT5UCS.jpg', 'AX6rfZrI', 12000, 'Đen,M', 38),
	(221, NULL, '2023-11-27 16:24:18', NULL, 'admin9193', 'ACTIVE', 300000, NULL, 'Ej2UJdZu', 12000, 'Đen,L', 38),
	(222, NULL, '2023-11-27 16:24:18', NULL, 'admin9193', 'ACTIVE', 280000, NULL, 'jyp0CUPu', 12000, 'Đen,XL', 38),
	(223, NULL, '2023-11-27 16:24:18', NULL, 'admin9193', 'ACTIVE', 280000, NULL, 'mrjeIbjy', 12000, 'Đen,2XL', 38),
	(224, NULL, '2023-11-27 16:24:18', NULL, 'admin9193', 'ACTIVE', 290000, '6Tuepb.jpg', 'Z5GQgpnt', 12000, 'Xanh Nhạt,M', 38),
	(225, NULL, '2023-11-27 16:24:18', NULL, 'admin9193', 'ACTIVE', 280000, NULL, 'uOclT0YA', 12000, 'Xanh Nhạt,L', 38),
	(226, NULL, '2023-11-27 16:24:18', NULL, 'admin9193', 'ACTIVE', 285000, NULL, '8Kao0oZy', 12000, 'Xanh Nhạt,XL', 38),
	(227, NULL, '2023-11-27 16:24:18', NULL, 'admin9193', 'ACTIVE', 280000, NULL, 'GeUKsaro', 12000, 'Xanh Nhạt,2XL', 38),
	(228, NULL, '2023-11-27 16:29:04', NULL, 'admin9193', 'ACTIVE', 340000, NULL, '9bLopIMV', 12000, 'M', 39),
	(229, NULL, '2023-11-27 16:29:04', NULL, 'admin9193', 'ACTIVE', 345000, NULL, 'oT2NUFkP', 12000, 'L', 39),
	(230, NULL, '2023-11-27 16:29:04', NULL, 'admin9193', 'ACTIVE', 350000, NULL, 'yROZb6Qf', 12000, 'XL', 39),
	(231, NULL, '2023-11-27 16:29:04', NULL, 'admin9193', 'ACTIVE', 340000, NULL, 'Pd6GJvX5', 12000, '2XL', 39),
	(232, NULL, '2023-11-27 16:40:54', NULL, 'admin9193', 'ACTIVE', 350000, NULL, 'O3uPAKHW', 12000, 'M', 41),
	(233, NULL, '2023-11-27 16:40:54', NULL, 'admin9193', 'ACTIVE', 360000, NULL, 'oCxrPLde', 12000, 'L', 41),
	(234, NULL, '2023-11-27 16:40:54', NULL, 'admin9193', 'ACTIVE', 355000, NULL, 's1QP6QW6', 12000, 'XL', 41),
	(235, NULL, '2023-11-27 16:48:19', NULL, 'admin9193', 'ACTIVE', 199000, NULL, 'vlQCrYkp', 12000, 'M', 42),
	(236, NULL, '2023-11-27 16:48:19', NULL, 'admin9193', 'ACTIVE', 200000, NULL, 'nn7nRUEe', 12000, 'L', 42),
	(237, NULL, '2023-11-27 16:48:19', NULL, 'admin9193', 'ACTIVE', 210000, NULL, 'DHnGDkeX', 12000, 'XL', 42),
	(238, NULL, '2023-12-09 05:23:49', NULL, 'admin9193', 'ACTIVE', 379000, 'xFNS0O.jpg', 'HAPdtgLS', 12000, 'Đen,M,Địa Cầu', 43),
	(239, NULL, '2023-12-09 05:23:49', NULL, 'admin9193', 'ACTIVE', 380000, NULL, 'N13AGniV', 12000, 'Đen,M,Họa Hình', 43),
	(240, NULL, '2023-12-09 05:23:49', NULL, 'admin9193', 'ACTIVE', 380000, NULL, 'hrxXuRiN', 12000, 'Đen,L,Địa Cầu', 43),
	(241, NULL, '2023-12-09 05:23:49', NULL, 'admin9193', 'ACTIVE', 379000, NULL, '1kvZcEkj', 12000, 'Đen,L,Họa Hình', 43),
	(242, NULL, '2023-12-09 05:23:49', NULL, 'admin9193', 'ACTIVE', 385000, NULL, '6Feddyl4', 12000, 'Đen,XL,Địa Cầu', 43),
	(243, NULL, '2023-12-09 05:23:49', NULL, 'admin9193', 'ACTIVE', 379000, NULL, 'vcIfVi3u', 12000, 'Đen,XL,Họa Hình', 43),
	(244, NULL, '2023-12-09 05:23:49', NULL, 'admin9193', 'ACTIVE', 385000, 'TnMzIX.jpg', 'uhZBnJiu', 12000, 'Be,M,Địa Cầu', 43),
	(245, NULL, '2023-12-09 05:23:49', NULL, 'admin9193', 'ACTIVE', 379000, NULL, 'eSMdL4jX', 12000, 'Be,M,Họa Hình', 43),
	(246, NULL, '2023-12-09 05:23:49', NULL, 'admin9193', 'ACTIVE', 380000, NULL, 'KIEzeJAI', 12000, 'Be,L,Địa Cầu', 43),
	(247, NULL, '2023-12-09 05:23:49', NULL, 'admin9193', 'ACTIVE', 380000, NULL, 'WoOrQ7yi', 12000, 'Be,L,Họa Hình', 43),
	(248, NULL, '2023-12-09 05:23:49', NULL, 'admin9193', 'ACTIVE', 385000, NULL, '013jGpPk', 12000, 'Be,XL,Địa Cầu', 43),
	(249, NULL, '2023-12-09 05:23:49', NULL, 'admin9193', 'ACTIVE', 379000, NULL, 'Zmq04H0a', 12000, 'Be,XL,Họa Hình', 43),
	(250, NULL, '2023-12-09 05:23:50', NULL, 'admin9193', 'ACTIVE', 379000, 'DrmnNx.jpg', 'TnG5vUJy', 12000, 'Xanh Xám,M,Địa Cầu', 43),
	(251, NULL, '2023-12-09 05:23:50', NULL, 'admin9193', 'ACTIVE', 380000, NULL, 'Whs0bm95', 12000, 'Xanh Xám,M,Họa Hình', 43),
	(252, NULL, '2023-12-09 05:23:50', NULL, 'admin9193', 'ACTIVE', 379000, NULL, 'C1qRdz6L', 12000, 'Xanh Xám,L,Địa Cầu', 43),
	(253, NULL, '2023-12-09 05:23:50', NULL, 'admin9193', 'ACTIVE', 380000, NULL, 'PWbfAONW', 12000, 'Xanh Xám,L,Họa Hình', 43),
	(254, NULL, '2023-12-09 05:23:50', NULL, 'admin9193', 'ACTIVE', 379000, NULL, 'TfTyefRe', 12000, 'Xanh Xám,XL,Địa Cầu', 43),
	(255, NULL, '2023-12-09 05:23:50', NULL, 'admin9193', 'ACTIVE', 385000, NULL, 'prh2PD0o', 12000, 'Xanh Xám,XL,Họa Hình', 43),
	(256, NULL, '2023-12-09 05:27:29', NULL, 'admin9193', 'ACTIVE', 225000, 'mIktVG.jpg', '2noHqYyd', 12000, 'Xanh,29,Dáng Xuông', 44),
	(257, NULL, '2023-12-09 05:27:29', NULL, 'admin9193', 'ACTIVE', 230000, NULL, 'Mup2pnzG', 12000, 'Xanh,29,Dáng Ống Loe', 44),
	(258, NULL, '2023-12-09 05:27:29', NULL, 'admin9193', 'ACTIVE', 225000, NULL, 'qZeXohGK', 12000, 'Xanh,30,Dáng Xuông', 44),
	(259, NULL, '2023-12-09 05:27:29', NULL, 'admin9193', 'ACTIVE', 230000, NULL, 'KbNWUzqQ', 12000, 'Xanh,30,Dáng Ống Loe', 44),
	(260, NULL, '2023-12-09 05:27:29', NULL, 'admin9193', 'ACTIVE', 229000, NULL, 'BnvVefV0', 12000, 'Xanh,31,Dáng Xuông', 44),
	(261, NULL, '2023-12-09 05:27:30', NULL, 'admin9193', 'ACTIVE', 235000, NULL, 'nmmXm5VV', 12000, 'Xanh,31,Dáng Ống Loe', 44),
	(262, NULL, '2023-12-09 05:27:30', NULL, 'admin9193', 'ACTIVE', 230000, NULL, 'LSuFY4ST', 12000, 'Xanh,32,Dáng Xuông', 44),
	(263, NULL, '2023-12-09 05:27:30', NULL, 'admin9193', 'ACTIVE', 225000, NULL, 'pFSJer2s', 12000, 'Xanh,32,Dáng Ống Loe', 44),
	(264, NULL, '2023-12-09 05:27:30', NULL, 'admin9193', 'ACTIVE', 230000, 'sce4AK.jpg', 'cn2y9CCL', 12000, 'Đen,29,Dáng Xuông', 44),
	(265, NULL, '2023-12-09 05:27:30', NULL, 'admin9193', 'ACTIVE', 225000, NULL, 'X1eH7QMZ', 12000, 'Đen,29,Dáng Ống Loe', 44),
	(266, NULL, '2023-12-09 05:27:30', NULL, 'admin9193', 'ACTIVE', 230000, NULL, 'Mi6mSioq', 12000, 'Đen,30,Dáng Xuông', 44),
	(267, NULL, '2023-12-09 05:27:30', NULL, 'admin9193', 'ACTIVE', 225000, NULL, 'NLGkFWs0', 12000, 'Đen,30,Dáng Ống Loe', 44),
	(268, NULL, '2023-12-09 05:27:30', NULL, 'admin9193', 'ACTIVE', 230000, NULL, 'pE7nI1Z6', 12000, 'Đen,31,Dáng Xuông', 44),
	(269, NULL, '2023-12-09 05:27:30', NULL, 'admin9193', 'ACTIVE', 225000, NULL, 'gCoVmJZG', 12000, 'Đen,31,Dáng Ống Loe', 44),
	(270, NULL, '2023-12-09 05:27:30', NULL, 'admin9193', 'ACTIVE', 235000, NULL, 'BShoPUlf', 12000, 'Đen,32,Dáng Xuông', 44),
	(271, NULL, '2023-12-09 05:27:30', NULL, 'admin9193', 'ACTIVE', 225000, NULL, 'HIkiWz5B', 12000, 'Đen,32,Dáng Ống Loe', 44),
	(272, NULL, '2023-12-09 05:29:47', NULL, 'admin9193', 'ACTIVE', 120000, 'znId4O.jpg', 'Ad2uCsa6', 12000, 'Đen,M,Cổ dài', 45),
	(273, NULL, '2023-12-09 05:29:47', NULL, 'admin9193', 'ACTIVE', 129000, NULL, '6EClQGt0', 12000, 'Đen,M,Cổ thấp', 45),
	(274, NULL, '2023-12-09 05:29:47', NULL, 'admin9193', 'ACTIVE', 130000, NULL, '8nC0pG28', 12000, 'Đen,L,Cổ dài', 45),
	(275, NULL, '2023-12-09 05:29:47', NULL, 'admin9193', 'ACTIVE', 129000, NULL, 'mgZLPnZs', 12000, 'Đen,L,Cổ thấp', 45),
	(276, NULL, '2023-12-09 05:29:47', NULL, 'admin9193', 'ACTIVE', 120000, NULL, 'TfnqxPa1', 12000, 'Đen,XL,Cổ dài', 45),
	(277, NULL, '2023-12-09 05:29:47', NULL, 'admin9193', 'ACTIVE', 125000, NULL, 'OUp9gkuj', 12000, 'Đen,XL,Cổ thấp', 45),
	(278, NULL, '2023-12-09 05:29:47', NULL, 'admin9193', 'ACTIVE', 120000, '4l4O5I.jpg', '7PkNFCZl', 12000, 'Xám,M,Cổ dài', 45),
	(279, NULL, '2023-12-09 05:29:47', NULL, 'admin9193', 'ACTIVE', 129000, NULL, 'Qs3y2I3V', 12000, 'Xám,M,Cổ thấp', 45),
	(280, NULL, '2023-12-09 05:29:47', NULL, 'admin9193', 'ACTIVE', 130000, NULL, 'ExQpDIZE', 12000, 'Xám,L,Cổ dài', 45),
	(281, NULL, '2023-12-09 05:29:47', NULL, 'admin9193', 'ACTIVE', 129000, NULL, '9yMzHhdI', 12000, 'Xám,L,Cổ thấp', 45),
	(282, NULL, '2023-12-09 05:29:47', NULL, 'admin9193', 'ACTIVE', 120000, NULL, 'ufqrWKN7', 12000, 'Xám,XL,Cổ dài', 45),
	(283, NULL, '2023-12-09 05:29:47', NULL, 'admin9193', 'ACTIVE', 125000, NULL, 'EjDlfK3X', 12000, 'Xám,XL,Cổ thấp', 45),
	(284, NULL, '2023-12-09 05:29:47', NULL, 'admin9193', 'ACTIVE', 120000, 'iUdFbI.jpg', 'G4hPmQES', 12000, 'Trắng,M,Cổ dài', 45),
	(285, NULL, '2023-12-09 05:29:47', NULL, 'admin9193', 'ACTIVE', 129000, NULL, 'vAh2kHBr', 12000, 'Trắng,M,Cổ thấp', 45),
	(286, NULL, '2023-12-09 05:29:47', NULL, 'admin9193', 'ACTIVE', 130000, NULL, 'iz0WsD2Y', 12000, 'Trắng,L,Cổ dài', 45),
	(287, NULL, '2023-12-09 05:29:47', NULL, 'admin9193', 'ACTIVE', 134000, NULL, 's3TdUMrs', 12000, 'Trắng,L,Cổ thấp', 45),
	(288, NULL, '2023-12-09 05:29:47', NULL, 'admin9193', 'ACTIVE', 125000, NULL, '96ONB8kR', 12000, 'Trắng,XL,Cổ dài', 45),
	(289, NULL, '2023-12-09 05:29:48', NULL, 'admin9193', 'ACTIVE', 120000, NULL, 'rrBA6jRa', 12000, 'Trắng,XL,Cổ thấp', 45),
	(290, NULL, '2023-12-09 05:29:48', NULL, 'admin9193', 'ACTIVE', 129000, 'scguyv.jpg', 'jbJthRVx', 12000, 'Xanh Than,M,Cổ dài', 45),
	(291, NULL, '2023-12-09 05:29:48', NULL, 'admin9193', 'ACTIVE', 120000, NULL, 'lBU33L3c', 12000, 'Xanh Than,M,Cổ thấp', 45),
	(292, NULL, '2023-12-09 05:29:48', NULL, 'admin9193', 'ACTIVE', 129000, NULL, 'NUS7UGpG', 12000, 'Xanh Than,L,Cổ dài', 45),
	(293, NULL, '2023-12-09 05:29:48', NULL, 'admin9193', 'ACTIVE', 120000, NULL, 'JxM9ONk6', 12000, 'Xanh Than,L,Cổ thấp', 45),
	(294, NULL, '2023-12-09 05:29:48', NULL, 'admin9193', 'ACTIVE', 130000, NULL, 'h2zdQgsG', 12000, 'Xanh Than,XL,Cổ dài', 45),
	(295, NULL, '2023-12-09 05:29:48', NULL, 'admin9193', 'ACTIVE', 135000, NULL, 'QdX867qr', 12000, 'Xanh Than,XL,Cổ thấp', 45),
	(296, NULL, '2023-12-09 05:33:09', NULL, 'admin9193', 'ACTIVE', 249000, 'CFanXL.jpg', 'YHa5Avvc', 12000, 'Đen,M,Vải Cotton', 46),
	(297, NULL, '2023-12-09 05:33:09', NULL, 'admin9193', 'ACTIVE', 250000, NULL, 'PSvP64Gi', 12000, 'Đen,M,Vải Corona', 46),
	(298, NULL, '2023-12-09 05:33:09', NULL, 'admin9193', 'ACTIVE', 245000, NULL, 'Xp3D1vBF', 12000, 'Đen,L,Vải Cotton', 46),
	(299, NULL, '2023-12-09 05:33:09', NULL, 'admin9193', 'ACTIVE', 250000, NULL, 'B23JWB2e', 12000, 'Đen,L,Vải Corona', 46),
	(300, NULL, '2023-12-09 05:33:09', NULL, 'admin9193', 'ACTIVE', 249000, NULL, 'rPPoQIzO', 12000, 'Đen,XL,Vải Cotton', 46),
	(301, NULL, '2023-12-09 05:33:09', NULL, 'admin9193', 'ACTIVE', 249000, NULL, 'XChp0qlv', 12000, 'Đen,XL,Vải Corona', 46),
	(302, NULL, '2023-12-09 05:33:10', NULL, 'admin9193', 'ACTIVE', 255000, NULL, 'fZ9NuAun', 12000, 'Đen,S,Vải Cotton', 46),
	(303, NULL, '2023-12-09 05:33:10', NULL, 'admin9193', 'ACTIVE', 249000, NULL, 'Ap3n9E3h', 12000, 'Đen,S,Vải Corona', 46),
	(304, NULL, '2023-12-09 05:33:10', NULL, 'admin9193', 'ACTIVE', 250000, 'vnCfpl.jpg', 'Vscr3YIF', 12000, 'Be,M,Vải Cotton', 46),
	(305, NULL, '2023-12-09 05:33:10', NULL, 'admin9193', 'ACTIVE', 249000, NULL, 'nZiPXaVE', 12000, 'Be,M,Vải Corona', 46),
	(306, NULL, '2023-12-09 05:33:10', NULL, 'admin9193', 'ACTIVE', 255000, NULL, '9jNHj21R', 12000, 'Be,L,Vải Cotton', 46),
	(307, NULL, '2023-12-09 05:33:10', NULL, 'admin9193', 'ACTIVE', 250000, NULL, 'H4qnSxjd', 12000, 'Be,L,Vải Corona', 46),
	(308, NULL, '2023-12-09 05:33:10', NULL, 'admin9193', 'ACTIVE', 250000, NULL, 'FUBfvzLA', 12000, 'Be,XL,Vải Cotton', 46),
	(309, NULL, '2023-12-09 05:33:10', NULL, 'admin9193', 'ACTIVE', 245000, NULL, 'FxQN5xVl', 12000, 'Be,XL,Vải Corona', 46),
	(310, NULL, '2023-12-09 05:33:10', NULL, 'admin9193', 'ACTIVE', 249000, NULL, 'sLxgWA13', 12000, 'Be,S,Vải Cotton', 46),
	(311, NULL, '2023-12-09 05:33:10', NULL, 'admin9193', 'ACTIVE', 249000, NULL, 'n1dZ7VZr', 12000, 'Be,S,Vải Corona', 46),
	(312, NULL, '2023-12-09 05:35:35', NULL, 'admin9193', 'ACTIVE', 279000, '1cdaBH.jpg', 'bHPu0jZd', 12000, 'Xanh,S,Logo', 47),
	(313, NULL, '2023-12-09 05:35:35', NULL, 'admin9193', 'ACTIVE', 280000, NULL, 'FyQF31BY', 12000, 'Xanh,S,Chữ cái', 47),
	(314, NULL, '2023-12-09 05:35:35', NULL, 'admin9193', 'ACTIVE', 279000, NULL, '1MrpcfPG', 12000, 'Xanh,L,Logo', 47),
	(315, NULL, '2023-12-09 05:35:35', NULL, 'admin9193', 'ACTIVE', 285000, NULL, 'qRNXM91s', 12000, 'Xanh,L,Chữ cái', 47),
	(316, NULL, '2023-12-09 05:35:35', NULL, 'admin9193', 'ACTIVE', 280000, NULL, 'S8LBjd3W', 12000, 'Xanh,XL,Logo', 47),
	(317, NULL, '2023-12-09 05:35:35', NULL, 'admin9193', 'ACTIVE', 279000, NULL, '7LGppDQL', 12000, 'Xanh,XL,Chữ cái', 47),
	(318, NULL, '2023-12-09 05:35:35', NULL, 'admin9193', 'ACTIVE', 279000, NULL, 'JrnncEz9', 12000, 'Xanh,XXL,Logo', 47),
	(319, NULL, '2023-12-09 05:35:35', NULL, 'admin9193', 'ACTIVE', 280000, NULL, '2MokOjL0', 12000, 'Xanh,XXL,Chữ cái', 47),
	(320, NULL, '2023-12-09 05:35:35', NULL, 'admin9193', 'ACTIVE', 280000, 'fpHXuH.jpg', 'psWF2mCg', 12000, 'Trắng,S,Logo', 47),
	(321, NULL, '2023-12-09 05:35:35', NULL, 'admin9193', 'ACTIVE', 285000, NULL, 'HkBc26hH', 12000, 'Trắng,S,Chữ cái', 47),
	(322, NULL, '2023-12-09 05:35:35', NULL, 'admin9193', 'ACTIVE', 279000, NULL, '4B3WkJEo', 12000, 'Trắng,L,Logo', 47),
	(323, NULL, '2023-12-09 05:35:35', NULL, 'admin9193', 'ACTIVE', 285000, NULL, 'NUQixXdf', 12000, 'Trắng,L,Chữ cái', 47),
	(324, NULL, '2023-12-09 05:35:35', NULL, 'admin9193', 'ACTIVE', 285000, NULL, 'fKZfWBb2', 12000, 'Trắng,XL,Logo', 47),
	(325, NULL, '2023-12-09 05:35:35', NULL, 'admin9193', 'ACTIVE', 280000, NULL, 'mHvj1f9p', 12000, 'Trắng,XL,Chữ cái', 47),
	(326, NULL, '2023-12-09 05:35:35', NULL, 'admin9193', 'ACTIVE', 279000, NULL, 'b6ZNdxHP', 12000, 'Trắng,XXL,Logo', 47),
	(327, NULL, '2023-12-09 05:35:35', NULL, 'admin9193', 'ACTIVE', 289000, NULL, 'rVEkEKek', 12000, 'Trắng,XXL,Chữ cái', 47),
	(328, NULL, '2023-12-09 05:42:32', NULL, 'admin9193', 'ACTIVE', 135000, 'fxk6ku.jpg', 'yHWALpxb', 12000, 'Xanh,M,Vải Cotton,Địa Cầu', 48),
	(329, NULL, '2023-12-09 05:42:32', NULL, 'admin9193', 'ACTIVE', 140000, NULL, 'zn5h0FgK', 12000, 'Xanh,M,Vải Cotton,Mặt Trăng', 48),
	(330, NULL, '2023-12-09 05:42:32', NULL, 'admin9193', 'ACTIVE', 145000, NULL, 'GrqyqNKV', 12000, 'Xanh,M,Vải Cotton,Bầu Trời', 48),
	(331, NULL, '2023-12-09 05:42:32', NULL, 'admin9193', 'ACTIVE', 135000, NULL, 'sRdGuKD1', 12000, 'Xanh,M,Vải Cotton,Họa Hình', 48),
	(332, NULL, '2023-12-09 05:42:32', NULL, 'admin9193', 'ACTIVE', 140000, NULL, 'QihOCygq', 12000, 'Xanh,M,Vải Kate,Địa Cầu', 48),
	(333, NULL, '2023-12-09 05:42:32', NULL, 'admin9193', 'ACTIVE', 135000, NULL, 'pLh8dROl', 12000, 'Xanh,M,Vải Kate,Mặt Trăng', 48),
	(334, NULL, '2023-12-09 05:42:32', NULL, 'admin9193', 'ACTIVE', 145000, NULL, 'hqLhGvmj', 12000, 'Xanh,M,Vải Kate,Bầu Trời', 48),
	(335, NULL, '2023-12-09 05:42:32', NULL, 'admin9193', 'ACTIVE', 135000, NULL, 'NLhJmIcq', 12000, 'Xanh,M,Vải Kate,Họa Hình', 48),
	(336, NULL, '2023-12-09 05:42:32', NULL, 'admin9193', 'ACTIVE', 140000, NULL, '0iXZZVuc', 12000, 'Xanh,M,Vải Visco,Địa Cầu', 48),
	(337, NULL, '2023-12-09 05:42:32', NULL, 'admin9193', 'ACTIVE', 144000, NULL, 'POtZZQbn', 12000, 'Xanh,M,Vải Visco,Mặt Trăng', 48),
	(338, NULL, '2023-12-09 05:42:32', NULL, 'admin9193', 'ACTIVE', 135000, NULL, 'Rx8OIG0p', 12000, 'Xanh,M,Vải Visco,Bầu Trời', 48),
	(339, NULL, '2023-12-09 05:42:32', NULL, 'admin9193', 'ACTIVE', 149000, NULL, 'TO1LzLHf', 12000, 'Xanh,M,Vải Visco,Họa Hình', 48),
	(340, '2023-12-19 04:27:19', '2023-12-09 05:42:32', 'admin9193', 'admin9193', 'ACTIVE', 145000, NULL, '7qDtllPE', 11998, 'Xanh,L,Vải Cotton,Địa Cầu', 48),
	(341, NULL, '2023-12-09 05:42:32', NULL, 'admin9193', 'ACTIVE', 140000, NULL, 'JaqrGV2c', 12000, 'Xanh,L,Vải Cotton,Mặt Trăng', 48),
	(342, NULL, '2023-12-09 05:42:32', NULL, 'admin9193', 'ACTIVE', 135000, NULL, 'tF4cIqnH', 12000, 'Xanh,L,Vải Cotton,Bầu Trời', 48),
	(343, NULL, '2023-12-09 05:42:32', NULL, 'admin9193', 'ACTIVE', 140000, NULL, 'aAD5ej9H', 12000, 'Xanh,L,Vải Cotton,Họa Hình', 48),
	(344, NULL, '2023-12-09 05:42:32', NULL, 'admin9193', 'ACTIVE', 135000, NULL, 'xspmsftf', 12000, 'Xanh,L,Vải Kate,Địa Cầu', 48),
	(345, NULL, '2023-12-09 05:42:32', NULL, 'admin9193', 'ACTIVE', 135000, NULL, 'BS1WPWfe', 12000, 'Xanh,L,Vải Kate,Mặt Trăng', 48),
	(346, NULL, '2023-12-09 05:42:32', NULL, 'admin9193', 'ACTIVE', 145000, NULL, 'DV54hfCH', 12000, 'Xanh,L,Vải Kate,Bầu Trời', 48),
	(347, NULL, '2023-12-09 05:42:32', NULL, 'admin9193', 'ACTIVE', 140000, NULL, 'cW2WsPO8', 12000, 'Xanh,L,Vải Kate,Họa Hình', 48),
	(348, NULL, '2023-12-09 05:42:32', NULL, 'admin9193', 'ACTIVE', 140000, NULL, 'f13GEM2W', 12000, 'Xanh,L,Vải Visco,Địa Cầu', 48),
	(349, NULL, '2023-12-09 05:42:32', NULL, 'admin9193', 'ACTIVE', 135000, NULL, 'NMGxEYSN', 12000, 'Xanh,L,Vải Visco,Mặt Trăng', 48),
	(350, NULL, '2023-12-09 05:42:32', NULL, 'admin9193', 'ACTIVE', 140000, NULL, 'Kv23Yhgi', 12000, 'Xanh,L,Vải Visco,Bầu Trời', 48),
	(351, NULL, '2023-12-09 05:42:32', NULL, 'admin9193', 'ACTIVE', 135000, NULL, 'kCyuMI11', 12000, 'Xanh,L,Vải Visco,Họa Hình', 48),
	(352, NULL, '2023-12-09 05:42:32', NULL, 'admin9193', 'ACTIVE', 145000, NULL, 'BGt1B8xq', 12000, 'Xanh,XL,Vải Cotton,Địa Cầu', 48),
	(353, NULL, '2023-12-09 05:42:32', NULL, 'admin9193', 'ACTIVE', 135000, NULL, 'h7V6KccT', 12000, 'Xanh,XL,Vải Cotton,Mặt Trăng', 48),
	(354, NULL, '2023-12-09 05:42:32', NULL, 'admin9193', 'ACTIVE', 140000, NULL, '0WQq2Hrd', 12000, 'Xanh,XL,Vải Cotton,Bầu Trời', 48),
	(355, NULL, '2023-12-09 05:42:32', NULL, 'admin9193', 'ACTIVE', 140000, NULL, 'qQmb4dzJ', 12000, 'Xanh,XL,Vải Cotton,Họa Hình', 48),
	(356, NULL, '2023-12-09 05:42:32', NULL, 'admin9193', 'ACTIVE', 135000, NULL, '4dzna8LP', 12000, 'Xanh,XL,Vải Kate,Địa Cầu', 48),
	(357, NULL, '2023-12-09 05:42:32', NULL, 'admin9193', 'ACTIVE', 145000, NULL, 'EqdI437p', 12000, 'Xanh,XL,Vải Kate,Mặt Trăng', 48),
	(358, NULL, '2023-12-09 05:42:32', NULL, 'admin9193', 'ACTIVE', 135000, NULL, 'gnl8xphE', 12000, 'Xanh,XL,Vải Kate,Bầu Trời', 48),
	(359, NULL, '2023-12-09 05:42:32', NULL, 'admin9193', 'ACTIVE', 140000, NULL, '2pH6FN8Z', 12000, 'Xanh,XL,Vải Kate,Họa Hình', 48),
	(360, NULL, '2023-12-09 05:42:32', NULL, 'admin9193', 'ACTIVE', 139000, NULL, 'ub9aE4Qr', 12000, 'Xanh,XL,Vải Visco,Địa Cầu', 48),
	(361, NULL, '2023-12-09 05:42:32', NULL, 'admin9193', 'ACTIVE', 135000, NULL, 'bB0c9DLy', 12000, 'Xanh,XL,Vải Visco,Mặt Trăng', 48),
	(362, NULL, '2023-12-09 05:42:32', NULL, 'admin9193', 'ACTIVE', 135000, NULL, 'oqtTx7yj', 12000, 'Xanh,XL,Vải Visco,Bầu Trời', 48),
	(363, NULL, '2023-12-09 05:42:32', NULL, 'admin9193', 'ACTIVE', 138000, NULL, 'DWSQFA3m', 12000, 'Xanh,XL,Vải Visco,Họa Hình', 48),
	(364, NULL, '2023-12-09 05:42:32', NULL, 'admin9193', 'ACTIVE', 135000, NULL, 'nFly5MYW', 12000, 'Xanh,XXL,Vải Cotton,Địa Cầu', 48),
	(365, NULL, '2023-12-09 05:42:32', NULL, 'admin9193', 'ACTIVE', 138000, NULL, 'sf88Bgnp', 12000, 'Xanh,XXL,Vải Cotton,Mặt Trăng', 48),
	(366, NULL, '2023-12-09 05:42:32', NULL, 'admin9193', 'ACTIVE', 135000, NULL, 'LYEHKnED', 12000, 'Xanh,XXL,Vải Cotton,Bầu Trời', 48),
	(367, NULL, '2023-12-09 05:42:32', NULL, 'admin9193', 'ACTIVE', 140000, NULL, 'efRpD7g1', 12000, 'Xanh,XXL,Vải Cotton,Họa Hình', 48),
	(368, NULL, '2023-12-09 05:42:32', NULL, 'admin9193', 'ACTIVE', 140000, NULL, 'Cn2Y1XxC', 12000, 'Xanh,XXL,Vải Kate,Địa Cầu', 48),
	(369, NULL, '2023-12-09 05:42:32', NULL, 'admin9193', 'ACTIVE', 135000, NULL, 'UnnPPxr0', 12000, 'Xanh,XXL,Vải Kate,Mặt Trăng', 48),
	(370, NULL, '2023-12-09 05:42:32', NULL, 'admin9193', 'ACTIVE', 145000, NULL, 'Ummqg8Nb', 12000, 'Xanh,XXL,Vải Kate,Bầu Trời', 48),
	(371, NULL, '2023-12-09 05:42:32', NULL, 'admin9193', 'ACTIVE', 135000, NULL, 'b9XAjtBO', 12000, 'Xanh,XXL,Vải Kate,Họa Hình', 48),
	(372, NULL, '2023-12-09 05:42:32', NULL, 'admin9193', 'ACTIVE', 140000, NULL, 'eWD4mJp2', 12000, 'Xanh,XXL,Vải Visco,Địa Cầu', 48),
	(373, NULL, '2023-12-09 05:42:32', NULL, 'admin9193', 'ACTIVE', 135000, NULL, 'P9iP0f1i', 12000, 'Xanh,XXL,Vải Visco,Mặt Trăng', 48),
	(374, NULL, '2023-12-09 05:42:32', NULL, 'admin9193', 'ACTIVE', 140000, NULL, 'JSfWCrnt', 12000, 'Xanh,XXL,Vải Visco,Bầu Trời', 48),
	(375, NULL, '2023-12-09 05:42:32', NULL, 'admin9193', 'ACTIVE', 135000, NULL, 'iuKhSpds', 12000, 'Xanh,XXL,Vải Visco,Họa Hình', 48),
	(376, NULL, '2023-12-09 05:42:32', NULL, 'admin9193', 'ACTIVE', 145000, 'Iq8Bzv.jpg', 'uTz5ipj0', 12000, 'Hồng,M,Vải Cotton,Địa Cầu', 48),
	(377, NULL, '2023-12-09 05:42:32', NULL, 'admin9193', 'ACTIVE', 135000, NULL, 'mJyk021m', 12000, 'Hồng,M,Vải Cotton,Mặt Trăng', 48),
	(378, NULL, '2023-12-09 05:42:32', NULL, 'admin9193', 'ACTIVE', 138000, NULL, 'LU6hjq7X', 12000, 'Hồng,M,Vải Cotton,Bầu Trời', 48),
	(379, NULL, '2023-12-09 05:42:32', NULL, 'admin9193', 'ACTIVE', 139000, NULL, 'tdbanS15', 12000, 'Hồng,M,Vải Cotton,Họa Hình', 48),
	(380, NULL, '2023-12-09 05:42:32', NULL, 'admin9193', 'ACTIVE', 135000, NULL, 'v2Zl2EpI', 12000, 'Hồng,M,Vải Kate,Địa Cầu', 48),
	(381, NULL, '2023-12-09 05:42:32', NULL, 'admin9193', 'ACTIVE', 140000, NULL, 'PKM3Y7Zb', 12000, 'Hồng,M,Vải Kate,Mặt Trăng', 48),
	(382, NULL, '2023-12-09 05:42:32', NULL, 'admin9193', 'ACTIVE', 135000, NULL, '3VpgKUd7', 12000, 'Hồng,M,Vải Kate,Bầu Trời', 48),
	(383, NULL, '2023-12-09 05:42:32', NULL, 'admin9193', 'ACTIVE', 140000, NULL, 'MycMCeNU', 12000, 'Hồng,M,Vải Kate,Họa Hình', 48),
	(384, NULL, '2023-12-09 05:42:32', NULL, 'admin9193', 'ACTIVE', 135000, NULL, '4U7qUj8v', 12000, 'Hồng,M,Vải Visco,Địa Cầu', 48),
	(385, NULL, '2023-12-09 05:42:33', NULL, 'admin9193', 'ACTIVE', 140000, NULL, 'XPA3HI5V', 12000, 'Hồng,M,Vải Visco,Mặt Trăng', 48),
	(386, NULL, '2023-12-09 05:42:33', NULL, 'admin9193', 'ACTIVE', 135000, NULL, 'sxeDLPtZ', 12000, 'Hồng,M,Vải Visco,Bầu Trời', 48),
	(387, NULL, '2023-12-09 05:42:33', NULL, 'admin9193', 'ACTIVE', 145000, NULL, 'SbAtaUrG', 12000, 'Hồng,M,Vải Visco,Họa Hình', 48),
	(388, NULL, '2023-12-09 05:42:33', NULL, 'admin9193', 'ACTIVE', 140000, NULL, '139WYpyX', 12000, 'Hồng,L,Vải Cotton,Địa Cầu', 48),
	(389, NULL, '2023-12-09 05:42:33', NULL, 'admin9193', 'ACTIVE', 140000, NULL, 'QBUpSuVW', 12000, 'Hồng,L,Vải Cotton,Mặt Trăng', 48),
	(390, NULL, '2023-12-09 05:42:33', NULL, 'admin9193', 'ACTIVE', 140000, NULL, 'B3KWLZsU', 12000, 'Hồng,L,Vải Cotton,Bầu Trời', 48),
	(391, NULL, '2023-12-09 05:42:33', NULL, 'admin9193', 'ACTIVE', 145000, NULL, 'mssEC4gb', 12000, 'Hồng,L,Vải Cotton,Họa Hình', 48),
	(392, NULL, '2023-12-09 05:42:33', NULL, 'admin9193', 'ACTIVE', 139000, NULL, 'W1CL1M4l', 12000, 'Hồng,L,Vải Kate,Địa Cầu', 48),
	(393, NULL, '2023-12-09 05:42:33', NULL, 'admin9193', 'ACTIVE', 135000, NULL, 'MbLZsty0', 12000, 'Hồng,L,Vải Kate,Mặt Trăng', 48),
	(394, NULL, '2023-12-09 05:42:33', NULL, 'admin9193', 'ACTIVE', 140000, NULL, 'a1FsYFm4', 12000, 'Hồng,L,Vải Kate,Bầu Trời', 48),
	(395, NULL, '2023-12-09 05:42:33', NULL, 'admin9193', 'ACTIVE', 140000, NULL, 'rLRBTbEr', 12000, 'Hồng,L,Vải Kate,Họa Hình', 48),
	(396, NULL, '2023-12-09 05:42:33', NULL, 'admin9193', 'ACTIVE', 145000, NULL, 'WpMnQR3r', 12000, 'Hồng,L,Vải Visco,Địa Cầu', 48),
	(397, NULL, '2023-12-09 05:42:33', NULL, 'admin9193', 'ACTIVE', 139000, NULL, '7XIj5pTp', 12000, 'Hồng,L,Vải Visco,Mặt Trăng', 48),
	(398, NULL, '2023-12-09 05:42:33', NULL, 'admin9193', 'ACTIVE', 135000, NULL, '0tNCXBCe', 12000, 'Hồng,L,Vải Visco,Bầu Trời', 48),
	(399, NULL, '2023-12-09 05:42:33', NULL, 'admin9193', 'ACTIVE', 135000, NULL, 'Tn5DZsLU', 12000, 'Hồng,L,Vải Visco,Họa Hình', 48),
	(400, NULL, '2023-12-09 05:42:33', NULL, 'admin9193', 'ACTIVE', 135000, NULL, 'NhryV1rg', 12000, 'Hồng,XL,Vải Cotton,Địa Cầu', 48),
	(401, NULL, '2023-12-09 05:42:33', NULL, 'admin9193', 'ACTIVE', 140000, NULL, 'lmEMIvCq', 12000, 'Hồng,XL,Vải Cotton,Mặt Trăng', 48),
	(402, NULL, '2023-12-09 05:42:33', NULL, 'admin9193', 'ACTIVE', 140000, NULL, '8nSEhfGK', 12000, 'Hồng,XL,Vải Cotton,Bầu Trời', 48),
	(403, NULL, '2023-12-09 05:42:33', NULL, 'admin9193', 'ACTIVE', 135000, NULL, 'hvOlANu8', 12000, 'Hồng,XL,Vải Cotton,Họa Hình', 48),
	(404, NULL, '2023-12-09 05:42:33', NULL, 'admin9193', 'ACTIVE', 140000, NULL, '9HQ5bIOj', 12000, 'Hồng,XL,Vải Kate,Địa Cầu', 48),
	(405, NULL, '2023-12-09 05:42:33', NULL, 'admin9193', 'ACTIVE', 145000, NULL, 'x9L4vk77', 12000, 'Hồng,XL,Vải Kate,Mặt Trăng', 48),
	(406, NULL, '2023-12-09 05:42:33', NULL, 'admin9193', 'ACTIVE', 140000, NULL, 'glDJxkcQ', 12000, 'Hồng,XL,Vải Kate,Bầu Trời', 48),
	(407, NULL, '2023-12-09 05:42:33', NULL, 'admin9193', 'ACTIVE', 140000, NULL, 'xx7a8MDB', 12000, 'Hồng,XL,Vải Kate,Họa Hình', 48),
	(408, NULL, '2023-12-09 05:42:33', NULL, 'admin9193', 'ACTIVE', 135000, NULL, 'cAKZ8gtV', 12000, 'Hồng,XL,Vải Visco,Địa Cầu', 48),
	(409, NULL, '2023-12-09 05:42:33', NULL, 'admin9193', 'ACTIVE', 145000, NULL, 'RJRO53Q8', 12000, 'Hồng,XL,Vải Visco,Mặt Trăng', 48),
	(410, NULL, '2023-12-09 05:42:33', NULL, 'admin9193', 'ACTIVE', 13900, NULL, 'qC64rsp6', 12000, 'Hồng,XL,Vải Visco,Bầu Trời', 48),
	(411, NULL, '2023-12-09 05:42:33', NULL, 'admin9193', 'ACTIVE', 140000, NULL, 'AvTaa09J', 12000, 'Hồng,XL,Vải Visco,Họa Hình', 48),
	(412, NULL, '2023-12-09 05:42:33', NULL, 'admin9193', 'ACTIVE', 135000, NULL, 'lM5SaF7T', 12000, 'Hồng,XXL,Vải Cotton,Địa Cầu', 48),
	(413, NULL, '2023-12-09 05:42:33', NULL, 'admin9193', 'ACTIVE', 135000, NULL, 'yPQxJPP1', 12000, 'Hồng,XXL,Vải Cotton,Mặt Trăng', 48),
	(414, NULL, '2023-12-09 05:42:33', NULL, 'admin9193', 'ACTIVE', 135000, NULL, 'YidvuhBj', 12000, 'Hồng,XXL,Vải Cotton,Bầu Trời', 48),
	(415, NULL, '2023-12-09 05:42:33', NULL, 'admin9193', 'ACTIVE', 140000, NULL, 's7s5KC3i', 12000, 'Hồng,XXL,Vải Cotton,Họa Hình', 48),
	(416, NULL, '2023-12-09 05:42:33', NULL, 'admin9193', 'ACTIVE', 135000, NULL, 'nvxtcKqq', 12000, 'Hồng,XXL,Vải Kate,Địa Cầu', 48),
	(417, NULL, '2023-12-09 05:42:33', NULL, 'admin9193', 'ACTIVE', 135000, NULL, 'YqpMdvrF', 12000, 'Hồng,XXL,Vải Kate,Mặt Trăng', 48),
	(418, NULL, '2023-12-09 05:42:33', NULL, 'admin9193', 'ACTIVE', 135000, NULL, 'FOBdsF4m', 12000, 'Hồng,XXL,Vải Kate,Bầu Trời', 48),
	(419, NULL, '2023-12-09 05:42:33', NULL, 'admin9193', 'ACTIVE', 140000, NULL, 'srsGhaaY', 12000, 'Hồng,XXL,Vải Kate,Họa Hình', 48),
	(420, NULL, '2023-12-09 05:42:33', NULL, 'admin9193', 'ACTIVE', 135000, NULL, 'HQpBqu5f', 12000, 'Hồng,XXL,Vải Visco,Địa Cầu', 48),
	(421, NULL, '2023-12-09 05:42:33', NULL, 'admin9193', 'ACTIVE', 135000, NULL, 'ZWbBDExY', 12000, 'Hồng,XXL,Vải Visco,Mặt Trăng', 48),
	(422, NULL, '2023-12-09 05:42:33', NULL, 'admin9193', 'ACTIVE', 135000, NULL, 'dAFDu7bD', 12000, 'Hồng,XXL,Vải Visco,Bầu Trời', 48),
	(423, NULL, '2023-12-09 05:42:33', NULL, 'admin9193', 'ACTIVE', 145000, NULL, 'Hs2bAGk8', 12000, 'Hồng,XXL,Vải Visco,Họa Hình', 48),
	(424, NULL, '2023-12-09 05:42:33', NULL, 'admin9193', 'ACTIVE', 140000, 'VA28tK.jpg', '1WBuTaxv', 12000, 'Trắng,M,Vải Cotton,Địa Cầu', 48),
	(425, NULL, '2023-12-09 05:42:33', NULL, 'admin9193', 'ACTIVE', 140000, NULL, 'APR5VJiL', 12000, 'Trắng,M,Vải Cotton,Mặt Trăng', 48),
	(426, NULL, '2023-12-09 05:42:33', NULL, 'admin9193', 'ACTIVE', 140000, NULL, 'OmMv6c3T', 12000, 'Trắng,M,Vải Cotton,Bầu Trời', 48),
	(427, NULL, '2023-12-09 05:42:33', NULL, 'admin9193', 'ACTIVE', 135000, NULL, 'SZGp1zJ1', 12000, 'Trắng,M,Vải Cotton,Họa Hình', 48),
	(428, NULL, '2023-12-09 05:42:33', NULL, 'admin9193', 'ACTIVE', 140000, NULL, 'QHOMRLjI', 12000, 'Trắng,M,Vải Kate,Địa Cầu', 48),
	(429, NULL, '2023-12-09 05:42:33', NULL, 'admin9193', 'ACTIVE', 135000, NULL, 'khl2xzz3', 12000, 'Trắng,M,Vải Kate,Mặt Trăng', 48),
	(430, NULL, '2023-12-09 05:42:33', NULL, 'admin9193', 'ACTIVE', 135000, NULL, 'LCQ16HhU', 12000, 'Trắng,M,Vải Kate,Bầu Trời', 48),
	(431, NULL, '2023-12-09 05:42:33', NULL, 'admin9193', 'ACTIVE', 145000, NULL, '9PE83oTE', 12000, 'Trắng,M,Vải Kate,Họa Hình', 48),
	(432, NULL, '2023-12-09 05:42:33', NULL, 'admin9193', 'ACTIVE', 135000, NULL, 'C5JMPQYO', 12000, 'Trắng,M,Vải Visco,Địa Cầu', 48),
	(433, NULL, '2023-12-09 05:42:33', NULL, 'admin9193', 'ACTIVE', 145000, NULL, 'A57MaTJh', 12000, 'Trắng,M,Vải Visco,Mặt Trăng', 48),
	(434, NULL, '2023-12-09 05:42:33', NULL, 'admin9193', 'ACTIVE', 135000, NULL, 'O5PCQgNX', 12000, 'Trắng,M,Vải Visco,Bầu Trời', 48),
	(435, NULL, '2023-12-09 05:42:33', NULL, 'admin9193', 'ACTIVE', 135000, NULL, 'DHRoNaQ9', 12000, 'Trắng,M,Vải Visco,Họa Hình', 48),
	(436, NULL, '2023-12-09 05:42:33', NULL, 'admin9193', 'ACTIVE', 140000, NULL, 'PlW2WAQe', 12000, 'Trắng,L,Vải Cotton,Địa Cầu', 48),
	(437, NULL, '2023-12-09 05:42:33', NULL, 'admin9193', 'ACTIVE', 140000, NULL, 'bhJ84fUU', 12000, 'Trắng,L,Vải Cotton,Mặt Trăng', 48),
	(438, NULL, '2023-12-09 05:42:33', NULL, 'admin9193', 'ACTIVE', 140000, NULL, 'IzSlBO6s', 12000, 'Trắng,L,Vải Cotton,Bầu Trời', 48),
	(439, NULL, '2023-12-09 05:42:33', NULL, 'admin9193', 'ACTIVE', 135000, NULL, 'Tajp7sKU', 12000, 'Trắng,L,Vải Cotton,Họa Hình', 48),
	(440, NULL, '2023-12-09 05:42:33', NULL, 'admin9193', 'ACTIVE', 140000, NULL, 'zC82YtSu', 12000, 'Trắng,L,Vải Kate,Địa Cầu', 48),
	(441, NULL, '2023-12-09 05:42:33', NULL, 'admin9193', 'ACTIVE', 135000, NULL, 'lduhka5n', 12000, 'Trắng,L,Vải Kate,Mặt Trăng', 48),
	(442, NULL, '2023-12-09 05:42:33', NULL, 'admin9193', 'ACTIVE', 135000, NULL, 'yfcgxbVp', 12000, 'Trắng,L,Vải Kate,Bầu Trời', 48),
	(443, NULL, '2023-12-09 05:42:33', NULL, 'admin9193', 'ACTIVE', 135000, NULL, '8rG8xljY', 12000, 'Trắng,L,Vải Kate,Họa Hình', 48),
	(444, NULL, '2023-12-09 05:42:33', NULL, 'admin9193', 'ACTIVE', 135000, NULL, '4GZPSiXD', 12000, 'Trắng,L,Vải Visco,Địa Cầu', 48),
	(445, NULL, '2023-12-09 05:42:33', NULL, 'admin9193', 'ACTIVE', 140000, NULL, 'bMv2yCE9', 12000, 'Trắng,L,Vải Visco,Mặt Trăng', 48),
	(446, NULL, '2023-12-09 05:42:33', NULL, 'admin9193', 'ACTIVE', 145000, NULL, 'nHWajjLP', 12000, 'Trắng,L,Vải Visco,Bầu Trời', 48),
	(447, NULL, '2023-12-09 05:42:33', NULL, 'admin9193', 'ACTIVE', 145000, NULL, 'RFszQVtb', 12000, 'Trắng,L,Vải Visco,Họa Hình', 48),
	(448, NULL, '2023-12-09 05:42:34', NULL, 'admin9193', 'ACTIVE', 145000, NULL, 'pOdYveDR', 12000, 'Trắng,XL,Vải Cotton,Địa Cầu', 48),
	(449, NULL, '2023-12-09 05:42:34', NULL, 'admin9193', 'ACTIVE', 135000, NULL, 'uLKexM2R', 12000, 'Trắng,XL,Vải Cotton,Mặt Trăng', 48),
	(450, NULL, '2023-12-09 05:42:34', NULL, 'admin9193', 'ACTIVE', 145000, NULL, '3KxG1xDC', 12000, 'Trắng,XL,Vải Cotton,Bầu Trời', 48),
	(451, NULL, '2023-12-09 05:42:34', NULL, 'admin9193', 'ACTIVE', 140000, NULL, 'GtdmdbbF', 12000, 'Trắng,XL,Vải Cotton,Họa Hình', 48),
	(452, NULL, '2023-12-09 05:42:34', NULL, 'admin9193', 'ACTIVE', 140000, NULL, 'vY3GIjXB', 12000, 'Trắng,XL,Vải Kate,Địa Cầu', 48),
	(453, NULL, '2023-12-09 05:42:34', NULL, 'admin9193', 'ACTIVE', 140000, NULL, 'OEuAt2HV', 12000, 'Trắng,XL,Vải Kate,Mặt Trăng', 48),
	(454, NULL, '2023-12-09 05:42:34', NULL, 'admin9193', 'ACTIVE', 135000, NULL, 'jL6rf19H', 12000, 'Trắng,XL,Vải Kate,Bầu Trời', 48),
	(455, NULL, '2023-12-09 05:42:34', NULL, 'admin9193', 'ACTIVE', 139000, NULL, 'BW9Idcth', 12000, 'Trắng,XL,Vải Kate,Họa Hình', 48),
	(456, NULL, '2023-12-09 05:42:34', NULL, 'admin9193', 'ACTIVE', 135000, NULL, 'i7Ler9Cy', 12000, 'Trắng,XL,Vải Visco,Địa Cầu', 48),
	(457, NULL, '2023-12-09 05:42:34', NULL, 'admin9193', 'ACTIVE', 139000, NULL, 'Ix6shalb', 12000, 'Trắng,XL,Vải Visco,Mặt Trăng', 48),
	(458, NULL, '2023-12-09 05:42:34', NULL, 'admin9193', 'ACTIVE', 135000, NULL, 'cehMvJJc', 12000, 'Trắng,XL,Vải Visco,Bầu Trời', 48),
	(459, NULL, '2023-12-09 05:42:34', NULL, 'admin9193', 'ACTIVE', 135000, NULL, 'ouXkmmRF', 12000, 'Trắng,XL,Vải Visco,Họa Hình', 48),
	(460, NULL, '2023-12-09 05:42:34', NULL, 'admin9193', 'ACTIVE', 140000, NULL, 'gWyDpKnd', 12000, 'Trắng,XXL,Vải Cotton,Địa Cầu', 48),
	(461, NULL, '2023-12-09 05:42:34', NULL, 'admin9193', 'ACTIVE', 140000, NULL, 'ikOk1Uq2', 12000, 'Trắng,XXL,Vải Cotton,Mặt Trăng', 48),
	(462, NULL, '2023-12-09 05:42:34', NULL, 'admin9193', 'ACTIVE', 140000, NULL, 'yu9lTia8', 12000, 'Trắng,XXL,Vải Cotton,Bầu Trời', 48),
	(463, NULL, '2023-12-09 05:42:34', NULL, 'admin9193', 'ACTIVE', 135000, NULL, 'dnNXO8Pc', 12000, 'Trắng,XXL,Vải Cotton,Họa Hình', 48),
	(464, NULL, '2023-12-09 05:42:34', NULL, 'admin9193', 'ACTIVE', 145000, NULL, '7DGsLLNx', 12000, 'Trắng,XXL,Vải Kate,Địa Cầu', 48),
	(465, NULL, '2023-12-09 05:42:34', NULL, 'admin9193', 'ACTIVE', 145000, NULL, '3f22QBLz', 12000, 'Trắng,XXL,Vải Kate,Mặt Trăng', 48),
	(466, NULL, '2023-12-09 05:42:34', NULL, 'admin9193', 'ACTIVE', 140000, NULL, 'XJvfQvn9', 12000, 'Trắng,XXL,Vải Kate,Bầu Trời', 48),
	(467, NULL, '2023-12-09 05:42:34', NULL, 'admin9193', 'ACTIVE', 140000, NULL, 'CaDMfLNA', 12000, 'Trắng,XXL,Vải Kate,Họa Hình', 48),
	(468, NULL, '2023-12-09 05:42:34', NULL, 'admin9193', 'ACTIVE', 135000, NULL, 'QbSb6TVR', 12000, 'Trắng,XXL,Vải Visco,Địa Cầu', 48),
	(469, NULL, '2023-12-09 05:42:34', NULL, 'admin9193', 'ACTIVE', 135000, NULL, 'PpKD4cz6', 12000, 'Trắng,XXL,Vải Visco,Mặt Trăng', 48),
	(470, NULL, '2023-12-09 05:42:34', NULL, 'admin9193', 'ACTIVE', 135000, NULL, 'QdojrGsC', 12000, 'Trắng,XXL,Vải Visco,Bầu Trời', 48),
	(471, NULL, '2023-12-09 05:42:34', NULL, 'admin9193', 'ACTIVE', 140000, NULL, 'BBPq9u6d', 12000, 'Trắng,XXL,Vải Visco,Họa Hình', 48),
	(472, NULL, '2023-12-09 05:42:34', NULL, 'admin9193', 'ACTIVE', 135000, 'RDSlNB.jpg', 'F89X6jqB', 12000, 'Đen,M,Vải Cotton,Địa Cầu', 48),
	(473, NULL, '2023-12-09 05:42:34', NULL, 'admin9193', 'ACTIVE', 140000, NULL, 'EWLXIzHy', 12000, 'Đen,M,Vải Cotton,Mặt Trăng', 48),
	(474, NULL, '2023-12-09 05:42:34', NULL, 'admin9193', 'ACTIVE', 135000, NULL, 'WR6GVYbV', 12000, 'Đen,M,Vải Cotton,Bầu Trời', 48),
	(475, NULL, '2023-12-09 05:42:34', NULL, 'admin9193', 'ACTIVE', 140000, NULL, 'njxNlpnT', 12000, 'Đen,M,Vải Cotton,Họa Hình', 48),
	(476, NULL, '2023-12-09 05:42:34', NULL, 'admin9193', 'ACTIVE', 135000, NULL, '3kP6vDIY', 12000, 'Đen,M,Vải Kate,Địa Cầu', 48),
	(477, NULL, '2023-12-09 05:42:34', NULL, 'admin9193', 'ACTIVE', 135000, NULL, 'Rp3jo5bi', 12000, 'Đen,M,Vải Kate,Mặt Trăng', 48),
	(478, NULL, '2023-12-09 05:42:34', NULL, 'admin9193', 'ACTIVE', 140000, NULL, 'hUGYEiWy', 12000, 'Đen,M,Vải Kate,Bầu Trời', 48),
	(479, NULL, '2023-12-09 05:42:34', NULL, 'admin9193', 'ACTIVE', 135000, NULL, '9RT6YBsI', 12000, 'Đen,M,Vải Kate,Họa Hình', 48),
	(480, NULL, '2023-12-09 05:42:34', NULL, 'admin9193', 'ACTIVE', 135000, NULL, 'W6BGFXvB', 12000, 'Đen,M,Vải Visco,Địa Cầu', 48),
	(481, NULL, '2023-12-09 05:42:34', NULL, 'admin9193', 'ACTIVE', 140000, NULL, 'P3G5uZYT', 12000, 'Đen,M,Vải Visco,Mặt Trăng', 48),
	(482, NULL, '2023-12-09 05:42:34', NULL, 'admin9193', 'ACTIVE', 140000, NULL, 'G5lfiKPF', 12000, 'Đen,M,Vải Visco,Bầu Trời', 48),
	(483, NULL, '2023-12-09 05:42:34', NULL, 'admin9193', 'ACTIVE', 140000, NULL, 'E2BNQYB8', 12000, 'Đen,M,Vải Visco,Họa Hình', 48),
	(484, NULL, '2023-12-09 05:42:34', NULL, 'admin9193', 'ACTIVE', 145000, NULL, 'UOiM3fpQ', 12000, 'Đen,L,Vải Cotton,Địa Cầu', 48),
	(485, NULL, '2023-12-09 05:42:34', NULL, 'admin9193', 'ACTIVE', 145000, NULL, 'V7kMOJHv', 12000, 'Đen,L,Vải Cotton,Mặt Trăng', 48),
	(486, NULL, '2023-12-09 05:42:34', NULL, 'admin9193', 'ACTIVE', 140000, NULL, '7gOegQlu', 12000, 'Đen,L,Vải Cotton,Bầu Trời', 48),
	(487, NULL, '2023-12-09 05:42:34', NULL, 'admin9193', 'ACTIVE', 135000, NULL, 'TVch40Ce', 12000, 'Đen,L,Vải Cotton,Họa Hình', 48),
	(488, NULL, '2023-12-09 05:42:34', NULL, 'admin9193', 'ACTIVE', 135000, NULL, 'nB6NFX9n', 12000, 'Đen,L,Vải Kate,Địa Cầu', 48),
	(489, NULL, '2023-12-09 05:42:34', NULL, 'admin9193', 'ACTIVE', 140000, NULL, 'roM7tDZx', 12000, 'Đen,L,Vải Kate,Mặt Trăng', 48),
	(490, NULL, '2023-12-09 05:42:34', NULL, 'admin9193', 'ACTIVE', 140000, NULL, 'C3PIOxsx', 12000, 'Đen,L,Vải Kate,Bầu Trời', 48),
	(491, NULL, '2023-12-09 05:42:34', NULL, 'admin9193', 'ACTIVE', 145000, NULL, '3fBLE67R', 12000, 'Đen,L,Vải Kate,Họa Hình', 48),
	(492, NULL, '2023-12-09 05:42:34', NULL, 'admin9193', 'ACTIVE', 135000, NULL, '3W3vQikE', 12000, 'Đen,L,Vải Visco,Địa Cầu', 48),
	(493, NULL, '2023-12-09 05:42:34', NULL, 'admin9193', 'ACTIVE', 139000, NULL, '4asM6E7n', 12000, 'Đen,L,Vải Visco,Mặt Trăng', 48),
	(494, NULL, '2023-12-09 05:42:34', NULL, 'admin9193', 'ACTIVE', 139000, NULL, 'GpWS9pk8', 12000, 'Đen,L,Vải Visco,Bầu Trời', 48),
	(495, NULL, '2023-12-09 05:42:34', NULL, 'admin9193', 'ACTIVE', 140000, NULL, '2CLbAxeT', 12000, 'Đen,L,Vải Visco,Họa Hình', 48),
	(496, NULL, '2023-12-09 05:42:34', NULL, 'admin9193', 'ACTIVE', 135000, NULL, 'yeSHuIaD', 12000, 'Đen,XL,Vải Cotton,Địa Cầu', 48),
	(497, NULL, '2023-12-09 05:42:34', NULL, 'admin9193', 'ACTIVE', 140000, NULL, 'ComsXsPY', 12000, 'Đen,XL,Vải Cotton,Mặt Trăng', 48),
	(498, NULL, '2023-12-09 05:42:34', NULL, 'admin9193', 'ACTIVE', 135000, NULL, 'drkVNoen', 12000, 'Đen,XL,Vải Cotton,Bầu Trời', 48),
	(499, NULL, '2023-12-09 05:42:34', NULL, 'admin9193', 'ACTIVE', 139000, NULL, 'jMGjfECD', 12000, 'Đen,XL,Vải Cotton,Họa Hình', 48),
	(500, NULL, '2023-12-09 05:42:34', NULL, 'admin9193', 'ACTIVE', 135000, NULL, 'eQ1FzuBQ', 12000, 'Đen,XL,Vải Kate,Địa Cầu', 48),
	(501, NULL, '2023-12-09 05:42:34', NULL, 'admin9193', 'ACTIVE', 145000, NULL, 'Xl67pHvb', 12000, 'Đen,XL,Vải Kate,Mặt Trăng', 48),
	(502, NULL, '2023-12-09 05:42:34', NULL, 'admin9193', 'ACTIVE', 135000, NULL, 'svZQ0xQf', 12000, 'Đen,XL,Vải Kate,Bầu Trời', 48),
	(503, NULL, '2023-12-09 05:42:34', NULL, 'admin9193', 'ACTIVE', 140000, NULL, 'YpHa1dKv', 12000, 'Đen,XL,Vải Kate,Họa Hình', 48),
	(504, NULL, '2023-12-09 05:42:34', NULL, 'admin9193', 'ACTIVE', 135000, NULL, 'yaTiEXyv', 12000, 'Đen,XL,Vải Visco,Địa Cầu', 48),
	(505, NULL, '2023-12-09 05:42:34', NULL, 'admin9193', 'ACTIVE', 140000, NULL, 'gghuMqAH', 12000, 'Đen,XL,Vải Visco,Mặt Trăng', 48),
	(506, NULL, '2023-12-09 05:42:35', NULL, 'admin9193', 'ACTIVE', 135000, NULL, 'hsbsI4vT', 12000, 'Đen,XL,Vải Visco,Bầu Trời', 48),
	(507, NULL, '2023-12-09 05:42:35', NULL, 'admin9193', 'ACTIVE', 140000, NULL, '7RPE69lX', 12000, 'Đen,XL,Vải Visco,Họa Hình', 48),
	(508, NULL, '2023-12-09 05:42:35', NULL, 'admin9193', 'ACTIVE', 135000, NULL, 'bauhZrz7', 12000, 'Đen,XXL,Vải Cotton,Địa Cầu', 48),
	(509, NULL, '2023-12-09 05:42:35', NULL, 'admin9193', 'ACTIVE', 140000, NULL, 'to6Se450', 12000, 'Đen,XXL,Vải Cotton,Mặt Trăng', 48),
	(510, NULL, '2023-12-09 05:42:35', NULL, 'admin9193', 'ACTIVE', 135000, NULL, 'Ig3UvSah', 12000, 'Đen,XXL,Vải Cotton,Bầu Trời', 48),
	(511, NULL, '2023-12-09 05:42:35', NULL, 'admin9193', 'ACTIVE', 145000, NULL, 'qiEoHliC', 12000, 'Đen,XXL,Vải Cotton,Họa Hình', 48),
	(512, NULL, '2023-12-09 05:42:35', NULL, 'admin9193', 'ACTIVE', 140000, NULL, 'V08xCWD7', 12000, 'Đen,XXL,Vải Kate,Địa Cầu', 48),
	(513, NULL, '2023-12-09 05:42:35', NULL, 'admin9193', 'ACTIVE', 140000, NULL, 'Ybb56kDJ', 12000, 'Đen,XXL,Vải Kate,Mặt Trăng', 48),
	(514, NULL, '2023-12-09 05:42:35', NULL, 'admin9193', 'ACTIVE', 140000, NULL, 'HOA1XX56', 12000, 'Đen,XXL,Vải Kate,Bầu Trời', 48),
	(515, NULL, '2023-12-09 05:42:35', NULL, 'admin9193', 'ACTIVE', 135000, NULL, 'Y792lRsJ', 12000, 'Đen,XXL,Vải Kate,Họa Hình', 48),
	(516, NULL, '2023-12-09 05:42:35', NULL, 'admin9193', 'ACTIVE', 145000, NULL, 'o3sOLH9U', 12000, 'Đen,XXL,Vải Visco,Địa Cầu', 48),
	(517, NULL, '2023-12-09 05:42:35', NULL, 'admin9193', 'ACTIVE', 135000, NULL, 'xTJNiusc', 12000, 'Đen,XXL,Vải Visco,Mặt Trăng', 48),
	(518, NULL, '2023-12-09 05:42:35', NULL, 'admin9193', 'ACTIVE', 139000, NULL, '7WIj8ldM', 12000, 'Đen,XXL,Vải Visco,Bầu Trời', 48),
	(519, NULL, '2023-12-09 05:42:35', NULL, 'admin9193', 'ACTIVE', 135000, NULL, 'lB2qAl5S', 12000, 'Đen,XXL,Vải Visco,Họa Hình', 48),
	(520, '2023-12-19 04:27:19', '2023-12-09 05:47:44', 'admin9193', 'admin9193', 'ACTIVE', 79000, '8YWa7N.jpg', 'P0xcvUWE', 11998, 'Đen,M,Vải Cotton,Tay ngắn', 49),
	(521, NULL, '2023-12-09 05:47:44', NULL, 'admin9193', 'ACTIVE', 80000, NULL, 'bpJIeOTh', 12000, 'Đen,M,Vải Cotton,Tay lỡ', 49),
	(522, NULL, '2023-12-09 05:47:44', NULL, 'admin9193', 'ACTIVE', 79000, NULL, 'Rq6N4TKp', 12000, 'Đen,M,Vải Corolan,Tay ngắn', 49),
	(523, NULL, '2023-12-09 05:47:44', NULL, 'admin9193', 'ACTIVE', 80000, NULL, '1Xg72YAl', 12000, 'Đen,M,Vải Corolan,Tay lỡ', 49),
	(524, NULL, '2023-12-09 05:47:44', NULL, 'admin9193', 'ACTIVE', 79000, NULL, 'liX5KSC6', 12000, 'Đen,L,Vải Cotton,Tay ngắn', 49),
	(525, NULL, '2023-12-09 05:47:44', NULL, 'admin9193', 'ACTIVE', 80000, NULL, 'kH5XAImT', 12000, 'Đen,L,Vải Cotton,Tay lỡ', 49),
	(526, NULL, '2023-12-09 05:47:44', NULL, 'admin9193', 'ACTIVE', 80000, NULL, 'YTjdW2gr', 12000, 'Đen,L,Vải Corolan,Tay ngắn', 49),
	(527, NULL, '2023-12-09 05:47:44', NULL, 'admin9193', 'ACTIVE', 79000, NULL, 'hMXalKUg', 12000, 'Đen,L,Vải Corolan,Tay lỡ', 49),
	(528, NULL, '2023-12-09 05:47:44', NULL, 'admin9193', 'ACTIVE', 79000, NULL, 'F2YGlGqY', 12000, 'Đen,XL,Vải Cotton,Tay ngắn', 49),
	(529, NULL, '2023-12-09 05:47:44', NULL, 'admin9193', 'ACTIVE', 85000, NULL, '9Uepny2b', 12000, 'Đen,XL,Vải Cotton,Tay lỡ', 49),
	(530, NULL, '2023-12-09 05:47:44', NULL, 'admin9193', 'ACTIVE', 79000, NULL, 'OLGh7zix', 12000, 'Đen,XL,Vải Corolan,Tay ngắn', 49),
	(531, NULL, '2023-12-09 05:47:44', NULL, 'admin9193', 'ACTIVE', 89000, NULL, '0bzD9W2V', 12000, 'Đen,XL,Vải Corolan,Tay lỡ', 49),
	(532, NULL, '2023-12-09 05:47:44', NULL, 'admin9193', 'ACTIVE', 80000, NULL, 'lvmuH0R8', 12000, 'Đen,XXL,Vải Cotton,Tay ngắn', 49),
	(533, NULL, '2023-12-09 05:47:44', NULL, 'admin9193', 'ACTIVE', 79000, NULL, 'l5L8NMk7', 12000, 'Đen,XXL,Vải Cotton,Tay lỡ', 49),
	(534, NULL, '2023-12-09 05:47:44', NULL, 'admin9193', 'ACTIVE', 79000, NULL, 'dPNokcWT', 12000, 'Đen,XXL,Vải Corolan,Tay ngắn', 49),
	(535, NULL, '2023-12-09 05:47:44', NULL, 'admin9193', 'ACTIVE', 79000, NULL, 'nKiKPfMK', 12000, 'Đen,XXL,Vải Corolan,Tay lỡ', 49),
	(536, NULL, '2023-12-09 05:47:44', NULL, 'admin9193', 'ACTIVE', 80000, 'vx04tG.jpg', '0agiYujh', 12000, 'Xám,M,Vải Cotton,Tay ngắn', 49),
	(537, NULL, '2023-12-09 05:47:44', NULL, 'admin9193', 'ACTIVE', 80000, NULL, 'hJZfiMtM', 12000, 'Xám,M,Vải Cotton,Tay lỡ', 49),
	(538, NULL, '2023-12-09 05:47:44', NULL, 'admin9193', 'ACTIVE', 85000, NULL, 'IM2Iahsx', 12000, 'Xám,M,Vải Corolan,Tay ngắn', 49),
	(539, NULL, '2023-12-09 05:47:44', NULL, 'admin9193', 'ACTIVE', 80000, NULL, 'eLtISgqd', 12000, 'Xám,M,Vải Corolan,Tay lỡ', 49),
	(540, NULL, '2023-12-09 05:47:44', NULL, 'admin9193', 'ACTIVE', 79000, NULL, 'fvvtbaCv', 12000, 'Xám,L,Vải Cotton,Tay ngắn', 49),
	(541, NULL, '2023-12-09 05:47:44', NULL, 'admin9193', 'ACTIVE', 79000, NULL, '4Kv354mV', 12000, 'Xám,L,Vải Cotton,Tay lỡ', 49),
	(542, NULL, '2023-12-09 05:47:44', NULL, 'admin9193', 'ACTIVE', 80000, NULL, 'kFP0iBMc', 12000, 'Xám,L,Vải Corolan,Tay ngắn', 49),
	(543, NULL, '2023-12-09 05:47:44', NULL, 'admin9193', 'ACTIVE', 79000, NULL, 'GpL8oSkH', 12000, 'Xám,L,Vải Corolan,Tay lỡ', 49),
	(544, NULL, '2023-12-09 05:47:44', NULL, 'admin9193', 'ACTIVE', 80000, NULL, '6PZEVfsV', 12000, 'Xám,XL,Vải Cotton,Tay ngắn', 49),
	(545, NULL, '2023-12-09 05:47:44', NULL, 'admin9193', 'ACTIVE', 79000, NULL, '0ASPLVXb', 12000, 'Xám,XL,Vải Cotton,Tay lỡ', 49),
	(546, NULL, '2023-12-09 05:47:44', NULL, 'admin9193', 'ACTIVE', 79000, NULL, 'CM0ykSbH', 12000, 'Xám,XL,Vải Corolan,Tay ngắn', 49),
	(547, NULL, '2023-12-09 05:47:44', NULL, 'admin9193', 'ACTIVE', 80000, NULL, 'tC69Ws4R', 12000, 'Xám,XL,Vải Corolan,Tay lỡ', 49),
	(548, NULL, '2023-12-09 05:47:44', NULL, 'admin9193', 'ACTIVE', 79000, NULL, 'fC7eFF4G', 12000, 'Xám,XXL,Vải Cotton,Tay ngắn', 49),
	(549, NULL, '2023-12-09 05:47:44', NULL, 'admin9193', 'ACTIVE', 89000, NULL, 'DuaEb5y8', 12000, 'Xám,XXL,Vải Cotton,Tay lỡ', 49),
	(550, NULL, '2023-12-09 05:47:44', NULL, 'admin9193', 'ACTIVE', 79000, NULL, 'HSyJiHhj', 12000, 'Xám,XXL,Vải Corolan,Tay ngắn', 49),
	(551, NULL, '2023-12-09 05:47:44', NULL, 'admin9193', 'ACTIVE', 80000, NULL, 't62oHqeu', 12000, 'Xám,XXL,Vải Corolan,Tay lỡ', 49),
	(552, NULL, '2023-12-09 05:47:44', NULL, 'admin9193', 'ACTIVE', 79000, 'T5jKFR.jpg', 'xtb4ZkBv', 12000, 'Trắng,M,Vải Cotton,Tay ngắn', 49),
	(553, NULL, '2023-12-09 05:47:44', NULL, 'admin9193', 'ACTIVE', 79000, NULL, 'mUucIbrP', 12000, 'Trắng,M,Vải Cotton,Tay lỡ', 49),
	(554, NULL, '2023-12-09 05:47:44', NULL, 'admin9193', 'ACTIVE', 80000, NULL, 'ngrWrdGr', 12000, 'Trắng,M,Vải Corolan,Tay ngắn', 49),
	(555, NULL, '2023-12-09 05:47:44', NULL, 'admin9193', 'ACTIVE', 79000, NULL, 'I2nmHH4D', 12000, 'Trắng,M,Vải Corolan,Tay lỡ', 49),
	(556, NULL, '2023-12-09 05:47:45', NULL, 'admin9193', 'ACTIVE', 80000, NULL, 'DRaQfSEU', 12000, 'Trắng,L,Vải Cotton,Tay ngắn', 49),
	(557, NULL, '2023-12-09 05:47:45', NULL, 'admin9193', 'ACTIVE', 82000, NULL, 'qVuMYNEa', 12000, 'Trắng,L,Vải Cotton,Tay lỡ', 49),
	(558, NULL, '2023-12-09 05:47:45', NULL, 'admin9193', 'ACTIVE', 80000, NULL, 'rZRoya3W', 12000, 'Trắng,L,Vải Corolan,Tay ngắn', 49),
	(559, NULL, '2023-12-09 05:47:45', NULL, 'admin9193', 'ACTIVE', 80000, NULL, 'GpZK5Hgm', 12000, 'Trắng,L,Vải Corolan,Tay lỡ', 49),
	(560, NULL, '2023-12-09 05:47:45', NULL, 'admin9193', 'ACTIVE', 79000, NULL, 'Mxihd7Tq', 12000, 'Trắng,XL,Vải Cotton,Tay ngắn', 49),
	(561, NULL, '2023-12-09 05:47:45', NULL, 'admin9193', 'ACTIVE', 89000, NULL, 'EVAR3YLb', 12000, 'Trắng,XL,Vải Cotton,Tay lỡ', 49),
	(562, NULL, '2023-12-09 05:47:45', NULL, 'admin9193', 'ACTIVE', 79000, NULL, 'eDXWYTI1', 12000, 'Trắng,XL,Vải Corolan,Tay ngắn', 49),
	(563, NULL, '2023-12-09 05:47:45', NULL, 'admin9193', 'ACTIVE', 79000, NULL, 'Ka3ncRzp', 12000, 'Trắng,XL,Vải Corolan,Tay lỡ', 49),
	(564, NULL, '2023-12-09 05:47:45', NULL, 'admin9193', 'ACTIVE', 79000, NULL, 'n3FYOMsF', 12000, 'Trắng,XXL,Vải Cotton,Tay ngắn', 49),
	(565, NULL, '2023-12-09 05:47:45', NULL, 'admin9193', 'ACTIVE', 80000, NULL, '07jIkdqi', 12000, 'Trắng,XXL,Vải Cotton,Tay lỡ', 49),
	(566, NULL, '2023-12-09 05:47:45', NULL, 'admin9193', 'ACTIVE', 85000, NULL, 'DV0DgbZy', 12000, 'Trắng,XXL,Vải Corolan,Tay ngắn', 49),
	(567, '2023-12-19 04:07:52', '2023-12-09 05:47:45', 'admin9193', 'admin9193', 'ACTIVE', 79000, NULL, 'vQiacqZL', 11999, 'Trắng,XXL,Vải Corolan,Tay lỡ', 49),
	(568, NULL, '2023-12-23 04:17:05', NULL, 'admin9193', 'ACTIVE', 200000, NULL, 'RBPT6DV8', 10, 'M,Vàng mơ', 50),
	(569, NULL, '2023-12-23 04:17:05', NULL, 'admin9193', 'ACTIVE', 200000, NULL, 'qHDYvMnL', 20, 'M,Đen', 50),
	(570, NULL, '2023-12-23 04:17:05', NULL, 'admin9193', 'ACTIVE', 200000, NULL, 'uvykbRgq', 30, 'M,Xanh than', 50),
	(571, NULL, '2023-12-23 04:17:05', NULL, 'admin9193', 'ACTIVE', 200000, NULL, '2tkau2rT', 40, 'L,Vàng mơ', 50),
	(572, NULL, '2023-12-23 04:17:05', NULL, 'admin9193', 'ACTIVE', 190000, NULL, 'ICVLz8Ur', 50, 'L,Đen', 50),
	(573, NULL, '2023-12-23 04:17:05', NULL, 'admin9193', 'ACTIVE', 210000, NULL, 'dMqZNs3e', 60, 'L,Xanh than', 50),
	(574, NULL, '2023-12-23 04:17:05', NULL, 'admin9193', 'ACTIVE', 200000, NULL, 'NxEVKz2U', 70, 'XL,Vàng mơ', 50),
	(575, NULL, '2023-12-23 04:17:05', NULL, 'admin9193', 'ACTIVE', 200000, NULL, 'PMFOfyEx', 80, 'XL,Đen', 50),
	(576, NULL, '2023-12-23 04:17:05', NULL, 'admin9193', 'ACTIVE', 200000, NULL, 't47yeMzv', 90, 'XL,Xanh than', 50),
	(577, NULL, '2023-12-23 04:58:53', NULL, 'admin9193', 'ACTIVE', 120000, NULL, '4sBdKAZt', 50, 'XXL,Đỏ', 51),
	(578, NULL, '2023-12-23 04:58:53', NULL, 'admin9193', 'ACTIVE', 70000, NULL, 'NNZxCuLV', 120, 'XXL,Tràm', 51),
	(620, NULL, '2023-12-27 15:37:32', NULL, 'admin9193', 'ACTIVE', 120000, NULL, 'pZ4S632c', 1000, 'Xanh than,S', 67),
	(655, NULL, '2023-12-27 17:40:06', NULL, 'admin9193', 'ACTIVE', 300000, NULL, 'NT7jaiKn', 10000, 'Xanh,XXL', 52),
	(656, NULL, '2023-12-27 17:40:06', NULL, 'admin9193', 'ACTIVE', 320000, NULL, 'MfivITfk', 20000, 'Xanh,S', 52),
	(657, NULL, '2023-12-27 17:40:06', NULL, 'admin9193', 'ACTIVE', 190000, NULL, 'mI91Ug6m', 30000, 'Tràm,XXL', 52),
	(658, NULL, '2023-12-27 17:40:06', NULL, 'admin9193', 'ACTIVE', 210000, NULL, 'HVIP20nc', 80000, 'Tràm,S', 52),
	(662, NULL, '2023-12-28 04:58:08', NULL, 'admin9193', 'ACTIVE', 100000, NULL, 'hlg2y97V', 1000, 'Đen,XXL', 68),
	(663, NULL, '2023-12-28 04:58:09', NULL, 'admin9193', 'ACTIVE', 100000, NULL, 'QxC7oDBE', 2000, 'Đen,S', 68),
	(664, NULL, '2023-12-28 04:58:09', NULL, 'admin9193', 'ACTIVE', 100000, NULL, 'ANOCWlLk', 3000, 'Trắng,XXL', 68),
	(665, NULL, '2023-12-28 04:58:09', NULL, 'admin9193', 'ACTIVE', 100000, NULL, 'RcO19FPh', 4000, 'Trắng,S', 68),
	(666, NULL, '2023-12-28 04:58:09', NULL, 'admin9193', 'ACTIVE', 100000, NULL, 'ASICMprt', 5000, 'Xanh,XXL', 68),
	(667, NULL, '2023-12-28 04:58:09', NULL, 'admin9193', 'ACTIVE', 100000, NULL, 'tT388Fvm', 6000, 'Xanh,S', 68),
	(677, NULL, '2024-01-06 16:01:20', NULL, 'anonymous', 'ACTIVE', 200000, NULL, 'Uy7dPHe7', 100, 'S,Trắng,Vải', 69),
	(678, NULL, '2024-01-06 16:01:20', NULL, 'anonymous', 'ACTIVE', 190000, NULL, 'grUgY5Jy', 200, 'S,Trắng,Cotton', 69),
	(679, NULL, '2024-01-06 16:01:20', NULL, 'anonymous', 'ACTIVE', 200000, NULL, 'C8h9Ix50', 300, 'S,Đỏ,Vải', 69),
	(680, NULL, '2024-01-06 16:01:20', NULL, 'anonymous', 'ACTIVE', 200000, NULL, 'tzaoNvet', 400, 'S,Đỏ,Cotton', 69),
	(681, NULL, '2024-01-06 16:01:20', NULL, 'anonymous', 'ACTIVE', 200000, NULL, 'cDScOZ3X', 500, 'S,Xanh,Vải', 69),
	(682, NULL, '2024-01-06 16:01:20', NULL, 'anonymous', 'ACTIVE', 200000, NULL, '0Q2XmyPa', 600, 'S,Xanh,Cotton', 69),
	(683, NULL, '2024-01-06 16:01:20', NULL, 'anonymous', 'ACTIVE', 200000, NULL, '4RdIIAS3', 700, 'XS,Trắng,Vải', 69),
	(684, NULL, '2024-01-06 16:01:20', NULL, 'anonymous', 'ACTIVE', 200000, NULL, 'ka9LmvJf', 800, 'XS,Trắng,Cotton', 69),
	(685, NULL, '2024-01-06 16:01:20', NULL, 'anonymous', 'ACTIVE', 200000, NULL, 'JHxRQ7AJ', 900, 'XS,Đỏ,Vải', 69),
	(686, NULL, '2024-01-06 16:01:20', NULL, 'anonymous', 'ACTIVE', 200000, NULL, 'fTDfNrsb', 1000, 'XS,Đỏ,Cotton', 69),
	(687, NULL, '2024-01-06 16:01:20', NULL, 'anonymous', 'ACTIVE', 200000, NULL, 'WA8yZbQN', 2000, 'XS,Xanh,Vải', 69),
	(688, NULL, '2024-01-06 16:01:20', NULL, 'anonymous', 'ACTIVE', 200000, NULL, 'VJ2u4Ylt', 3000, 'XS,Xanh,Cotton', 69),
	(689, NULL, '2024-01-06 16:01:20', NULL, 'anonymous', 'ACTIVE', 200000, NULL, 'VPkT4vMT', 3000, 'L,Trắng,Vải', 69),
	(690, NULL, '2024-01-06 16:01:20', NULL, 'anonymous', 'ACTIVE', 200000, NULL, 'GD7UQePA', 3000, 'L,Trắng,Cotton', 69),
	(691, NULL, '2024-01-06 16:01:20', NULL, 'anonymous', 'ACTIVE', 200000, NULL, 'Gi4k8KQ5', 3000, 'L,Đỏ,Vải', 69),
	(692, NULL, '2024-01-06 16:01:20', NULL, 'anonymous', 'ACTIVE', 200000, NULL, 'KkB43F18', 3000, 'L,Đỏ,Cotton', 69),
	(693, NULL, '2024-01-06 16:01:20', NULL, 'anonymous', 'ACTIVE', 200000, NULL, 'xP4fKakN', 3000, 'L,Xanh,Vải', 69),
	(694, NULL, '2024-01-06 16:01:20', NULL, 'anonymous', 'ACTIVE', 230000, NULL, 'SNQcTKjL', 3000, 'L,Xanh,Cotton', 69);

-- Dumping structure for table duantotnghiep.calam
CREATE TABLE IF NOT EXISTS `calam` (
  `id` bigint NOT NULL AUTO_INCREMENT,
  `ngaysua` timestamp NULL DEFAULT NULL,
  `ngaytao` timestamp NULL DEFAULT NULL,
  `nguoisua` varchar(255) DEFAULT NULL,
  `nguoitao` varchar(255) DEFAULT NULL,
  `trangthai` varchar(255) DEFAULT 'ACTIVE',
  `sotiencuoica` double DEFAULT NULL,
  `sotiendauca` double DEFAULT NULL,
  `idnhanvien` bigint DEFAULT NULL,
  `ghichu` varchar(255) DEFAULT NULL,
  `tienchenhlech` double DEFAULT NULL,
  `tienmatbangiao` double DEFAULT NULL,
  PRIMARY KEY (`id`),
  KEY `FKqwajinxv270ke9tysey6xigop` (`idnhanvien`),
  CONSTRAINT `FKqwajinxv270ke9tysey6xigop` FOREIGN KEY (`idnhanvien`) REFERENCES `nhanvien` (`id`)
) ENGINE=InnoDB AUTO_INCREMENT=9 DEFAULT CHARSET=utf8mb3;

-- Dumping data for table duantotnghiep.calam: ~0 rows (approximately)
INSERT INTO `calam` (`id`, `ngaysua`, `ngaytao`, `nguoisua`, `nguoitao`, `trangthai`, `sotiencuoica`, `sotiendauca`, `idnhanvien`, `ghichu`, `tienchenhlech`, `tienmatbangiao`) VALUES
	(8, NULL, '2023-12-16 16:03:08', NULL, 'nguyenvana0183', 'ACTIVE', NULL, 500000, 1, NULL, NULL, NULL);

-- Dumping structure for table duantotnghiep.chitietcalam
CREATE TABLE IF NOT EXISTS `chitietcalam` (
  `id` bigint NOT NULL AUTO_INCREMENT,
  `ngaysua` timestamp NULL DEFAULT NULL,
  `ngaytao` timestamp NULL DEFAULT NULL,
  `nguoisua` varchar(255) DEFAULT NULL,
  `nguoitao` varchar(255) DEFAULT NULL,
  `trangthai` varchar(255) DEFAULT 'ACTIVE',
  `idcalam` bigint DEFAULT NULL,
  `idhoadon` bigint DEFAULT NULL,
  PRIMARY KEY (`id`),
  KEY `FK3pypfn1y99kakj3xfnjpjk8pn` (`idcalam`),
  KEY `FKas009v8q6c9ut5hv8ko0x508d` (`idhoadon`),
  CONSTRAINT `FK3pypfn1y99kakj3xfnjpjk8pn` FOREIGN KEY (`idcalam`) REFERENCES `calam` (`id`),
  CONSTRAINT `FKas009v8q6c9ut5hv8ko0x508d` FOREIGN KEY (`idhoadon`) REFERENCES `hoadon` (`id`)
) ENGINE=InnoDB AUTO_INCREMENT=5 DEFAULT CHARSET=utf8mb3;

-- Dumping data for table duantotnghiep.chitietcalam: ~0 rows (approximately)

-- Dumping structure for table duantotnghiep.chitieu
CREATE TABLE IF NOT EXISTS `chitieu` (
  `id` bigint NOT NULL AUTO_INCREMENT,
  `ngaysua` timestamp NULL DEFAULT NULL,
  `ngaytao` timestamp NULL DEFAULT NULL,
  `nguoisua` varchar(255) DEFAULT NULL,
  `nguoitao` varchar(255) DEFAULT NULL,
  `trangthai` varchar(255) DEFAULT 'ACTIVE',
  `loaichitieu` int DEFAULT NULL,
  `sotien` double DEFAULT NULL,
  `idvidientu` bigint DEFAULT NULL,
  PRIMARY KEY (`id`),
  KEY `FK7fr74dox50p8nxx296nhl6740` (`idvidientu`),
  CONSTRAINT `FK7fr74dox50p8nxx296nhl6740` FOREIGN KEY (`idvidientu`) REFERENCES `vidientu` (`id`)
) ENGINE=InnoDB AUTO_INCREMENT=15 DEFAULT CHARSET=utf8mb3;

-- Dumping data for table duantotnghiep.chitieu: ~0 rows (approximately)

-- Dumping structure for table duantotnghiep.chucvu
CREATE TABLE IF NOT EXISTS `chucvu` (
  `id` bigint NOT NULL AUTO_INCREMENT,
  `ngaysua` timestamp NULL DEFAULT NULL,
  `ngaytao` timestamp NULL DEFAULT NULL,
  `nguoisua` varchar(255) DEFAULT NULL,
  `nguoitao` varchar(255) DEFAULT NULL,
  `trangthai` varchar(255) DEFAULT 'ACTIVE',
  `ma` varchar(255) NOT NULL,
  `ten` varchar(255) DEFAULT NULL,
  PRIMARY KEY (`id`)
) ENGINE=InnoDB AUTO_INCREMENT=3 DEFAULT CHARSET=utf8mb3;

-- Dumping data for table duantotnghiep.chucvu: ~2 rows (approximately)
INSERT INTO `chucvu` (`id`, `ngaysua`, `ngaytao`, `nguoisua`, `nguoitao`, `trangthai`, `ma`, `ten`) VALUES
	(1, NULL, '2023-11-19 16:54:49', NULL, 'admin9193', 'ACTIVE', 'ADMIN', 'Quản lý hệ thống'),
	(2, NULL, '2023-11-19 16:54:50', NULL, 'admin9193', 'ACTIVE', 'STAFF', 'Nhân viên');

-- Dumping structure for table duantotnghiep.danhgiasanpham
CREATE TABLE IF NOT EXISTS `danhgiasanpham` (
  `id` bigint NOT NULL AUTO_INCREMENT,
  `ngaysua` timestamp NULL DEFAULT NULL,
  `ngaytao` timestamp NULL DEFAULT NULL,
  `nguoisua` varchar(255) DEFAULT NULL,
  `nguoitao` varchar(255) DEFAULT NULL,
  `trangthai` varchar(255) DEFAULT 'ACTIVE',
  `noidung` text,
  `sosao` int DEFAULT NULL,
  `idkhachhang` bigint DEFAULT NULL,
  `idsanpham` bigint DEFAULT NULL,
  PRIMARY KEY (`id`),
  KEY `FK3n3101mjmh45an8j6qkb82pon` (`idkhachhang`),
  KEY `FKnh67cfln5ihj5ownxeitn2vbb` (`idsanpham`),
  CONSTRAINT `FK3n3101mjmh45an8j6qkb82pon` FOREIGN KEY (`idkhachhang`) REFERENCES `khachhang` (`id`),
  CONSTRAINT `FKnh67cfln5ihj5ownxeitn2vbb` FOREIGN KEY (`idsanpham`) REFERENCES `sanpham` (`id`)
) ENGINE=InnoDB DEFAULT CHARSET=utf8mb3;

-- Dumping data for table duantotnghiep.danhgiasanpham: ~0 rows (approximately)

-- Dumping structure for table duantotnghiep.danhmuc
CREATE TABLE IF NOT EXISTS `danhmuc` (
  `id` bigint NOT NULL AUTO_INCREMENT,
  `ngaysua` timestamp NULL DEFAULT NULL,
  `ngaytao` timestamp NULL DEFAULT NULL,
  `nguoisua` varchar(255) DEFAULT NULL,
  `nguoitao` varchar(255) DEFAULT NULL,
  `trangthai` varchar(255) DEFAULT 'ACTIVE',
  `hienthi` int DEFAULT NULL,
  `slug` varchar(255) DEFAULT NULL,
  `ten` varchar(255) DEFAULT NULL,
  PRIMARY KEY (`id`),
  UNIQUE KEY `UK_sulfov08aud7rmuh75nxqn4fj` (`slug`)
) ENGINE=InnoDB AUTO_INCREMENT=15 DEFAULT CHARSET=utf8mb3;

-- Dumping data for table duantotnghiep.danhmuc: ~11 rows (approximately)
INSERT INTO `danhmuc` (`id`, `ngaysua`, `ngaytao`, `nguoisua`, `nguoitao`, `trangthai`, `hienthi`, `slug`, `ten`) VALUES
	(1, NULL, '2023-11-19 17:09:00', NULL, 'admin9193', 'ACTIVE', NULL, 'ao-thun', 'Áo thun'),
	(2, NULL, '2023-11-19 17:18:46', NULL, 'admin9193', 'ACTIVE', NULL, 'ao-so-mi', 'Áo sơ mi'),
	(3, NULL, '2023-11-19 17:18:46', NULL, 'admin9193', 'ACTIVE', NULL, 'ao-polo', 'Áo polo'),
	(4, NULL, '2023-11-19 17:18:47', NULL, 'admin9193', 'ACTIVE', NULL, 'ao-len-cardigan', 'Áo len & Cardigan'),
	(5, NULL, '2023-11-19 17:18:48', NULL, 'admin9193', 'ACTIVE', NULL, 'ao-khoac', 'Áo khoác'),
	(6, NULL, '2023-11-19 17:18:48', NULL, 'admin9193', 'ACTIVE', NULL, 'quan-jeans', 'Quần Jeans'),
	(7, NULL, '2023-11-19 17:18:49', NULL, 'admin9193', 'ACTIVE', NULL, 'quan-dai-quan-au', 'Quần dài / Quần Âu'),
	(8, NULL, '2023-11-19 17:18:49', NULL, 'admin9193', 'ACTIVE', NULL, 'quan-dui', 'Quần short'),
	(9, NULL, '2023-11-19 17:18:50', NULL, 'admin9193', 'ACTIVE', NULL, 'quan-ngu', 'Quần ngủ'),
	(10, NULL, '2023-11-19 17:18:51', NULL, 'admin9193', 'ACTIVE', NULL, 'quan-kaki', 'Quần  Kaki'),
	(11, NULL, '2023-12-13 14:53:42', NULL, 'admin9193', 'ACTIVE', NULL, 'ao-vai', 'Áo vải');

-- Dumping structure for table duantotnghiep.giatrithuoctinh
CREATE TABLE IF NOT EXISTS `giatrithuoctinh` (
  `id` bigint NOT NULL AUTO_INCREMENT,
  `ngaysua` timestamp NULL DEFAULT NULL,
  `ngaytao` timestamp NULL DEFAULT NULL,
  `nguoisua` varchar(255) DEFAULT NULL,
  `nguoitao` varchar(255) DEFAULT NULL,
  `trangthai` varchar(255) DEFAULT 'ACTIVE',
  `giatri` varchar(255) DEFAULT NULL,
  `idsanpham` bigint DEFAULT NULL,
  `idthuoctinh` bigint DEFAULT NULL,
  PRIMARY KEY (`id`),
  KEY `FKpm5svcqbt5m7ipbbihqu6d139` (`idsanpham`),
  KEY `FK6y4ueyayt8cgynk5a14wylvun` (`idthuoctinh`),
  CONSTRAINT `FK6y4ueyayt8cgynk5a14wylvun` FOREIGN KEY (`idthuoctinh`) REFERENCES `thuoctinh` (`id`),
  CONSTRAINT `FKpm5svcqbt5m7ipbbihqu6d139` FOREIGN KEY (`idsanpham`) REFERENCES `sanpham` (`id`)
) ENGINE=InnoDB AUTO_INCREMENT=547 DEFAULT CHARSET=utf8mb3;

-- Dumping data for table duantotnghiep.giatrithuoctinh: ~255 rows (approximately)
INSERT INTO `giatrithuoctinh` (`id`, `ngaysua`, `ngaytao`, `nguoisua`, `nguoitao`, `trangthai`, `giatri`, `idsanpham`, `idthuoctinh`) VALUES
	(1, NULL, '2023-11-22 16:26:03', NULL, 'admin9193', 'ACTIVE', 'Trắng', 1, 1),
	(2, NULL, '2023-11-22 16:26:03', NULL, 'admin9193', 'ACTIVE', 'Đen', 1, 1),
	(3, NULL, '2023-11-22 16:26:03', NULL, 'admin9193', 'ACTIVE', 'M', 1, 2),
	(4, NULL, '2023-11-22 16:26:03', NULL, 'admin9193', 'ACTIVE', 'L', 1, 2),
	(5, NULL, '2023-11-22 16:26:03', NULL, 'admin9193', 'ACTIVE', 'XL', 1, 2),
	(6, NULL, '2023-11-22 16:26:03', NULL, 'admin9193', 'ACTIVE', 'XXL', 1, 2),
	(7, NULL, '2023-11-22 16:30:53', NULL, 'admin9193', 'ACTIVE', 'Trắng', 2, 3),
	(8, NULL, '2023-11-22 16:30:53', NULL, 'admin9193', 'ACTIVE', 'Đen', 2, 3),
	(9, NULL, '2023-11-22 16:30:53', NULL, 'admin9193', 'ACTIVE', 'Xanh', 2, 3),
	(10, NULL, '2023-11-22 16:30:53', NULL, 'admin9193', 'ACTIVE', 'Nâu', 2, 3),
	(11, NULL, '2023-11-22 16:30:53', NULL, 'admin9193', 'ACTIVE', 'S', 2, 4),
	(12, NULL, '2023-11-22 16:30:53', NULL, 'admin9193', 'ACTIVE', 'M', 2, 4),
	(13, NULL, '2023-11-22 16:30:53', NULL, 'admin9193', 'ACTIVE', 'L', 2, 4),
	(14, NULL, '2023-11-22 16:30:53', NULL, 'admin9193', 'ACTIVE', 'XL', 2, 4),
	(15, NULL, '2023-11-22 16:30:53', NULL, 'admin9193', 'ACTIVE', 'XXL', 2, 4),
	(16, NULL, '2023-11-22 16:34:35', NULL, 'admin9193', 'ACTIVE', 'Xanh', 3, 5),
	(17, NULL, '2023-11-22 16:34:35', NULL, 'admin9193', 'ACTIVE', 'Trắng', 3, 5),
	(18, NULL, '2023-11-22 16:34:35', NULL, 'admin9193', 'ACTIVE', 'Đen', 3, 5),
	(19, NULL, '2023-11-22 16:34:35', NULL, 'admin9193', 'ACTIVE', 'M', 3, 6),
	(20, NULL, '2023-11-22 16:34:35', NULL, 'admin9193', 'ACTIVE', 'L', 3, 6),
	(21, NULL, '2023-11-22 16:34:35', NULL, 'admin9193', 'ACTIVE', 'XL', 3, 6),
	(22, NULL, '2023-11-22 18:33:37', NULL, 'admin9193', 'ACTIVE', 'Trắng', 4, 7),
	(23, NULL, '2023-11-22 18:33:37', NULL, 'admin9193', 'ACTIVE', 'Đen', 4, 7),
	(24, NULL, '2023-11-22 18:33:37', NULL, 'admin9193', 'ACTIVE', 'Hồng', 4, 7),
	(25, NULL, '2023-11-22 18:33:37', NULL, 'admin9193', 'ACTIVE', 'S', 4, 8),
	(26, NULL, '2023-11-22 18:33:37', NULL, 'admin9193', 'ACTIVE', 'M', 4, 8),
	(27, NULL, '2023-11-22 18:33:37', NULL, 'admin9193', 'ACTIVE', 'L', 4, 8),
	(28, NULL, '2023-11-22 18:33:37', NULL, 'admin9193', 'ACTIVE', 'XL', 4, 8),
	(29, NULL, '2023-11-27 02:22:04', NULL, 'admin9193', 'ACTIVE', 'Trắng', 5, 9),
	(30, NULL, '2023-11-27 02:22:06', NULL, 'admin9193', 'ACTIVE', 'Đen', 5, 9),
	(31, NULL, '2023-11-27 02:22:06', NULL, 'admin9193', 'ACTIVE', 'M', 5, 10),
	(32, NULL, '2023-11-27 02:22:06', NULL, 'admin9193', 'ACTIVE', 'XL', 5, 10),
	(33, NULL, '2023-11-27 02:39:52', NULL, 'admin9193', 'ACTIVE', 'Be', 7, 11),
	(34, NULL, '2023-11-27 02:39:52', NULL, 'admin9193', 'ACTIVE', 'Đen', 7, 11),
	(35, NULL, '2023-11-27 02:39:52', NULL, 'admin9193', 'ACTIVE', 'M', 7, 12),
	(36, NULL, '2023-11-27 02:39:52', NULL, 'admin9193', 'ACTIVE', 'L', 7, 12),
	(37, NULL, '2023-11-27 02:43:46', NULL, 'admin9193', 'ACTIVE', 'Đen', 8, 13),
	(38, NULL, '2023-11-27 02:43:46', NULL, 'admin9193', 'ACTIVE', 'L', 8, 14),
	(39, NULL, '2023-11-27 02:43:46', NULL, 'admin9193', 'ACTIVE', 'XL', 8, 14),
	(40, NULL, '2023-11-27 02:46:17', NULL, 'admin9193', 'ACTIVE', 'Đen', 9, 15),
	(41, NULL, '2023-11-27 02:46:17', NULL, 'admin9193', 'ACTIVE', 'L', 9, 16),
	(42, NULL, '2023-11-27 02:46:17', NULL, 'admin9193', 'ACTIVE', 'XL', 9, 16),
	(43, NULL, '2023-11-27 02:48:58', NULL, 'admin9193', 'ACTIVE', 'Đen', 10, 17),
	(44, NULL, '2023-11-27 02:48:58', NULL, 'admin9193', 'ACTIVE', 'M', 10, 18),
	(45, NULL, '2023-11-27 02:48:58', NULL, 'admin9193', 'ACTIVE', 'L', 10, 18),
	(46, NULL, '2023-11-27 02:53:09', NULL, 'admin9193', 'ACTIVE', 'Đen', 11, 19),
	(47, NULL, '2023-11-27 02:53:09', NULL, 'admin9193', 'ACTIVE', 'Be', 11, 19),
	(48, NULL, '2023-11-27 02:53:09', NULL, 'admin9193', 'ACTIVE', 'M', 11, 20),
	(49, NULL, '2023-11-27 02:53:09', NULL, 'admin9193', 'ACTIVE', 'XL', 11, 20),
	(50, NULL, '2023-11-27 02:56:20', NULL, 'admin9193', 'ACTIVE', 'Đen', 12, 21),
	(51, NULL, '2023-11-27 02:56:20', NULL, 'admin9193', 'ACTIVE', 'M', 12, 22),
	(52, NULL, '2023-11-27 02:56:20', NULL, 'admin9193', 'ACTIVE', 'XL', 12, 22),
	(57, NULL, '2023-11-27 03:00:35', NULL, 'admin9193', 'ACTIVE', 'Đen', 14, 25),
	(58, NULL, '2023-11-27 03:00:35', NULL, 'admin9193', 'ACTIVE', 'Trắng', 14, 25),
	(59, NULL, '2023-11-27 03:00:35', NULL, 'admin9193', 'ACTIVE', 'M', 14, 26),
	(60, NULL, '2023-11-27 03:00:35', NULL, 'admin9193', 'ACTIVE', 'XL', 14, 26),
	(70, NULL, '2023-11-27 03:03:37', NULL, 'admin9193', 'ACTIVE', 'Đen', 18, 33),
	(71, NULL, '2023-11-27 03:03:37', NULL, 'admin9193', 'ACTIVE', 'M', 18, 34),
	(72, NULL, '2023-11-27 03:03:37', NULL, 'admin9193', 'ACTIVE', 'XL', 18, 34),
	(73, NULL, '2023-11-27 03:06:11', NULL, 'admin9193', 'ACTIVE', 'Be', 19, 35),
	(74, NULL, '2023-11-27 03:06:11', NULL, 'admin9193', 'ACTIVE', 'Đen', 19, 35),
	(85, NULL, '2023-11-27 03:16:46', NULL, 'admin9193', 'ACTIVE', 'Be', 22, 40),
	(86, NULL, '2023-11-27 03:16:46', NULL, 'admin9193', 'ACTIVE', 'Xanh', 22, 40),
	(87, NULL, '2023-11-27 03:16:46', NULL, 'admin9193', 'ACTIVE', 'Xám', 22, 40),
	(88, NULL, '2023-11-27 03:16:46', NULL, 'admin9193', 'ACTIVE', 'M', 22, 41),
	(89, NULL, '2023-11-27 03:16:46', NULL, 'admin9193', 'ACTIVE', 'XL', 22, 41),
	(90, NULL, '2023-11-27 03:20:51', NULL, 'admin9193', 'ACTIVE', 'Trắng', 23, 42),
	(91, NULL, '2023-11-27 03:20:51', NULL, 'admin9193', 'ACTIVE', 'Xanh', 23, 42),
	(92, NULL, '2023-11-27 03:20:51', NULL, 'admin9193', 'ACTIVE', 'Xám', 23, 42),
	(93, NULL, '2023-11-27 03:25:03', NULL, 'admin9193', 'ACTIVE', 'Be', 24, 43),
	(94, NULL, '2023-11-27 03:25:03', NULL, 'admin9193', 'ACTIVE', 'Nâu', 24, 43),
	(95, NULL, '2023-11-27 03:25:03', NULL, 'admin9193', 'ACTIVE', 'Xám', 24, 43),
	(96, NULL, '2023-11-27 03:25:03', NULL, 'admin9193', 'ACTIVE', 'Đen', 24, 43),
	(97, NULL, '2023-11-27 03:29:29', NULL, 'admin9193', 'ACTIVE', 'Xanh dương', 25, 45),
	(98, NULL, '2023-11-27 03:29:29', NULL, 'admin9193', 'ACTIVE', 'Đen', 25, 45),
	(99, NULL, '2023-11-27 03:29:29', NULL, 'admin9193', 'ACTIVE', 'Trắng', 25, 45),
	(100, NULL, '2023-11-27 03:36:20', NULL, 'admin9193', 'ACTIVE', 'Xanh', 26, 47),
	(101, NULL, '2023-11-27 03:36:20', NULL, 'admin9193', 'ACTIVE', 'Đen', 26, 47),
	(102, NULL, '2023-11-27 03:36:20', NULL, 'admin9193', 'ACTIVE', 'Trắng', 26, 47),
	(103, NULL, '2023-11-27 03:36:20', NULL, 'admin9193', 'ACTIVE', 'Xám', 26, 47),
	(104, NULL, '2023-11-27 03:36:20', NULL, 'admin9193', 'ACTIVE', 'M', 26, 48),
	(105, NULL, '2023-11-27 03:36:20', NULL, 'admin9193', 'ACTIVE', 'XL', 26, 48),
	(106, NULL, '2023-11-27 03:36:20', NULL, 'admin9193', 'ACTIVE', 'S', 26, 48),
	(107, NULL, '2023-11-27 03:40:53', NULL, 'admin9193', 'ACTIVE', 'Đen', 27, 49),
	(108, NULL, '2023-11-27 03:40:53', NULL, 'admin9193', 'ACTIVE', 'Xám', 27, 49),
	(109, NULL, '2023-11-27 03:40:53', NULL, 'admin9193', 'ACTIVE', 'Xanh nhạt', 27, 49),
	(110, NULL, '2023-11-27 03:40:53', NULL, 'admin9193', 'ACTIVE', '30', 27, 50),
	(111, NULL, '2023-11-27 03:40:53', NULL, 'admin9193', 'ACTIVE', '31', 27, 50),
	(112, NULL, '2023-11-27 03:40:53', NULL, 'admin9193', 'ACTIVE', '32', 27, 50),
	(113, NULL, '2023-11-27 15:27:16', NULL, 'admin9193', 'ACTIVE', 'Đen', 28, 51),
	(114, NULL, '2023-11-27 15:27:16', NULL, 'admin9193', 'ACTIVE', 'Vàng', 28, 51),
	(115, NULL, '2023-11-27 15:27:16', NULL, 'admin9193', 'ACTIVE', 'Xanh Đậm', 28, 51),
	(116, NULL, '2023-11-27 15:27:16', NULL, 'admin9193', 'ACTIVE', 'Xanh Nhạt', 28, 51),
	(117, NULL, '2023-11-27 15:27:16', NULL, 'admin9193', 'ACTIVE', 'Xám', 28, 51),
	(118, NULL, '2023-11-27 15:27:16', NULL, 'admin9193', 'ACTIVE', 'M', 28, 52),
	(119, NULL, '2023-11-27 15:27:16', NULL, 'admin9193', 'ACTIVE', 'L', 28, 52),
	(120, NULL, '2023-11-27 15:27:16', NULL, 'admin9193', 'ACTIVE', 'XL', 28, 52),
	(121, NULL, '2023-11-27 15:39:14', NULL, 'admin9193', 'ACTIVE', 'Be', 29, 53),
	(122, NULL, '2023-11-27 15:39:14', NULL, 'admin9193', 'ACTIVE', 'Đen', 29, 53),
	(123, NULL, '2023-11-27 15:39:14', NULL, 'admin9193', 'ACTIVE', 'M', 29, 54),
	(124, NULL, '2023-11-27 15:39:14', NULL, 'admin9193', 'ACTIVE', 'L', 29, 54),
	(125, NULL, '2023-11-27 15:39:14', NULL, 'admin9193', 'ACTIVE', 'XL', 29, 54),
	(126, NULL, '2023-11-27 15:39:14', NULL, 'admin9193', 'ACTIVE', '2XL', 29, 54),
	(127, NULL, '2023-11-27 15:42:19', NULL, 'admin9193', 'ACTIVE', 'Đen', 30, 55),
	(128, NULL, '2023-11-27 15:42:19', NULL, 'admin9193', 'ACTIVE', 'Xanh Lá', 30, 55),
	(129, NULL, '2023-11-27 15:42:19', NULL, 'admin9193', 'ACTIVE', 'Kaki', 30, 55),
	(130, NULL, '2023-11-27 15:42:19', NULL, 'admin9193', 'ACTIVE', 'M', 30, 56),
	(131, NULL, '2023-11-27 15:42:19', NULL, 'admin9193', 'ACTIVE', 'L', 30, 56),
	(132, NULL, '2023-11-27 15:42:19', NULL, 'admin9193', 'ACTIVE', 'XL', 30, 56),
	(133, NULL, '2023-11-27 15:42:19', NULL, 'admin9193', 'ACTIVE', '2XL', 30, 56),
	(134, NULL, '2023-11-27 15:42:19', NULL, 'admin9193', 'ACTIVE', '3XL', 30, 56),
	(135, NULL, '2023-11-27 15:44:42', NULL, 'admin9193', 'ACTIVE', 'M', 31, 57),
	(136, NULL, '2023-11-27 15:44:42', NULL, 'admin9193', 'ACTIVE', 'L', 31, 57),
	(137, NULL, '2023-11-27 15:44:42', NULL, 'admin9193', 'ACTIVE', 'XL', 31, 57),
	(138, NULL, '2023-11-27 15:44:42', NULL, 'admin9193', 'ACTIVE', '2XL', 31, 57),
	(139, NULL, '2023-11-27 15:44:42', NULL, 'admin9193', 'ACTIVE', '3XL', 31, 57),
	(140, NULL, '2023-11-27 15:47:45', NULL, 'admin9193', 'ACTIVE', 'Đen', 32, 58),
	(141, NULL, '2023-11-27 15:47:45', NULL, 'admin9193', 'ACTIVE', 'Be', 32, 58),
	(142, NULL, '2023-11-27 15:47:45', NULL, 'admin9193', 'ACTIVE', 'M', 32, 59),
	(143, NULL, '2023-11-27 15:47:45', NULL, 'admin9193', 'ACTIVE', 'L', 32, 59),
	(144, NULL, '2023-11-27 15:47:45', NULL, 'admin9193', 'ACTIVE', 'XL', 32, 59),
	(145, NULL, '2023-11-27 15:47:45', NULL, 'admin9193', 'ACTIVE', 'XXL', 32, 59),
	(146, NULL, '2023-11-27 15:47:45', NULL, 'admin9193', 'ACTIVE', '3XL', 32, 59),
	(147, NULL, '2023-11-27 15:55:39', NULL, 'admin9193', 'ACTIVE', 'Xám', 33, 60),
	(148, NULL, '2023-11-27 15:55:39', NULL, 'admin9193', 'ACTIVE', 'Xanh nhạt', 33, 60),
	(149, NULL, '2023-11-27 15:55:39', NULL, 'admin9193', 'ACTIVE', 'M', 33, 61),
	(150, NULL, '2023-11-27 15:55:39', NULL, 'admin9193', 'ACTIVE', 'L', 33, 61),
	(151, NULL, '2023-11-27 15:55:39', NULL, 'admin9193', 'ACTIVE', 'XL', 33, 61),
	(152, NULL, '2023-11-27 15:55:39', NULL, 'admin9193', 'ACTIVE', '2XL', 33, 61),
	(153, NULL, '2023-11-27 16:02:20', NULL, 'admin9193', 'ACTIVE', 'JX:90', 34, 62),
	(154, NULL, '2023-11-27 16:02:20', NULL, 'admin9193', 'ACTIVE', 'JX:92', 34, 62),
	(155, NULL, '2023-11-27 16:02:20', NULL, 'admin9193', 'ACTIVE', 'M', 34, 63),
	(156, NULL, '2023-11-27 16:02:20', NULL, 'admin9193', 'ACTIVE', 'L', 34, 63),
	(157, NULL, '2023-11-27 16:02:20', NULL, 'admin9193', 'ACTIVE', 'XL', 34, 63),
	(158, NULL, '2023-11-27 16:02:20', NULL, 'admin9193', 'ACTIVE', 'XXL', 34, 63),
	(159, NULL, '2023-11-27 16:07:29', NULL, 'admin9193', 'ACTIVE', 'Xanh', 35, 64),
	(160, NULL, '2023-11-27 16:07:29', NULL, 'admin9193', 'ACTIVE', 'Đen', 35, 64),
	(161, NULL, '2023-11-27 16:07:29', NULL, 'admin9193', 'ACTIVE', '30', 35, 65),
	(162, NULL, '2023-11-27 16:07:29', NULL, 'admin9193', 'ACTIVE', '31', 35, 65),
	(163, NULL, '2023-11-27 16:07:29', NULL, 'admin9193', 'ACTIVE', '32', 35, 65),
	(164, NULL, '2023-11-27 16:07:29', NULL, 'admin9193', 'ACTIVE', '33', 35, 65),
	(165, NULL, '2023-11-27 16:07:29', NULL, 'admin9193', 'ACTIVE', '29', 35, 65),
	(166, NULL, '2023-11-27 16:07:29', NULL, 'admin9193', 'ACTIVE', '28', 35, 65),
	(167, NULL, '2023-11-27 16:11:30', NULL, 'admin9193', 'ACTIVE', 'Be', 36, 66),
	(168, NULL, '2023-11-27 16:11:30', NULL, 'admin9193', 'ACTIVE', 'Đen', 36, 66),
	(169, NULL, '2023-11-27 16:11:30', NULL, 'admin9193', 'ACTIVE', 'Nâu', 36, 66),
	(170, NULL, '2023-11-27 16:11:30', NULL, 'admin9193', 'ACTIVE', 'S', 36, 67),
	(171, NULL, '2023-11-27 16:11:30', NULL, 'admin9193', 'ACTIVE', 'M', 36, 67),
	(172, NULL, '2023-11-27 16:11:30', NULL, 'admin9193', 'ACTIVE', 'L', 36, 67),
	(173, NULL, '2023-11-27 16:11:30', NULL, 'admin9193', 'ACTIVE', 'XL', 36, 67),
	(174, NULL, '2023-11-27 16:18:34', NULL, 'admin9193', 'ACTIVE', '28', 37, 68),
	(175, NULL, '2023-11-27 16:18:34', NULL, 'admin9193', 'ACTIVE', '29', 37, 68),
	(176, NULL, '2023-11-27 16:18:34', NULL, 'admin9193', 'ACTIVE', '30', 37, 68),
	(177, NULL, '2023-11-27 16:18:34', NULL, 'admin9193', 'ACTIVE', '31', 37, 68),
	(178, NULL, '2023-11-27 16:18:34', NULL, 'admin9193', 'ACTIVE', '32', 37, 68),
	(179, NULL, '2023-11-27 16:24:18', NULL, 'admin9193', 'ACTIVE', 'Đen', 38, 69),
	(180, NULL, '2023-11-27 16:24:18', NULL, 'admin9193', 'ACTIVE', 'Xanh Nhạt', 38, 69),
	(181, NULL, '2023-11-27 16:24:18', NULL, 'admin9193', 'ACTIVE', 'M', 38, 70),
	(182, NULL, '2023-11-27 16:24:18', NULL, 'admin9193', 'ACTIVE', 'L', 38, 70),
	(183, NULL, '2023-11-27 16:24:18', NULL, 'admin9193', 'ACTIVE', 'XL', 38, 70),
	(184, NULL, '2023-11-27 16:24:18', NULL, 'admin9193', 'ACTIVE', '2XL', 38, 70),
	(185, NULL, '2023-11-27 16:29:04', NULL, 'admin9193', 'ACTIVE', 'M', 39, 71),
	(186, NULL, '2023-11-27 16:29:04', NULL, 'admin9193', 'ACTIVE', 'L', 39, 71),
	(187, NULL, '2023-11-27 16:29:04', NULL, 'admin9193', 'ACTIVE', 'XL', 39, 71),
	(188, NULL, '2023-11-27 16:29:04', NULL, 'admin9193', 'ACTIVE', '2XL', 39, 71),
	(189, NULL, '2023-11-27 16:40:54', NULL, 'admin9193', 'ACTIVE', 'M', 41, 72),
	(190, NULL, '2023-11-27 16:40:54', NULL, 'admin9193', 'ACTIVE', 'L', 41, 72),
	(191, NULL, '2023-11-27 16:40:54', NULL, 'admin9193', 'ACTIVE', 'XL', 41, 72),
	(192, NULL, '2023-11-27 16:48:19', NULL, 'admin9193', 'ACTIVE', 'M', 42, 73),
	(193, NULL, '2023-11-27 16:48:19', NULL, 'admin9193', 'ACTIVE', 'L', 42, 73),
	(194, NULL, '2023-11-27 16:48:19', NULL, 'admin9193', 'ACTIVE', 'XL', 42, 73),
	(195, NULL, '2023-12-09 05:23:49', NULL, 'admin9193', 'ACTIVE', 'Đen', 43, 74),
	(196, NULL, '2023-12-09 05:23:49', NULL, 'admin9193', 'ACTIVE', 'Be', 43, 74),
	(197, NULL, '2023-12-09 05:23:49', NULL, 'admin9193', 'ACTIVE', 'Xanh Xám', 43, 74),
	(198, NULL, '2023-12-09 05:23:49', NULL, 'admin9193', 'ACTIVE', 'M', 43, 75),
	(199, NULL, '2023-12-09 05:23:49', NULL, 'admin9193', 'ACTIVE', 'L', 43, 75),
	(200, NULL, '2023-12-09 05:23:49', NULL, 'admin9193', 'ACTIVE', 'XL', 43, 75),
	(201, NULL, '2023-12-09 05:23:49', NULL, 'admin9193', 'ACTIVE', 'Địa Cầu', 43, 76),
	(202, NULL, '2023-12-09 05:23:49', NULL, 'admin9193', 'ACTIVE', 'Họa Hình', 43, 76),
	(203, NULL, '2023-12-09 05:27:29', NULL, 'admin9193', 'ACTIVE', 'Xanh', 44, 77),
	(204, NULL, '2023-12-09 05:27:29', NULL, 'admin9193', 'ACTIVE', 'Đen', 44, 77),
	(205, NULL, '2023-12-09 05:27:29', NULL, 'admin9193', 'ACTIVE', '29', 44, 78),
	(206, NULL, '2023-12-09 05:27:29', NULL, 'admin9193', 'ACTIVE', '30', 44, 78),
	(207, NULL, '2023-12-09 05:27:29', NULL, 'admin9193', 'ACTIVE', '31', 44, 78),
	(208, NULL, '2023-12-09 05:27:29', NULL, 'admin9193', 'ACTIVE', '32', 44, 78),
	(209, NULL, '2023-12-09 05:27:29', NULL, 'admin9193', 'ACTIVE', 'Dáng Xuông', 44, 79),
	(210, NULL, '2023-12-09 05:27:29', NULL, 'admin9193', 'ACTIVE', 'Dáng Ống Loe', 44, 79),
	(211, NULL, '2023-12-09 05:29:47', NULL, 'admin9193', 'ACTIVE', 'Đen', 45, 80),
	(212, NULL, '2023-12-09 05:29:47', NULL, 'admin9193', 'ACTIVE', 'Xám', 45, 80),
	(213, NULL, '2023-12-09 05:29:47', NULL, 'admin9193', 'ACTIVE', 'Trắng', 45, 80),
	(214, NULL, '2023-12-09 05:29:47', NULL, 'admin9193', 'ACTIVE', 'Xanh Than', 45, 80),
	(215, NULL, '2023-12-09 05:29:47', NULL, 'admin9193', 'ACTIVE', 'M', 45, 81),
	(216, NULL, '2023-12-09 05:29:47', NULL, 'admin9193', 'ACTIVE', 'L', 45, 81),
	(217, NULL, '2023-12-09 05:29:47', NULL, 'admin9193', 'ACTIVE', 'XL', 45, 81),
	(218, NULL, '2023-12-09 05:29:47', NULL, 'admin9193', 'ACTIVE', 'Cổ dài', 45, 82),
	(219, NULL, '2023-12-09 05:29:47', NULL, 'admin9193', 'ACTIVE', 'Cổ thấp', 45, 82),
	(220, NULL, '2023-12-09 05:33:09', NULL, 'admin9193', 'ACTIVE', 'Đen', 46, 83),
	(221, NULL, '2023-12-09 05:33:09', NULL, 'admin9193', 'ACTIVE', 'Be', 46, 83),
	(222, NULL, '2023-12-09 05:33:09', NULL, 'admin9193', 'ACTIVE', 'M', 46, 84),
	(223, NULL, '2023-12-09 05:33:09', NULL, 'admin9193', 'ACTIVE', 'L', 46, 84),
	(224, NULL, '2023-12-09 05:33:09', NULL, 'admin9193', 'ACTIVE', 'XL', 46, 84),
	(225, NULL, '2023-12-09 05:33:09', NULL, 'admin9193', 'ACTIVE', 'S', 46, 84),
	(226, NULL, '2023-12-09 05:33:09', NULL, 'admin9193', 'ACTIVE', 'Vải Cotton', 46, 85),
	(227, NULL, '2023-12-09 05:33:09', NULL, 'admin9193', 'ACTIVE', 'Vải Corona', 46, 85),
	(228, NULL, '2023-12-09 05:35:35', NULL, 'admin9193', 'ACTIVE', 'Xanh', 47, 86),
	(229, NULL, '2023-12-09 05:35:35', NULL, 'admin9193', 'ACTIVE', 'Trắng', 47, 86),
	(230, NULL, '2023-12-09 05:35:35', NULL, 'admin9193', 'ACTIVE', 'S', 47, 87),
	(231, NULL, '2023-12-09 05:35:35', NULL, 'admin9193', 'ACTIVE', 'L', 47, 87),
	(232, NULL, '2023-12-09 05:35:35', NULL, 'admin9193', 'ACTIVE', 'XL', 47, 87),
	(233, NULL, '2023-12-09 05:35:35', NULL, 'admin9193', 'ACTIVE', 'XXL', 47, 87),
	(234, NULL, '2023-12-09 05:35:35', NULL, 'admin9193', 'ACTIVE', 'Logo', 47, 88),
	(235, NULL, '2023-12-09 05:35:35', NULL, 'admin9193', 'ACTIVE', 'Chữ cái', 47, 88),
	(236, NULL, '2023-12-09 05:42:31', NULL, 'admin9193', 'ACTIVE', 'Xanh', 48, 89),
	(237, NULL, '2023-12-09 05:42:32', NULL, 'admin9193', 'ACTIVE', 'Hồng', 48, 89),
	(238, NULL, '2023-12-09 05:42:32', NULL, 'admin9193', 'ACTIVE', 'Trắng', 48, 89),
	(239, NULL, '2023-12-09 05:42:32', NULL, 'admin9193', 'ACTIVE', 'Đen', 48, 89),
	(240, NULL, '2023-12-09 05:42:32', NULL, 'admin9193', 'ACTIVE', 'M', 48, 90),
	(241, NULL, '2023-12-09 05:42:32', NULL, 'admin9193', 'ACTIVE', 'L', 48, 90),
	(242, NULL, '2023-12-09 05:42:32', NULL, 'admin9193', 'ACTIVE', 'XL', 48, 90),
	(243, NULL, '2023-12-09 05:42:32', NULL, 'admin9193', 'ACTIVE', 'XXL', 48, 90),
	(244, NULL, '2023-12-09 05:42:32', NULL, 'admin9193', 'ACTIVE', 'Vải Cotton', 48, 91),
	(245, NULL, '2023-12-09 05:42:32', NULL, 'admin9193', 'ACTIVE', 'Vải Kate', 48, 91),
	(246, NULL, '2023-12-09 05:42:32', NULL, 'admin9193', 'ACTIVE', 'Vải Visco', 48, 91),
	(247, NULL, '2023-12-09 05:42:32', NULL, 'admin9193', 'ACTIVE', 'Địa Cầu', 48, 92),
	(248, NULL, '2023-12-09 05:42:32', NULL, 'admin9193', 'ACTIVE', 'Mặt Trăng', 48, 92),
	(249, NULL, '2023-12-09 05:42:32', NULL, 'admin9193', 'ACTIVE', 'Bầu Trời', 48, 92),
	(250, NULL, '2023-12-09 05:42:32', NULL, 'admin9193', 'ACTIVE', 'Họa Hình', 48, 92),
	(251, NULL, '2023-12-09 05:47:44', NULL, 'admin9193', 'ACTIVE', 'Đen', 49, 93),
	(252, NULL, '2023-12-09 05:47:44', NULL, 'admin9193', 'ACTIVE', 'Xám', 49, 93),
	(253, NULL, '2023-12-09 05:47:44', NULL, 'admin9193', 'ACTIVE', 'Trắng', 49, 93),
	(254, NULL, '2023-12-09 05:47:44', NULL, 'admin9193', 'ACTIVE', 'M', 49, 94),
	(255, NULL, '2023-12-09 05:47:44', NULL, 'admin9193', 'ACTIVE', 'L', 49, 94),
	(256, NULL, '2023-12-09 05:47:44', NULL, 'admin9193', 'ACTIVE', 'XL', 49, 94),
	(257, NULL, '2023-12-09 05:47:44', NULL, 'admin9193', 'ACTIVE', 'XXL', 49, 94),
	(258, NULL, '2023-12-09 05:47:44', NULL, 'admin9193', 'ACTIVE', 'Vải Cotton', 49, 95),
	(259, NULL, '2023-12-09 05:47:44', NULL, 'admin9193', 'ACTIVE', 'Vải Corolan', 49, 95),
	(260, NULL, '2023-12-09 05:47:44', NULL, 'admin9193', 'ACTIVE', 'Tay ngắn', 49, 96),
	(261, NULL, '2023-12-09 05:47:44', NULL, 'admin9193', 'ACTIVE', 'Tay lỡ', 49, 96),
	(262, NULL, '2023-12-23 04:17:05', NULL, 'admin9193', 'ACTIVE', 'M', 50, 97),
	(263, NULL, '2023-12-23 04:17:05', NULL, 'admin9193', 'ACTIVE', 'L', 50, 97),
	(264, NULL, '2023-12-23 04:17:05', NULL, 'admin9193', 'ACTIVE', 'XL', 50, 97),
	(265, NULL, '2023-12-23 04:17:05', NULL, 'admin9193', 'ACTIVE', 'Vàng mơ', 50, 98),
	(266, NULL, '2023-12-23 04:17:05', NULL, 'admin9193', 'ACTIVE', 'Đen', 50, 98),
	(267, NULL, '2023-12-23 04:17:05', NULL, 'admin9193', 'ACTIVE', 'Xanh than', 50, 98),
	(268, NULL, '2023-12-23 04:58:53', NULL, 'admin9193', 'ACTIVE', 'XXL', 51, 99),
	(269, NULL, '2023-12-23 04:58:53', NULL, 'admin9193', 'ACTIVE', 'Đỏ', 51, 100),
	(270, NULL, '2023-12-23 04:58:53', NULL, 'admin9193', 'ACTIVE', 'Tràm', 51, 100),
	(413, NULL, '2023-12-27 15:37:32', NULL, 'admin9193', 'ACTIVE', 'Xanh than', 67, 189),
	(414, NULL, '2023-12-27 15:37:32', NULL, 'admin9193', 'ACTIVE', 'S', 67, 190),
	(521, NULL, '2023-12-27 17:40:06', NULL, 'admin9193', 'ACTIVE', 'Xanh', 52, 254),
	(522, NULL, '2023-12-27 17:40:06', NULL, 'admin9193', 'ACTIVE', 'Tràm', 52, 254),
	(523, NULL, '2023-12-27 17:40:06', NULL, 'admin9193', 'ACTIVE', 'XXL', 52, 255),
	(524, NULL, '2023-12-27 17:40:06', NULL, 'admin9193', 'ACTIVE', 'S', 52, 255),
	(528, NULL, '2023-12-28 04:58:08', NULL, 'admin9193', 'ACTIVE', 'Đen', 68, 257),
	(529, NULL, '2023-12-28 04:58:08', NULL, 'admin9193', 'ACTIVE', 'Trắng', 68, 257),
	(530, NULL, '2023-12-28 04:58:08', NULL, 'admin9193', 'ACTIVE', 'Xanh', 68, 257),
	(531, NULL, '2023-12-28 04:58:08', NULL, 'admin9193', 'ACTIVE', 'XXL', 68, 258),
	(532, NULL, '2023-12-28 04:58:08', NULL, 'admin9193', 'ACTIVE', 'S', 68, 258),
	(539, NULL, '2024-01-06 16:01:20', NULL, 'anonymous', 'ACTIVE', 'S', 69, 261),
	(540, NULL, '2024-01-06 16:01:20', NULL, 'anonymous', 'ACTIVE', 'XS', 69, 261),
	(541, NULL, '2024-01-06 16:01:20', NULL, 'anonymous', 'ACTIVE', 'L', 69, 261),
	(542, NULL, '2024-01-06 16:01:20', NULL, 'anonymous', 'ACTIVE', 'Trắng', 69, 262),
	(543, NULL, '2024-01-06 16:01:20', NULL, 'anonymous', 'ACTIVE', 'Đỏ', 69, 262),
	(544, NULL, '2024-01-06 16:01:20', NULL, 'anonymous', 'ACTIVE', 'Xanh', 69, 262),
	(545, NULL, '2024-01-06 16:01:20', NULL, 'anonymous', 'ACTIVE', 'Vải', 69, 263),
	(546, NULL, '2024-01-06 16:01:20', NULL, 'anonymous', 'ACTIVE', 'Cotton', 69, 263);

-- Dumping structure for table duantotnghiep.giatrithuoctinhbienthe
CREATE TABLE IF NOT EXISTS `giatrithuoctinhbienthe` (
  `id` bigint NOT NULL AUTO_INCREMENT,
  `ngaysua` timestamp NULL DEFAULT NULL,
  `ngaytao` timestamp NULL DEFAULT NULL,
  `nguoisua` varchar(255) DEFAULT NULL,
  `nguoitao` varchar(255) DEFAULT NULL,
  `trangthai` varchar(255) DEFAULT 'ACTIVE',
  `idbienthe` bigint DEFAULT NULL,
  `idgiatrithuoctinh` bigint DEFAULT NULL,
  PRIMARY KEY (`id`),
  KEY `FKobw0qcs615au67nx2d0ktp41d` (`idbienthe`),
  KEY `FKnj57apbbxsmiwq7187rsgtp7s` (`idgiatrithuoctinh`),
  CONSTRAINT `FKnj57apbbxsmiwq7187rsgtp7s` FOREIGN KEY (`idgiatrithuoctinh`) REFERENCES `giatrithuoctinh` (`id`),
  CONSTRAINT `FKobw0qcs615au67nx2d0ktp41d` FOREIGN KEY (`idbienthe`) REFERENCES `bienthe` (`id`)
) ENGINE=InnoDB AUTO_INCREMENT=3225 DEFAULT CHARSET=utf8mb3;

-- Dumping data for table duantotnghiep.giatrithuoctinhbienthe: ~1,682 rows (approximately)
INSERT INTO `giatrithuoctinhbienthe` (`id`, `ngaysua`, `ngaytao`, `nguoisua`, `nguoitao`, `trangthai`, `idbienthe`, `idgiatrithuoctinh`) VALUES
	(148, NULL, NULL, NULL, NULL, 'ACTIVE', 1, 1),
	(149, NULL, NULL, NULL, NULL, 'ACTIVE', 1, 3),
	(151, NULL, NULL, NULL, NULL, 'ACTIVE', 2, 1),
	(152, NULL, NULL, NULL, NULL, 'ACTIVE', 2, 4),
	(154, NULL, NULL, NULL, NULL, 'ACTIVE', 3, 1),
	(155, NULL, NULL, NULL, NULL, 'ACTIVE', 3, 5),
	(157, NULL, NULL, NULL, NULL, 'ACTIVE', 4, 1),
	(158, NULL, NULL, NULL, NULL, 'ACTIVE', 4, 6),
	(160, NULL, NULL, NULL, NULL, 'ACTIVE', 5, 2),
	(161, NULL, NULL, NULL, NULL, 'ACTIVE', 5, 3),
	(163, NULL, NULL, NULL, NULL, 'ACTIVE', 6, 2),
	(164, NULL, NULL, NULL, NULL, 'ACTIVE', 6, 4),
	(166, NULL, NULL, NULL, NULL, 'ACTIVE', 7, 2),
	(167, NULL, NULL, NULL, NULL, 'ACTIVE', 7, 5),
	(169, NULL, NULL, NULL, NULL, 'ACTIVE', 8, 2),
	(170, NULL, NULL, NULL, NULL, 'ACTIVE', 8, 6),
	(172, NULL, NULL, NULL, NULL, 'ACTIVE', 9, 7),
	(173, NULL, NULL, NULL, NULL, 'ACTIVE', 9, 11),
	(175, NULL, NULL, NULL, NULL, 'ACTIVE', 10, 7),
	(176, NULL, NULL, NULL, NULL, 'ACTIVE', 10, 12),
	(178, NULL, NULL, NULL, NULL, 'ACTIVE', 11, 7),
	(179, NULL, NULL, NULL, NULL, 'ACTIVE', 11, 13),
	(181, NULL, NULL, NULL, NULL, 'ACTIVE', 12, 7),
	(182, NULL, NULL, NULL, NULL, 'ACTIVE', 12, 14),
	(184, NULL, NULL, NULL, NULL, 'ACTIVE', 13, 7),
	(185, NULL, NULL, NULL, NULL, 'ACTIVE', 13, 15),
	(187, NULL, NULL, NULL, NULL, 'ACTIVE', 14, 8),
	(188, NULL, NULL, NULL, NULL, 'ACTIVE', 14, 11),
	(190, NULL, NULL, NULL, NULL, 'ACTIVE', 15, 8),
	(191, NULL, NULL, NULL, NULL, 'ACTIVE', 15, 12),
	(193, NULL, NULL, NULL, NULL, 'ACTIVE', 16, 8),
	(194, NULL, NULL, NULL, NULL, 'ACTIVE', 16, 13),
	(196, NULL, NULL, NULL, NULL, 'ACTIVE', 17, 8),
	(197, NULL, NULL, NULL, NULL, 'ACTIVE', 17, 14),
	(199, NULL, NULL, NULL, NULL, 'ACTIVE', 18, 8),
	(200, NULL, NULL, NULL, NULL, 'ACTIVE', 18, 15),
	(202, NULL, NULL, NULL, NULL, 'ACTIVE', 19, 9),
	(203, NULL, NULL, NULL, NULL, 'ACTIVE', 19, 11),
	(205, NULL, NULL, NULL, NULL, 'ACTIVE', 20, 9),
	(206, NULL, NULL, NULL, NULL, 'ACTIVE', 20, 12),
	(208, NULL, NULL, NULL, NULL, 'ACTIVE', 21, 9),
	(209, NULL, NULL, NULL, NULL, 'ACTIVE', 21, 13),
	(211, NULL, NULL, NULL, NULL, 'ACTIVE', 22, 9),
	(212, NULL, NULL, NULL, NULL, 'ACTIVE', 22, 14),
	(214, NULL, NULL, NULL, NULL, 'ACTIVE', 23, 9),
	(215, NULL, NULL, NULL, NULL, 'ACTIVE', 23, 15),
	(217, NULL, NULL, NULL, NULL, 'ACTIVE', 24, 10),
	(218, NULL, NULL, NULL, NULL, 'ACTIVE', 24, 11),
	(220, NULL, NULL, NULL, NULL, 'ACTIVE', 25, 10),
	(221, NULL, NULL, NULL, NULL, 'ACTIVE', 25, 12),
	(223, NULL, NULL, NULL, NULL, 'ACTIVE', 26, 10),
	(224, NULL, NULL, NULL, NULL, 'ACTIVE', 26, 13),
	(226, NULL, NULL, NULL, NULL, 'ACTIVE', 27, 10),
	(227, NULL, NULL, NULL, NULL, 'ACTIVE', 27, 14),
	(229, NULL, NULL, NULL, NULL, 'ACTIVE', 28, 10),
	(230, NULL, NULL, NULL, NULL, 'ACTIVE', 28, 15),
	(232, NULL, NULL, NULL, NULL, 'ACTIVE', 29, 16),
	(233, NULL, NULL, NULL, NULL, 'ACTIVE', 29, 19),
	(235, NULL, NULL, NULL, NULL, 'ACTIVE', 30, 16),
	(236, NULL, NULL, NULL, NULL, 'ACTIVE', 30, 20),
	(238, NULL, NULL, NULL, NULL, 'ACTIVE', 31, 16),
	(239, NULL, NULL, NULL, NULL, 'ACTIVE', 31, 21),
	(241, NULL, NULL, NULL, NULL, 'ACTIVE', 32, 17),
	(242, NULL, NULL, NULL, NULL, 'ACTIVE', 32, 19),
	(244, NULL, NULL, NULL, NULL, 'ACTIVE', 33, 17),
	(245, NULL, NULL, NULL, NULL, 'ACTIVE', 33, 20),
	(247, NULL, NULL, NULL, NULL, 'ACTIVE', 34, 17),
	(248, NULL, NULL, NULL, NULL, 'ACTIVE', 34, 21),
	(250, NULL, NULL, NULL, NULL, 'ACTIVE', 35, 18),
	(251, NULL, NULL, NULL, NULL, 'ACTIVE', 35, 19),
	(253, NULL, NULL, NULL, NULL, 'ACTIVE', 36, 18),
	(254, NULL, NULL, NULL, NULL, 'ACTIVE', 36, 20),
	(256, NULL, NULL, NULL, NULL, 'ACTIVE', 37, 18),
	(257, NULL, NULL, NULL, NULL, 'ACTIVE', 37, 21),
	(259, NULL, NULL, NULL, NULL, 'ACTIVE', 38, 22),
	(260, NULL, NULL, NULL, NULL, 'ACTIVE', 38, 25),
	(262, NULL, NULL, NULL, NULL, 'ACTIVE', 39, 22),
	(263, NULL, NULL, NULL, NULL, 'ACTIVE', 39, 26),
	(265, NULL, NULL, NULL, NULL, 'ACTIVE', 40, 22),
	(266, NULL, NULL, NULL, NULL, 'ACTIVE', 40, 27),
	(268, NULL, NULL, NULL, NULL, 'ACTIVE', 41, 22),
	(269, NULL, NULL, NULL, NULL, 'ACTIVE', 41, 28),
	(271, NULL, NULL, NULL, NULL, 'ACTIVE', 42, 23),
	(272, NULL, NULL, NULL, NULL, 'ACTIVE', 42, 25),
	(274, NULL, NULL, NULL, NULL, 'ACTIVE', 43, 23),
	(275, NULL, NULL, NULL, NULL, 'ACTIVE', 43, 26),
	(277, NULL, NULL, NULL, NULL, 'ACTIVE', 44, 23),
	(278, NULL, NULL, NULL, NULL, 'ACTIVE', 44, 27),
	(280, NULL, NULL, NULL, NULL, 'ACTIVE', 45, 23),
	(281, NULL, NULL, NULL, NULL, 'ACTIVE', 45, 28),
	(283, NULL, NULL, NULL, NULL, 'ACTIVE', 46, 24),
	(284, NULL, NULL, NULL, NULL, 'ACTIVE', 46, 25),
	(286, NULL, NULL, NULL, NULL, 'ACTIVE', 47, 24),
	(287, NULL, NULL, NULL, NULL, 'ACTIVE', 47, 26),
	(289, NULL, NULL, NULL, NULL, 'ACTIVE', 48, 24),
	(290, NULL, NULL, NULL, NULL, 'ACTIVE', 48, 27),
	(292, NULL, NULL, NULL, NULL, 'ACTIVE', 49, 24),
	(293, NULL, NULL, NULL, NULL, 'ACTIVE', 49, 28),
	(295, NULL, NULL, NULL, NULL, 'ACTIVE', 50, 29),
	(296, NULL, NULL, NULL, NULL, 'ACTIVE', 50, 31),
	(298, NULL, NULL, NULL, NULL, 'ACTIVE', 51, 29),
	(299, NULL, NULL, NULL, NULL, 'ACTIVE', 51, 32),
	(301, NULL, NULL, NULL, NULL, 'ACTIVE', 52, 30),
	(302, NULL, NULL, NULL, NULL, 'ACTIVE', 52, 31),
	(304, NULL, NULL, NULL, NULL, 'ACTIVE', 53, 30),
	(305, NULL, NULL, NULL, NULL, 'ACTIVE', 53, 32),
	(307, NULL, NULL, NULL, NULL, 'ACTIVE', 54, 33),
	(308, NULL, NULL, NULL, NULL, 'ACTIVE', 54, 35),
	(310, NULL, NULL, NULL, NULL, 'ACTIVE', 55, 33),
	(311, NULL, NULL, NULL, NULL, 'ACTIVE', 55, 36),
	(313, NULL, NULL, NULL, NULL, 'ACTIVE', 56, 34),
	(314, NULL, NULL, NULL, NULL, 'ACTIVE', 56, 35),
	(316, NULL, NULL, NULL, NULL, 'ACTIVE', 57, 34),
	(317, NULL, NULL, NULL, NULL, 'ACTIVE', 57, 36),
	(319, NULL, NULL, NULL, NULL, 'ACTIVE', 58, 37),
	(320, NULL, NULL, NULL, NULL, 'ACTIVE', 58, 38),
	(322, NULL, NULL, NULL, NULL, 'ACTIVE', 59, 37),
	(323, NULL, NULL, NULL, NULL, 'ACTIVE', 59, 39),
	(325, NULL, NULL, NULL, NULL, 'ACTIVE', 60, 40),
	(326, NULL, NULL, NULL, NULL, 'ACTIVE', 60, 41),
	(328, NULL, NULL, NULL, NULL, 'ACTIVE', 61, 40),
	(329, NULL, NULL, NULL, NULL, 'ACTIVE', 61, 42),
	(331, NULL, NULL, NULL, NULL, 'ACTIVE', 62, 43),
	(332, NULL, NULL, NULL, NULL, 'ACTIVE', 62, 44),
	(334, NULL, NULL, NULL, NULL, 'ACTIVE', 63, 43),
	(335, NULL, NULL, NULL, NULL, 'ACTIVE', 63, 45),
	(337, NULL, NULL, NULL, NULL, 'ACTIVE', 64, 46),
	(338, NULL, NULL, NULL, NULL, 'ACTIVE', 64, 48),
	(340, NULL, NULL, NULL, NULL, 'ACTIVE', 65, 46),
	(341, NULL, NULL, NULL, NULL, 'ACTIVE', 65, 49),
	(343, NULL, NULL, NULL, NULL, 'ACTIVE', 66, 47),
	(344, NULL, NULL, NULL, NULL, 'ACTIVE', 66, 48),
	(346, NULL, NULL, NULL, NULL, 'ACTIVE', 67, 47),
	(347, NULL, NULL, NULL, NULL, 'ACTIVE', 67, 49),
	(349, NULL, NULL, NULL, NULL, 'ACTIVE', 68, 50),
	(350, NULL, NULL, NULL, NULL, 'ACTIVE', 68, 51),
	(352, NULL, NULL, NULL, NULL, 'ACTIVE', 69, 50),
	(353, NULL, NULL, NULL, NULL, 'ACTIVE', 69, 52),
	(355, NULL, NULL, NULL, NULL, 'ACTIVE', 72, 57),
	(356, NULL, NULL, NULL, NULL, 'ACTIVE', 72, 59),
	(358, NULL, NULL, NULL, NULL, 'ACTIVE', 73, 57),
	(359, NULL, NULL, NULL, NULL, 'ACTIVE', 73, 60),
	(361, NULL, NULL, NULL, NULL, 'ACTIVE', 74, 58),
	(362, NULL, NULL, NULL, NULL, 'ACTIVE', 74, 59),
	(364, NULL, NULL, NULL, NULL, 'ACTIVE', 75, 58),
	(365, NULL, NULL, NULL, NULL, 'ACTIVE', 75, 60),
	(367, NULL, NULL, NULL, NULL, 'ACTIVE', 79, 70),
	(368, NULL, NULL, NULL, NULL, 'ACTIVE', 79, 71),
	(370, NULL, NULL, NULL, NULL, 'ACTIVE', 80, 70),
	(371, NULL, NULL, NULL, NULL, 'ACTIVE', 80, 72),
	(373, NULL, NULL, NULL, NULL, 'ACTIVE', 81, 73),
	(374, NULL, NULL, NULL, NULL, 'ACTIVE', 82, 74),
	(375, NULL, NULL, NULL, NULL, 'ACTIVE', 85, 85),
	(376, NULL, NULL, NULL, NULL, 'ACTIVE', 85, 88),
	(378, NULL, NULL, NULL, NULL, 'ACTIVE', 86, 85),
	(379, NULL, NULL, NULL, NULL, 'ACTIVE', 86, 89),
	(381, NULL, NULL, NULL, NULL, 'ACTIVE', 87, 86),
	(382, NULL, NULL, NULL, NULL, 'ACTIVE', 87, 88),
	(384, NULL, NULL, NULL, NULL, 'ACTIVE', 88, 86),
	(385, NULL, NULL, NULL, NULL, 'ACTIVE', 88, 89),
	(387, NULL, NULL, NULL, NULL, 'ACTIVE', 89, 87),
	(388, NULL, NULL, NULL, NULL, 'ACTIVE', 89, 88),
	(390, NULL, NULL, NULL, NULL, 'ACTIVE', 90, 87),
	(391, NULL, NULL, NULL, NULL, 'ACTIVE', 90, 89),
	(393, NULL, NULL, NULL, NULL, 'ACTIVE', 91, 90),
	(394, NULL, NULL, NULL, NULL, 'ACTIVE', 92, 91),
	(395, NULL, NULL, NULL, NULL, 'ACTIVE', 93, 92),
	(396, NULL, NULL, NULL, NULL, 'ACTIVE', 94, 93),
	(397, NULL, NULL, NULL, NULL, 'ACTIVE', 95, 94),
	(398, NULL, NULL, NULL, NULL, 'ACTIVE', 96, 95),
	(399, NULL, NULL, NULL, NULL, 'ACTIVE', 97, 96),
	(400, NULL, NULL, NULL, NULL, 'ACTIVE', 98, 97),
	(401, NULL, NULL, NULL, NULL, 'ACTIVE', 99, 98),
	(402, NULL, NULL, NULL, NULL, 'ACTIVE', 100, 99),
	(403, NULL, NULL, NULL, NULL, 'ACTIVE', 101, 100),
	(404, NULL, NULL, NULL, NULL, 'ACTIVE', 101, 104),
	(406, NULL, NULL, NULL, NULL, 'ACTIVE', 102, 100),
	(407, NULL, NULL, NULL, NULL, 'ACTIVE', 102, 105),
	(409, NULL, NULL, NULL, NULL, 'ACTIVE', 103, 100),
	(410, NULL, NULL, NULL, NULL, 'ACTIVE', 103, 106),
	(412, NULL, NULL, NULL, NULL, 'ACTIVE', 104, 101),
	(413, NULL, NULL, NULL, NULL, 'ACTIVE', 104, 104),
	(415, NULL, NULL, NULL, NULL, 'ACTIVE', 105, 101),
	(416, NULL, NULL, NULL, NULL, 'ACTIVE', 105, 105),
	(418, NULL, NULL, NULL, NULL, 'ACTIVE', 106, 101),
	(419, NULL, NULL, NULL, NULL, 'ACTIVE', 106, 106),
	(421, NULL, NULL, NULL, NULL, 'ACTIVE', 107, 102),
	(422, NULL, NULL, NULL, NULL, 'ACTIVE', 107, 104),
	(424, NULL, NULL, NULL, NULL, 'ACTIVE', 108, 102),
	(425, NULL, NULL, NULL, NULL, 'ACTIVE', 108, 105),
	(427, NULL, NULL, NULL, NULL, 'ACTIVE', 109, 102),
	(428, NULL, NULL, NULL, NULL, 'ACTIVE', 109, 106),
	(430, NULL, NULL, NULL, NULL, 'ACTIVE', 110, 103),
	(431, NULL, NULL, NULL, NULL, 'ACTIVE', 110, 104),
	(433, NULL, NULL, NULL, NULL, 'ACTIVE', 111, 103),
	(434, NULL, NULL, NULL, NULL, 'ACTIVE', 111, 105),
	(436, NULL, NULL, NULL, NULL, 'ACTIVE', 112, 103),
	(437, NULL, NULL, NULL, NULL, 'ACTIVE', 112, 106),
	(439, NULL, NULL, NULL, NULL, 'ACTIVE', 113, 107),
	(440, NULL, NULL, NULL, NULL, 'ACTIVE', 113, 110),
	(442, NULL, NULL, NULL, NULL, 'ACTIVE', 114, 107),
	(443, NULL, NULL, NULL, NULL, 'ACTIVE', 114, 111),
	(445, NULL, NULL, NULL, NULL, 'ACTIVE', 115, 107),
	(446, NULL, NULL, NULL, NULL, 'ACTIVE', 115, 112),
	(448, NULL, NULL, NULL, NULL, 'ACTIVE', 116, 108),
	(449, NULL, NULL, NULL, NULL, 'ACTIVE', 116, 110),
	(451, NULL, NULL, NULL, NULL, 'ACTIVE', 117, 108),
	(452, NULL, NULL, NULL, NULL, 'ACTIVE', 117, 111),
	(454, NULL, NULL, NULL, NULL, 'ACTIVE', 118, 108),
	(455, NULL, NULL, NULL, NULL, 'ACTIVE', 118, 112),
	(457, NULL, NULL, NULL, NULL, 'ACTIVE', 119, 109),
	(458, NULL, NULL, NULL, NULL, 'ACTIVE', 119, 110),
	(460, NULL, NULL, NULL, NULL, 'ACTIVE', 120, 109),
	(461, NULL, NULL, NULL, NULL, 'ACTIVE', 120, 111),
	(463, NULL, NULL, NULL, NULL, 'ACTIVE', 121, 109),
	(464, NULL, NULL, NULL, NULL, 'ACTIVE', 121, 112),
	(466, NULL, NULL, NULL, NULL, 'ACTIVE', 122, 113),
	(467, NULL, NULL, NULL, NULL, 'ACTIVE', 122, 118),
	(469, NULL, NULL, NULL, NULL, 'ACTIVE', 123, 113),
	(470, NULL, NULL, NULL, NULL, 'ACTIVE', 123, 119),
	(472, NULL, NULL, NULL, NULL, 'ACTIVE', 124, 113),
	(473, NULL, NULL, NULL, NULL, 'ACTIVE', 124, 120),
	(475, NULL, NULL, NULL, NULL, 'ACTIVE', 125, 114),
	(476, NULL, NULL, NULL, NULL, 'ACTIVE', 125, 118),
	(478, NULL, NULL, NULL, NULL, 'ACTIVE', 126, 114),
	(479, NULL, NULL, NULL, NULL, 'ACTIVE', 126, 119),
	(481, NULL, NULL, NULL, NULL, 'ACTIVE', 127, 114),
	(482, NULL, NULL, NULL, NULL, 'ACTIVE', 127, 120),
	(484, NULL, NULL, NULL, NULL, 'ACTIVE', 128, 115),
	(485, NULL, NULL, NULL, NULL, 'ACTIVE', 128, 118),
	(487, NULL, NULL, NULL, NULL, 'ACTIVE', 129, 115),
	(488, NULL, NULL, NULL, NULL, 'ACTIVE', 129, 119),
	(490, NULL, NULL, NULL, NULL, 'ACTIVE', 130, 115),
	(491, NULL, NULL, NULL, NULL, 'ACTIVE', 130, 120),
	(493, NULL, NULL, NULL, NULL, 'ACTIVE', 131, 116),
	(494, NULL, NULL, NULL, NULL, 'ACTIVE', 131, 118),
	(496, NULL, NULL, NULL, NULL, 'ACTIVE', 132, 116),
	(497, NULL, NULL, NULL, NULL, 'ACTIVE', 132, 119),
	(499, NULL, NULL, NULL, NULL, 'ACTIVE', 133, 116),
	(500, NULL, NULL, NULL, NULL, 'ACTIVE', 133, 120),
	(502, NULL, NULL, NULL, NULL, 'ACTIVE', 134, 117),
	(503, NULL, NULL, NULL, NULL, 'ACTIVE', 134, 118),
	(505, NULL, NULL, NULL, NULL, 'ACTIVE', 135, 117),
	(506, NULL, NULL, NULL, NULL, 'ACTIVE', 135, 119),
	(508, NULL, NULL, NULL, NULL, 'ACTIVE', 136, 117),
	(509, NULL, NULL, NULL, NULL, 'ACTIVE', 136, 120),
	(511, NULL, NULL, NULL, NULL, 'ACTIVE', 137, 121),
	(512, NULL, NULL, NULL, NULL, 'ACTIVE', 137, 123),
	(514, NULL, NULL, NULL, NULL, 'ACTIVE', 138, 121),
	(515, NULL, NULL, NULL, NULL, 'ACTIVE', 138, 124),
	(517, NULL, NULL, NULL, NULL, 'ACTIVE', 139, 121),
	(518, NULL, NULL, NULL, NULL, 'ACTIVE', 139, 125),
	(520, NULL, NULL, NULL, NULL, 'ACTIVE', 140, 121),
	(521, NULL, NULL, NULL, NULL, 'ACTIVE', 140, 126),
	(523, NULL, NULL, NULL, NULL, 'ACTIVE', 141, 122),
	(524, NULL, NULL, NULL, NULL, 'ACTIVE', 141, 123),
	(526, NULL, NULL, NULL, NULL, 'ACTIVE', 142, 122),
	(527, NULL, NULL, NULL, NULL, 'ACTIVE', 142, 124),
	(529, NULL, NULL, NULL, NULL, 'ACTIVE', 143, 122),
	(530, NULL, NULL, NULL, NULL, 'ACTIVE', 143, 125),
	(532, NULL, NULL, NULL, NULL, 'ACTIVE', 144, 122),
	(533, NULL, NULL, NULL, NULL, 'ACTIVE', 144, 126),
	(535, NULL, NULL, NULL, NULL, 'ACTIVE', 145, 127),
	(536, NULL, NULL, NULL, NULL, 'ACTIVE', 145, 130),
	(538, NULL, NULL, NULL, NULL, 'ACTIVE', 146, 127),
	(539, NULL, NULL, NULL, NULL, 'ACTIVE', 146, 131),
	(541, NULL, NULL, NULL, NULL, 'ACTIVE', 147, 127),
	(542, NULL, NULL, NULL, NULL, 'ACTIVE', 147, 132),
	(544, NULL, NULL, NULL, NULL, 'ACTIVE', 148, 127),
	(545, NULL, NULL, NULL, NULL, 'ACTIVE', 148, 133),
	(547, NULL, NULL, NULL, NULL, 'ACTIVE', 149, 127),
	(548, NULL, NULL, NULL, NULL, 'ACTIVE', 149, 134),
	(550, NULL, NULL, NULL, NULL, 'ACTIVE', 150, 128),
	(551, NULL, NULL, NULL, NULL, 'ACTIVE', 150, 130),
	(553, NULL, NULL, NULL, NULL, 'ACTIVE', 151, 128),
	(554, NULL, NULL, NULL, NULL, 'ACTIVE', 151, 131),
	(556, NULL, NULL, NULL, NULL, 'ACTIVE', 152, 128),
	(557, NULL, NULL, NULL, NULL, 'ACTIVE', 152, 132),
	(559, NULL, NULL, NULL, NULL, 'ACTIVE', 153, 128),
	(560, NULL, NULL, NULL, NULL, 'ACTIVE', 153, 133),
	(562, NULL, NULL, NULL, NULL, 'ACTIVE', 154, 128),
	(563, NULL, NULL, NULL, NULL, 'ACTIVE', 154, 134),
	(565, NULL, NULL, NULL, NULL, 'ACTIVE', 155, 129),
	(566, NULL, NULL, NULL, NULL, 'ACTIVE', 155, 130),
	(568, NULL, NULL, NULL, NULL, 'ACTIVE', 156, 129),
	(569, NULL, NULL, NULL, NULL, 'ACTIVE', 156, 131),
	(571, NULL, NULL, NULL, NULL, 'ACTIVE', 157, 129),
	(572, NULL, NULL, NULL, NULL, 'ACTIVE', 157, 132),
	(574, NULL, NULL, NULL, NULL, 'ACTIVE', 158, 129),
	(575, NULL, NULL, NULL, NULL, 'ACTIVE', 158, 133),
	(577, NULL, NULL, NULL, NULL, 'ACTIVE', 159, 129),
	(578, NULL, NULL, NULL, NULL, 'ACTIVE', 159, 134),
	(580, NULL, NULL, NULL, NULL, 'ACTIVE', 160, 135),
	(581, NULL, NULL, NULL, NULL, 'ACTIVE', 161, 136),
	(582, NULL, NULL, NULL, NULL, 'ACTIVE', 162, 137),
	(583, NULL, NULL, NULL, NULL, 'ACTIVE', 163, 138),
	(584, NULL, NULL, NULL, NULL, 'ACTIVE', 164, 139),
	(585, NULL, NULL, NULL, NULL, 'ACTIVE', 165, 140),
	(586, NULL, NULL, NULL, NULL, 'ACTIVE', 165, 142),
	(588, NULL, NULL, NULL, NULL, 'ACTIVE', 166, 140),
	(589, NULL, NULL, NULL, NULL, 'ACTIVE', 166, 143),
	(591, NULL, NULL, NULL, NULL, 'ACTIVE', 167, 140),
	(592, NULL, NULL, NULL, NULL, 'ACTIVE', 167, 144),
	(594, NULL, NULL, NULL, NULL, 'ACTIVE', 168, 140),
	(595, NULL, NULL, NULL, NULL, 'ACTIVE', 168, 145),
	(597, NULL, NULL, NULL, NULL, 'ACTIVE', 169, 140),
	(598, NULL, NULL, NULL, NULL, 'ACTIVE', 169, 146),
	(600, NULL, NULL, NULL, NULL, 'ACTIVE', 170, 141),
	(601, NULL, NULL, NULL, NULL, 'ACTIVE', 170, 142),
	(603, NULL, NULL, NULL, NULL, 'ACTIVE', 171, 141),
	(604, NULL, NULL, NULL, NULL, 'ACTIVE', 171, 143),
	(606, NULL, NULL, NULL, NULL, 'ACTIVE', 172, 141),
	(607, NULL, NULL, NULL, NULL, 'ACTIVE', 172, 144),
	(609, NULL, NULL, NULL, NULL, 'ACTIVE', 173, 141),
	(610, NULL, NULL, NULL, NULL, 'ACTIVE', 173, 145),
	(612, NULL, NULL, NULL, NULL, 'ACTIVE', 174, 141),
	(613, NULL, NULL, NULL, NULL, 'ACTIVE', 174, 146),
	(615, NULL, NULL, NULL, NULL, 'ACTIVE', 175, 147),
	(616, NULL, NULL, NULL, NULL, 'ACTIVE', 175, 149),
	(618, NULL, NULL, NULL, NULL, 'ACTIVE', 176, 147),
	(619, NULL, NULL, NULL, NULL, 'ACTIVE', 176, 150),
	(621, NULL, NULL, NULL, NULL, 'ACTIVE', 177, 147),
	(622, NULL, NULL, NULL, NULL, 'ACTIVE', 177, 151),
	(624, NULL, NULL, NULL, NULL, 'ACTIVE', 178, 147),
	(625, NULL, NULL, NULL, NULL, 'ACTIVE', 178, 152),
	(627, NULL, NULL, NULL, NULL, 'ACTIVE', 179, 148),
	(628, NULL, NULL, NULL, NULL, 'ACTIVE', 179, 149),
	(630, NULL, NULL, NULL, NULL, 'ACTIVE', 180, 148),
	(631, NULL, NULL, NULL, NULL, 'ACTIVE', 180, 150),
	(633, NULL, NULL, NULL, NULL, 'ACTIVE', 181, 148),
	(634, NULL, NULL, NULL, NULL, 'ACTIVE', 181, 151),
	(636, NULL, NULL, NULL, NULL, 'ACTIVE', 182, 148),
	(637, NULL, NULL, NULL, NULL, 'ACTIVE', 182, 152),
	(639, NULL, NULL, NULL, NULL, 'ACTIVE', 183, 153),
	(640, NULL, NULL, NULL, NULL, 'ACTIVE', 183, 155),
	(642, NULL, NULL, NULL, NULL, 'ACTIVE', 184, 153),
	(643, NULL, NULL, NULL, NULL, 'ACTIVE', 184, 156),
	(645, NULL, NULL, NULL, NULL, 'ACTIVE', 185, 153),
	(646, NULL, NULL, NULL, NULL, 'ACTIVE', 185, 157),
	(648, NULL, NULL, NULL, NULL, 'ACTIVE', 186, 153),
	(649, NULL, NULL, NULL, NULL, 'ACTIVE', 186, 158),
	(651, NULL, NULL, NULL, NULL, 'ACTIVE', 187, 154),
	(652, NULL, NULL, NULL, NULL, 'ACTIVE', 187, 155),
	(654, NULL, NULL, NULL, NULL, 'ACTIVE', 188, 154),
	(655, NULL, NULL, NULL, NULL, 'ACTIVE', 188, 156),
	(657, NULL, NULL, NULL, NULL, 'ACTIVE', 189, 154),
	(658, NULL, NULL, NULL, NULL, 'ACTIVE', 189, 157),
	(660, NULL, NULL, NULL, NULL, 'ACTIVE', 190, 154),
	(661, NULL, NULL, NULL, NULL, 'ACTIVE', 190, 158),
	(663, NULL, NULL, NULL, NULL, 'ACTIVE', 191, 159),
	(664, NULL, NULL, NULL, NULL, 'ACTIVE', 191, 161),
	(666, NULL, NULL, NULL, NULL, 'ACTIVE', 192, 159),
	(667, NULL, NULL, NULL, NULL, 'ACTIVE', 192, 162),
	(669, NULL, NULL, NULL, NULL, 'ACTIVE', 193, 159),
	(670, NULL, NULL, NULL, NULL, 'ACTIVE', 193, 163),
	(672, NULL, NULL, NULL, NULL, 'ACTIVE', 194, 159),
	(673, NULL, NULL, NULL, NULL, 'ACTIVE', 194, 164),
	(675, NULL, NULL, NULL, NULL, 'ACTIVE', 195, 159),
	(676, NULL, NULL, NULL, NULL, 'ACTIVE', 195, 165),
	(678, NULL, NULL, NULL, NULL, 'ACTIVE', 196, 159),
	(679, NULL, NULL, NULL, NULL, 'ACTIVE', 196, 166),
	(681, NULL, NULL, NULL, NULL, 'ACTIVE', 197, 160),
	(682, NULL, NULL, NULL, NULL, 'ACTIVE', 197, 161),
	(684, NULL, NULL, NULL, NULL, 'ACTIVE', 198, 160),
	(685, NULL, NULL, NULL, NULL, 'ACTIVE', 198, 162),
	(687, NULL, NULL, NULL, NULL, 'ACTIVE', 199, 160),
	(688, NULL, NULL, NULL, NULL, 'ACTIVE', 199, 163),
	(690, NULL, NULL, NULL, NULL, 'ACTIVE', 200, 160),
	(691, NULL, NULL, NULL, NULL, 'ACTIVE', 200, 164),
	(693, NULL, NULL, NULL, NULL, 'ACTIVE', 201, 160),
	(694, NULL, NULL, NULL, NULL, 'ACTIVE', 201, 165),
	(696, NULL, NULL, NULL, NULL, 'ACTIVE', 202, 160),
	(697, NULL, NULL, NULL, NULL, 'ACTIVE', 202, 166),
	(699, NULL, NULL, NULL, NULL, 'ACTIVE', 203, 167),
	(700, NULL, NULL, NULL, NULL, 'ACTIVE', 203, 170),
	(702, NULL, NULL, NULL, NULL, 'ACTIVE', 204, 167),
	(703, NULL, NULL, NULL, NULL, 'ACTIVE', 204, 171),
	(705, NULL, NULL, NULL, NULL, 'ACTIVE', 205, 167),
	(706, NULL, NULL, NULL, NULL, 'ACTIVE', 205, 172),
	(708, NULL, NULL, NULL, NULL, 'ACTIVE', 206, 167),
	(709, NULL, NULL, NULL, NULL, 'ACTIVE', 206, 173),
	(711, NULL, NULL, NULL, NULL, 'ACTIVE', 207, 168),
	(712, NULL, NULL, NULL, NULL, 'ACTIVE', 207, 170),
	(714, NULL, NULL, NULL, NULL, 'ACTIVE', 208, 168),
	(715, NULL, NULL, NULL, NULL, 'ACTIVE', 208, 171),
	(717, NULL, NULL, NULL, NULL, 'ACTIVE', 209, 168),
	(718, NULL, NULL, NULL, NULL, 'ACTIVE', 209, 172),
	(720, NULL, NULL, NULL, NULL, 'ACTIVE', 210, 168),
	(721, NULL, NULL, NULL, NULL, 'ACTIVE', 210, 173),
	(723, NULL, NULL, NULL, NULL, 'ACTIVE', 211, 169),
	(724, NULL, NULL, NULL, NULL, 'ACTIVE', 211, 170),
	(726, NULL, NULL, NULL, NULL, 'ACTIVE', 212, 169),
	(727, NULL, NULL, NULL, NULL, 'ACTIVE', 212, 171),
	(729, NULL, NULL, NULL, NULL, 'ACTIVE', 213, 169),
	(730, NULL, NULL, NULL, NULL, 'ACTIVE', 213, 172),
	(732, NULL, NULL, NULL, NULL, 'ACTIVE', 214, 169),
	(733, NULL, NULL, NULL, NULL, 'ACTIVE', 214, 173),
	(735, NULL, NULL, NULL, NULL, 'ACTIVE', 215, 174),
	(736, NULL, NULL, NULL, NULL, 'ACTIVE', 216, 175),
	(737, NULL, NULL, NULL, NULL, 'ACTIVE', 217, 176),
	(738, NULL, NULL, NULL, NULL, 'ACTIVE', 218, 177),
	(739, NULL, NULL, NULL, NULL, 'ACTIVE', 219, 178),
	(740, NULL, NULL, NULL, NULL, 'ACTIVE', 220, 179),
	(741, NULL, NULL, NULL, NULL, 'ACTIVE', 220, 181),
	(743, NULL, NULL, NULL, NULL, 'ACTIVE', 221, 179),
	(744, NULL, NULL, NULL, NULL, 'ACTIVE', 221, 182),
	(746, NULL, NULL, NULL, NULL, 'ACTIVE', 222, 179),
	(747, NULL, NULL, NULL, NULL, 'ACTIVE', 222, 183),
	(749, NULL, NULL, NULL, NULL, 'ACTIVE', 223, 179),
	(750, NULL, NULL, NULL, NULL, 'ACTIVE', 223, 184),
	(752, NULL, NULL, NULL, NULL, 'ACTIVE', 224, 180),
	(753, NULL, NULL, NULL, NULL, 'ACTIVE', 224, 181),
	(755, NULL, NULL, NULL, NULL, 'ACTIVE', 225, 180),
	(756, NULL, NULL, NULL, NULL, 'ACTIVE', 225, 182),
	(758, NULL, NULL, NULL, NULL, 'ACTIVE', 226, 180),
	(759, NULL, NULL, NULL, NULL, 'ACTIVE', 226, 183),
	(761, NULL, NULL, NULL, NULL, 'ACTIVE', 227, 180),
	(762, NULL, NULL, NULL, NULL, 'ACTIVE', 227, 184),
	(764, NULL, NULL, NULL, NULL, 'ACTIVE', 228, 185),
	(765, NULL, NULL, NULL, NULL, 'ACTIVE', 229, 186),
	(766, NULL, NULL, NULL, NULL, 'ACTIVE', 230, 187),
	(767, NULL, NULL, NULL, NULL, 'ACTIVE', 231, 188),
	(768, NULL, NULL, NULL, NULL, 'ACTIVE', 232, 189),
	(769, NULL, NULL, NULL, NULL, 'ACTIVE', 233, 190),
	(770, NULL, NULL, NULL, NULL, 'ACTIVE', 234, 191),
	(771, NULL, NULL, NULL, NULL, 'ACTIVE', 235, 192),
	(772, NULL, NULL, NULL, NULL, 'ACTIVE', 236, 193),
	(773, NULL, NULL, NULL, NULL, 'ACTIVE', 237, 194),
	(774, NULL, NULL, NULL, NULL, 'ACTIVE', 238, 195),
	(775, NULL, NULL, NULL, NULL, 'ACTIVE', 238, 198),
	(776, NULL, NULL, NULL, NULL, 'ACTIVE', 238, 201),
	(777, NULL, NULL, NULL, NULL, 'ACTIVE', 239, 195),
	(778, NULL, NULL, NULL, NULL, 'ACTIVE', 239, 198),
	(779, NULL, NULL, NULL, NULL, 'ACTIVE', 239, 202),
	(780, NULL, NULL, NULL, NULL, 'ACTIVE', 240, 195),
	(781, NULL, NULL, NULL, NULL, 'ACTIVE', 240, 199),
	(782, NULL, NULL, NULL, NULL, 'ACTIVE', 240, 201),
	(783, NULL, NULL, NULL, NULL, 'ACTIVE', 241, 195),
	(784, NULL, NULL, NULL, NULL, 'ACTIVE', 241, 199),
	(785, NULL, NULL, NULL, NULL, 'ACTIVE', 241, 202),
	(786, NULL, NULL, NULL, NULL, 'ACTIVE', 242, 195),
	(787, NULL, NULL, NULL, NULL, 'ACTIVE', 242, 200),
	(788, NULL, NULL, NULL, NULL, 'ACTIVE', 242, 201),
	(789, NULL, NULL, NULL, NULL, 'ACTIVE', 243, 195),
	(790, NULL, NULL, NULL, NULL, 'ACTIVE', 243, 200),
	(791, NULL, NULL, NULL, NULL, 'ACTIVE', 243, 202),
	(792, NULL, NULL, NULL, NULL, 'ACTIVE', 244, 196),
	(793, NULL, NULL, NULL, NULL, 'ACTIVE', 244, 198),
	(794, NULL, NULL, NULL, NULL, 'ACTIVE', 244, 201),
	(795, NULL, NULL, NULL, NULL, 'ACTIVE', 245, 196),
	(796, NULL, NULL, NULL, NULL, 'ACTIVE', 245, 198),
	(797, NULL, NULL, NULL, NULL, 'ACTIVE', 245, 202),
	(798, NULL, NULL, NULL, NULL, 'ACTIVE', 246, 196),
	(799, NULL, NULL, NULL, NULL, 'ACTIVE', 246, 199),
	(800, NULL, NULL, NULL, NULL, 'ACTIVE', 246, 201),
	(801, NULL, NULL, NULL, NULL, 'ACTIVE', 247, 196),
	(802, NULL, NULL, NULL, NULL, 'ACTIVE', 247, 199),
	(803, NULL, NULL, NULL, NULL, 'ACTIVE', 247, 202),
	(804, NULL, NULL, NULL, NULL, 'ACTIVE', 248, 196),
	(805, NULL, NULL, NULL, NULL, 'ACTIVE', 248, 200),
	(806, NULL, NULL, NULL, NULL, 'ACTIVE', 248, 201),
	(807, NULL, NULL, NULL, NULL, 'ACTIVE', 249, 196),
	(808, NULL, NULL, NULL, NULL, 'ACTIVE', 249, 200),
	(809, NULL, NULL, NULL, NULL, 'ACTIVE', 249, 202),
	(810, NULL, NULL, NULL, NULL, 'ACTIVE', 250, 197),
	(811, NULL, NULL, NULL, NULL, 'ACTIVE', 250, 198),
	(812, NULL, NULL, NULL, NULL, 'ACTIVE', 250, 201),
	(813, NULL, NULL, NULL, NULL, 'ACTIVE', 251, 197),
	(814, NULL, NULL, NULL, NULL, 'ACTIVE', 251, 198),
	(815, NULL, NULL, NULL, NULL, 'ACTIVE', 251, 202),
	(816, NULL, NULL, NULL, NULL, 'ACTIVE', 252, 197),
	(817, NULL, NULL, NULL, NULL, 'ACTIVE', 252, 199),
	(818, NULL, NULL, NULL, NULL, 'ACTIVE', 252, 201),
	(819, NULL, NULL, NULL, NULL, 'ACTIVE', 253, 197),
	(820, NULL, NULL, NULL, NULL, 'ACTIVE', 253, 199),
	(821, NULL, NULL, NULL, NULL, 'ACTIVE', 253, 202),
	(822, NULL, NULL, NULL, NULL, 'ACTIVE', 254, 197),
	(823, NULL, NULL, NULL, NULL, 'ACTIVE', 254, 200),
	(824, NULL, NULL, NULL, NULL, 'ACTIVE', 254, 201),
	(825, NULL, NULL, NULL, NULL, 'ACTIVE', 255, 197),
	(826, NULL, NULL, NULL, NULL, 'ACTIVE', 255, 200),
	(827, NULL, NULL, NULL, NULL, 'ACTIVE', 255, 202),
	(828, NULL, NULL, NULL, NULL, 'ACTIVE', 256, 203),
	(829, NULL, NULL, NULL, NULL, 'ACTIVE', 256, 205),
	(830, NULL, NULL, NULL, NULL, 'ACTIVE', 256, 209),
	(831, NULL, NULL, NULL, NULL, 'ACTIVE', 257, 203),
	(832, NULL, NULL, NULL, NULL, 'ACTIVE', 257, 205),
	(833, NULL, NULL, NULL, NULL, 'ACTIVE', 257, 210),
	(834, NULL, NULL, NULL, NULL, 'ACTIVE', 258, 203),
	(835, NULL, NULL, NULL, NULL, 'ACTIVE', 258, 206),
	(836, NULL, NULL, NULL, NULL, 'ACTIVE', 258, 209),
	(837, NULL, NULL, NULL, NULL, 'ACTIVE', 259, 203),
	(838, NULL, NULL, NULL, NULL, 'ACTIVE', 259, 206),
	(839, NULL, NULL, NULL, NULL, 'ACTIVE', 259, 210),
	(840, NULL, NULL, NULL, NULL, 'ACTIVE', 260, 203),
	(841, NULL, NULL, NULL, NULL, 'ACTIVE', 260, 207),
	(842, NULL, NULL, NULL, NULL, 'ACTIVE', 260, 209),
	(843, NULL, NULL, NULL, NULL, 'ACTIVE', 261, 203),
	(844, NULL, NULL, NULL, NULL, 'ACTIVE', 261, 207),
	(845, NULL, NULL, NULL, NULL, 'ACTIVE', 261, 210),
	(846, NULL, NULL, NULL, NULL, 'ACTIVE', 262, 203),
	(847, NULL, NULL, NULL, NULL, 'ACTIVE', 262, 208),
	(848, NULL, NULL, NULL, NULL, 'ACTIVE', 262, 209),
	(849, NULL, NULL, NULL, NULL, 'ACTIVE', 263, 203),
	(850, NULL, NULL, NULL, NULL, 'ACTIVE', 263, 208),
	(851, NULL, NULL, NULL, NULL, 'ACTIVE', 263, 210),
	(852, NULL, NULL, NULL, NULL, 'ACTIVE', 264, 204),
	(853, NULL, NULL, NULL, NULL, 'ACTIVE', 264, 205),
	(854, NULL, NULL, NULL, NULL, 'ACTIVE', 264, 209),
	(855, NULL, NULL, NULL, NULL, 'ACTIVE', 265, 204),
	(856, NULL, NULL, NULL, NULL, 'ACTIVE', 265, 205),
	(857, NULL, NULL, NULL, NULL, 'ACTIVE', 265, 210),
	(858, NULL, NULL, NULL, NULL, 'ACTIVE', 266, 204),
	(859, NULL, NULL, NULL, NULL, 'ACTIVE', 266, 206),
	(860, NULL, NULL, NULL, NULL, 'ACTIVE', 266, 209),
	(861, NULL, NULL, NULL, NULL, 'ACTIVE', 267, 204),
	(862, NULL, NULL, NULL, NULL, 'ACTIVE', 267, 206),
	(863, NULL, NULL, NULL, NULL, 'ACTIVE', 267, 210),
	(864, NULL, NULL, NULL, NULL, 'ACTIVE', 268, 204),
	(865, NULL, NULL, NULL, NULL, 'ACTIVE', 268, 207),
	(866, NULL, NULL, NULL, NULL, 'ACTIVE', 268, 209),
	(867, NULL, NULL, NULL, NULL, 'ACTIVE', 269, 204),
	(868, NULL, NULL, NULL, NULL, 'ACTIVE', 269, 207),
	(869, NULL, NULL, NULL, NULL, 'ACTIVE', 269, 210),
	(870, NULL, NULL, NULL, NULL, 'ACTIVE', 270, 204),
	(871, NULL, NULL, NULL, NULL, 'ACTIVE', 270, 208),
	(872, NULL, NULL, NULL, NULL, 'ACTIVE', 270, 209),
	(873, NULL, NULL, NULL, NULL, 'ACTIVE', 271, 204),
	(874, NULL, NULL, NULL, NULL, 'ACTIVE', 271, 208),
	(875, NULL, NULL, NULL, NULL, 'ACTIVE', 271, 210),
	(876, NULL, NULL, NULL, NULL, 'ACTIVE', 272, 211),
	(877, NULL, NULL, NULL, NULL, 'ACTIVE', 272, 215),
	(878, NULL, NULL, NULL, NULL, 'ACTIVE', 272, 218),
	(879, NULL, NULL, NULL, NULL, 'ACTIVE', 273, 211),
	(880, NULL, NULL, NULL, NULL, 'ACTIVE', 273, 215),
	(881, NULL, NULL, NULL, NULL, 'ACTIVE', 273, 219),
	(882, NULL, NULL, NULL, NULL, 'ACTIVE', 274, 211),
	(883, NULL, NULL, NULL, NULL, 'ACTIVE', 274, 216),
	(884, NULL, NULL, NULL, NULL, 'ACTIVE', 274, 218),
	(885, NULL, NULL, NULL, NULL, 'ACTIVE', 275, 211),
	(886, NULL, NULL, NULL, NULL, 'ACTIVE', 275, 216),
	(887, NULL, NULL, NULL, NULL, 'ACTIVE', 275, 219),
	(888, NULL, NULL, NULL, NULL, 'ACTIVE', 276, 211),
	(889, NULL, NULL, NULL, NULL, 'ACTIVE', 276, 217),
	(890, NULL, NULL, NULL, NULL, 'ACTIVE', 276, 218),
	(891, NULL, NULL, NULL, NULL, 'ACTIVE', 277, 211),
	(892, NULL, NULL, NULL, NULL, 'ACTIVE', 277, 217),
	(893, NULL, NULL, NULL, NULL, 'ACTIVE', 277, 219),
	(894, NULL, NULL, NULL, NULL, 'ACTIVE', 278, 212),
	(895, NULL, NULL, NULL, NULL, 'ACTIVE', 278, 215),
	(896, NULL, NULL, NULL, NULL, 'ACTIVE', 278, 218),
	(897, NULL, NULL, NULL, NULL, 'ACTIVE', 279, 212),
	(898, NULL, NULL, NULL, NULL, 'ACTIVE', 279, 215),
	(899, NULL, NULL, NULL, NULL, 'ACTIVE', 279, 219),
	(900, NULL, NULL, NULL, NULL, 'ACTIVE', 280, 212),
	(901, NULL, NULL, NULL, NULL, 'ACTIVE', 280, 216),
	(902, NULL, NULL, NULL, NULL, 'ACTIVE', 280, 218),
	(903, NULL, NULL, NULL, NULL, 'ACTIVE', 281, 212),
	(904, NULL, NULL, NULL, NULL, 'ACTIVE', 281, 216),
	(905, NULL, NULL, NULL, NULL, 'ACTIVE', 281, 219),
	(906, NULL, NULL, NULL, NULL, 'ACTIVE', 282, 212),
	(907, NULL, NULL, NULL, NULL, 'ACTIVE', 282, 217),
	(908, NULL, NULL, NULL, NULL, 'ACTIVE', 282, 218),
	(909, NULL, NULL, NULL, NULL, 'ACTIVE', 283, 212),
	(910, NULL, NULL, NULL, NULL, 'ACTIVE', 283, 217),
	(911, NULL, NULL, NULL, NULL, 'ACTIVE', 283, 219),
	(912, NULL, NULL, NULL, NULL, 'ACTIVE', 284, 213),
	(913, NULL, NULL, NULL, NULL, 'ACTIVE', 284, 215),
	(914, NULL, NULL, NULL, NULL, 'ACTIVE', 284, 218),
	(915, NULL, NULL, NULL, NULL, 'ACTIVE', 285, 213),
	(916, NULL, NULL, NULL, NULL, 'ACTIVE', 285, 215),
	(917, NULL, NULL, NULL, NULL, 'ACTIVE', 285, 219),
	(918, NULL, NULL, NULL, NULL, 'ACTIVE', 286, 213),
	(919, NULL, NULL, NULL, NULL, 'ACTIVE', 286, 216),
	(920, NULL, NULL, NULL, NULL, 'ACTIVE', 286, 218),
	(921, NULL, NULL, NULL, NULL, 'ACTIVE', 287, 213),
	(922, NULL, NULL, NULL, NULL, 'ACTIVE', 287, 216),
	(923, NULL, NULL, NULL, NULL, 'ACTIVE', 287, 219),
	(924, NULL, NULL, NULL, NULL, 'ACTIVE', 288, 213),
	(925, NULL, NULL, NULL, NULL, 'ACTIVE', 288, 217),
	(926, NULL, NULL, NULL, NULL, 'ACTIVE', 288, 218),
	(927, NULL, NULL, NULL, NULL, 'ACTIVE', 289, 213),
	(928, NULL, NULL, NULL, NULL, 'ACTIVE', 289, 217),
	(929, NULL, NULL, NULL, NULL, 'ACTIVE', 289, 219),
	(930, NULL, NULL, NULL, NULL, 'ACTIVE', 290, 214),
	(931, NULL, NULL, NULL, NULL, 'ACTIVE', 290, 215),
	(932, NULL, NULL, NULL, NULL, 'ACTIVE', 290, 218),
	(933, NULL, NULL, NULL, NULL, 'ACTIVE', 291, 214),
	(934, NULL, NULL, NULL, NULL, 'ACTIVE', 291, 215),
	(935, NULL, NULL, NULL, NULL, 'ACTIVE', 291, 219),
	(936, NULL, NULL, NULL, NULL, 'ACTIVE', 292, 214),
	(937, NULL, NULL, NULL, NULL, 'ACTIVE', 292, 216),
	(938, NULL, NULL, NULL, NULL, 'ACTIVE', 292, 218),
	(939, NULL, NULL, NULL, NULL, 'ACTIVE', 293, 214),
	(940, NULL, NULL, NULL, NULL, 'ACTIVE', 293, 216),
	(941, NULL, NULL, NULL, NULL, 'ACTIVE', 293, 219),
	(942, NULL, NULL, NULL, NULL, 'ACTIVE', 294, 214),
	(943, NULL, NULL, NULL, NULL, 'ACTIVE', 294, 217),
	(944, NULL, NULL, NULL, NULL, 'ACTIVE', 294, 218),
	(945, NULL, NULL, NULL, NULL, 'ACTIVE', 295, 214),
	(946, NULL, NULL, NULL, NULL, 'ACTIVE', 295, 217),
	(947, NULL, NULL, NULL, NULL, 'ACTIVE', 295, 219),
	(948, NULL, NULL, NULL, NULL, 'ACTIVE', 296, 220),
	(949, NULL, NULL, NULL, NULL, 'ACTIVE', 296, 222),
	(950, NULL, NULL, NULL, NULL, 'ACTIVE', 296, 226),
	(951, NULL, NULL, NULL, NULL, 'ACTIVE', 297, 220),
	(952, NULL, NULL, NULL, NULL, 'ACTIVE', 297, 222),
	(953, NULL, NULL, NULL, NULL, 'ACTIVE', 297, 227),
	(954, NULL, NULL, NULL, NULL, 'ACTIVE', 298, 220),
	(955, NULL, NULL, NULL, NULL, 'ACTIVE', 298, 223),
	(956, NULL, NULL, NULL, NULL, 'ACTIVE', 298, 226),
	(957, NULL, NULL, NULL, NULL, 'ACTIVE', 299, 220),
	(958, NULL, NULL, NULL, NULL, 'ACTIVE', 299, 223),
	(959, NULL, NULL, NULL, NULL, 'ACTIVE', 299, 227),
	(960, NULL, NULL, NULL, NULL, 'ACTIVE', 300, 220),
	(961, NULL, NULL, NULL, NULL, 'ACTIVE', 300, 224),
	(962, NULL, NULL, NULL, NULL, 'ACTIVE', 300, 226),
	(963, NULL, NULL, NULL, NULL, 'ACTIVE', 301, 220),
	(964, NULL, NULL, NULL, NULL, 'ACTIVE', 301, 224),
	(965, NULL, NULL, NULL, NULL, 'ACTIVE', 301, 227),
	(966, NULL, NULL, NULL, NULL, 'ACTIVE', 302, 220),
	(967, NULL, NULL, NULL, NULL, 'ACTIVE', 302, 225),
	(968, NULL, NULL, NULL, NULL, 'ACTIVE', 302, 226),
	(969, NULL, NULL, NULL, NULL, 'ACTIVE', 303, 220),
	(970, NULL, NULL, NULL, NULL, 'ACTIVE', 303, 225),
	(971, NULL, NULL, NULL, NULL, 'ACTIVE', 303, 227),
	(972, NULL, NULL, NULL, NULL, 'ACTIVE', 304, 221),
	(973, NULL, NULL, NULL, NULL, 'ACTIVE', 304, 222),
	(974, NULL, NULL, NULL, NULL, 'ACTIVE', 304, 226),
	(975, NULL, NULL, NULL, NULL, 'ACTIVE', 305, 221),
	(976, NULL, NULL, NULL, NULL, 'ACTIVE', 305, 222),
	(977, NULL, NULL, NULL, NULL, 'ACTIVE', 305, 227),
	(978, NULL, NULL, NULL, NULL, 'ACTIVE', 306, 221),
	(979, NULL, NULL, NULL, NULL, 'ACTIVE', 306, 223),
	(980, NULL, NULL, NULL, NULL, 'ACTIVE', 306, 226),
	(981, NULL, NULL, NULL, NULL, 'ACTIVE', 307, 221),
	(982, NULL, NULL, NULL, NULL, 'ACTIVE', 307, 223),
	(983, NULL, NULL, NULL, NULL, 'ACTIVE', 307, 227),
	(984, NULL, NULL, NULL, NULL, 'ACTIVE', 308, 221),
	(985, NULL, NULL, NULL, NULL, 'ACTIVE', 308, 224),
	(986, NULL, NULL, NULL, NULL, 'ACTIVE', 308, 226),
	(987, NULL, NULL, NULL, NULL, 'ACTIVE', 309, 221),
	(988, NULL, NULL, NULL, NULL, 'ACTIVE', 309, 224),
	(989, NULL, NULL, NULL, NULL, 'ACTIVE', 309, 227),
	(990, NULL, NULL, NULL, NULL, 'ACTIVE', 310, 221),
	(991, NULL, NULL, NULL, NULL, 'ACTIVE', 310, 225),
	(992, NULL, NULL, NULL, NULL, 'ACTIVE', 310, 226),
	(993, NULL, NULL, NULL, NULL, 'ACTIVE', 311, 221),
	(994, NULL, NULL, NULL, NULL, 'ACTIVE', 311, 225),
	(995, NULL, NULL, NULL, NULL, 'ACTIVE', 311, 227),
	(996, NULL, NULL, NULL, NULL, 'ACTIVE', 312, 228),
	(997, NULL, NULL, NULL, NULL, 'ACTIVE', 312, 230),
	(998, NULL, NULL, NULL, NULL, 'ACTIVE', 312, 234),
	(999, NULL, NULL, NULL, NULL, 'ACTIVE', 313, 228),
	(1000, NULL, NULL, NULL, NULL, 'ACTIVE', 313, 230),
	(1001, NULL, NULL, NULL, NULL, 'ACTIVE', 313, 235),
	(1002, NULL, NULL, NULL, NULL, 'ACTIVE', 314, 228),
	(1003, NULL, NULL, NULL, NULL, 'ACTIVE', 314, 231),
	(1004, NULL, NULL, NULL, NULL, 'ACTIVE', 314, 234),
	(1005, NULL, NULL, NULL, NULL, 'ACTIVE', 315, 228),
	(1006, NULL, NULL, NULL, NULL, 'ACTIVE', 315, 231),
	(1007, NULL, NULL, NULL, NULL, 'ACTIVE', 315, 235),
	(1008, NULL, NULL, NULL, NULL, 'ACTIVE', 316, 228),
	(1009, NULL, NULL, NULL, NULL, 'ACTIVE', 316, 232),
	(1010, NULL, NULL, NULL, NULL, 'ACTIVE', 316, 234),
	(1011, NULL, NULL, NULL, NULL, 'ACTIVE', 317, 228),
	(1012, NULL, NULL, NULL, NULL, 'ACTIVE', 317, 232),
	(1013, NULL, NULL, NULL, NULL, 'ACTIVE', 317, 235),
	(1014, NULL, NULL, NULL, NULL, 'ACTIVE', 318, 228),
	(1015, NULL, NULL, NULL, NULL, 'ACTIVE', 318, 233),
	(1016, NULL, NULL, NULL, NULL, 'ACTIVE', 318, 234),
	(1017, NULL, NULL, NULL, NULL, 'ACTIVE', 319, 228),
	(1018, NULL, NULL, NULL, NULL, 'ACTIVE', 319, 233),
	(1019, NULL, NULL, NULL, NULL, 'ACTIVE', 319, 235),
	(1020, NULL, NULL, NULL, NULL, 'ACTIVE', 320, 229),
	(1021, NULL, NULL, NULL, NULL, 'ACTIVE', 320, 230),
	(1022, NULL, NULL, NULL, NULL, 'ACTIVE', 320, 234),
	(1023, NULL, NULL, NULL, NULL, 'ACTIVE', 321, 229),
	(1024, NULL, NULL, NULL, NULL, 'ACTIVE', 321, 230),
	(1025, NULL, NULL, NULL, NULL, 'ACTIVE', 321, 235),
	(1026, NULL, NULL, NULL, NULL, 'ACTIVE', 322, 229),
	(1027, NULL, NULL, NULL, NULL, 'ACTIVE', 322, 231),
	(1028, NULL, NULL, NULL, NULL, 'ACTIVE', 322, 234),
	(1029, NULL, NULL, NULL, NULL, 'ACTIVE', 323, 229),
	(1030, NULL, NULL, NULL, NULL, 'ACTIVE', 323, 231),
	(1031, NULL, NULL, NULL, NULL, 'ACTIVE', 323, 235),
	(1032, NULL, NULL, NULL, NULL, 'ACTIVE', 324, 229),
	(1033, NULL, NULL, NULL, NULL, 'ACTIVE', 324, 232),
	(1034, NULL, NULL, NULL, NULL, 'ACTIVE', 324, 234),
	(1035, NULL, NULL, NULL, NULL, 'ACTIVE', 325, 229),
	(1036, NULL, NULL, NULL, NULL, 'ACTIVE', 325, 232),
	(1037, NULL, NULL, NULL, NULL, 'ACTIVE', 325, 235),
	(1038, NULL, NULL, NULL, NULL, 'ACTIVE', 326, 229),
	(1039, NULL, NULL, NULL, NULL, 'ACTIVE', 326, 233),
	(1040, NULL, NULL, NULL, NULL, 'ACTIVE', 326, 234),
	(1041, NULL, NULL, NULL, NULL, 'ACTIVE', 327, 229),
	(1042, NULL, NULL, NULL, NULL, 'ACTIVE', 327, 233),
	(1043, NULL, NULL, NULL, NULL, 'ACTIVE', 327, 235),
	(1044, NULL, NULL, NULL, NULL, 'ACTIVE', 328, 236),
	(1045, NULL, NULL, NULL, NULL, 'ACTIVE', 328, 240),
	(1046, NULL, NULL, NULL, NULL, 'ACTIVE', 328, 244),
	(1047, NULL, NULL, NULL, NULL, 'ACTIVE', 328, 247),
	(1051, NULL, NULL, NULL, NULL, 'ACTIVE', 329, 236),
	(1052, NULL, NULL, NULL, NULL, 'ACTIVE', 329, 240),
	(1053, NULL, NULL, NULL, NULL, 'ACTIVE', 329, 244),
	(1054, NULL, NULL, NULL, NULL, 'ACTIVE', 329, 248),
	(1058, NULL, NULL, NULL, NULL, 'ACTIVE', 330, 236),
	(1059, NULL, NULL, NULL, NULL, 'ACTIVE', 330, 240),
	(1060, NULL, NULL, NULL, NULL, 'ACTIVE', 330, 244),
	(1061, NULL, NULL, NULL, NULL, 'ACTIVE', 330, 249),
	(1065, NULL, NULL, NULL, NULL, 'ACTIVE', 331, 236),
	(1066, NULL, NULL, NULL, NULL, 'ACTIVE', 331, 240),
	(1067, NULL, NULL, NULL, NULL, 'ACTIVE', 331, 244),
	(1068, NULL, NULL, NULL, NULL, 'ACTIVE', 331, 250),
	(1072, NULL, NULL, NULL, NULL, 'ACTIVE', 332, 236),
	(1073, NULL, NULL, NULL, NULL, 'ACTIVE', 332, 240),
	(1074, NULL, NULL, NULL, NULL, 'ACTIVE', 332, 245),
	(1075, NULL, NULL, NULL, NULL, 'ACTIVE', 332, 247),
	(1079, NULL, NULL, NULL, NULL, 'ACTIVE', 333, 236),
	(1080, NULL, NULL, NULL, NULL, 'ACTIVE', 333, 240),
	(1081, NULL, NULL, NULL, NULL, 'ACTIVE', 333, 245),
	(1082, NULL, NULL, NULL, NULL, 'ACTIVE', 333, 248),
	(1086, NULL, NULL, NULL, NULL, 'ACTIVE', 334, 236),
	(1087, NULL, NULL, NULL, NULL, 'ACTIVE', 334, 240),
	(1088, NULL, NULL, NULL, NULL, 'ACTIVE', 334, 245),
	(1089, NULL, NULL, NULL, NULL, 'ACTIVE', 334, 249),
	(1093, NULL, NULL, NULL, NULL, 'ACTIVE', 335, 236),
	(1094, NULL, NULL, NULL, NULL, 'ACTIVE', 335, 240),
	(1095, NULL, NULL, NULL, NULL, 'ACTIVE', 335, 245),
	(1096, NULL, NULL, NULL, NULL, 'ACTIVE', 335, 250),
	(1100, NULL, NULL, NULL, NULL, 'ACTIVE', 336, 236),
	(1101, NULL, NULL, NULL, NULL, 'ACTIVE', 336, 240),
	(1102, NULL, NULL, NULL, NULL, 'ACTIVE', 336, 246),
	(1103, NULL, NULL, NULL, NULL, 'ACTIVE', 336, 247),
	(1107, NULL, NULL, NULL, NULL, 'ACTIVE', 337, 236),
	(1108, NULL, NULL, NULL, NULL, 'ACTIVE', 337, 240),
	(1109, NULL, NULL, NULL, NULL, 'ACTIVE', 337, 246),
	(1110, NULL, NULL, NULL, NULL, 'ACTIVE', 337, 248),
	(1114, NULL, NULL, NULL, NULL, 'ACTIVE', 338, 236),
	(1115, NULL, NULL, NULL, NULL, 'ACTIVE', 338, 240),
	(1116, NULL, NULL, NULL, NULL, 'ACTIVE', 338, 246),
	(1117, NULL, NULL, NULL, NULL, 'ACTIVE', 338, 249),
	(1121, NULL, NULL, NULL, NULL, 'ACTIVE', 339, 236),
	(1122, NULL, NULL, NULL, NULL, 'ACTIVE', 339, 240),
	(1123, NULL, NULL, NULL, NULL, 'ACTIVE', 339, 246),
	(1124, NULL, NULL, NULL, NULL, 'ACTIVE', 339, 250),
	(1128, NULL, NULL, NULL, NULL, 'ACTIVE', 340, 236),
	(1129, NULL, NULL, NULL, NULL, 'ACTIVE', 340, 241),
	(1130, NULL, NULL, NULL, NULL, 'ACTIVE', 340, 244),
	(1131, NULL, NULL, NULL, NULL, 'ACTIVE', 340, 247),
	(1135, NULL, NULL, NULL, NULL, 'ACTIVE', 341, 236),
	(1136, NULL, NULL, NULL, NULL, 'ACTIVE', 341, 241),
	(1137, NULL, NULL, NULL, NULL, 'ACTIVE', 341, 244),
	(1138, NULL, NULL, NULL, NULL, 'ACTIVE', 341, 248),
	(1142, NULL, NULL, NULL, NULL, 'ACTIVE', 342, 236),
	(1143, NULL, NULL, NULL, NULL, 'ACTIVE', 342, 241),
	(1144, NULL, NULL, NULL, NULL, 'ACTIVE', 342, 244),
	(1145, NULL, NULL, NULL, NULL, 'ACTIVE', 342, 249),
	(1149, NULL, NULL, NULL, NULL, 'ACTIVE', 343, 236),
	(1150, NULL, NULL, NULL, NULL, 'ACTIVE', 343, 241),
	(1151, NULL, NULL, NULL, NULL, 'ACTIVE', 343, 244),
	(1152, NULL, NULL, NULL, NULL, 'ACTIVE', 343, 250),
	(1156, NULL, NULL, NULL, NULL, 'ACTIVE', 344, 236),
	(1157, NULL, NULL, NULL, NULL, 'ACTIVE', 344, 241),
	(1158, NULL, NULL, NULL, NULL, 'ACTIVE', 344, 245),
	(1159, NULL, NULL, NULL, NULL, 'ACTIVE', 344, 247),
	(1163, NULL, NULL, NULL, NULL, 'ACTIVE', 345, 236),
	(1164, NULL, NULL, NULL, NULL, 'ACTIVE', 345, 241),
	(1165, NULL, NULL, NULL, NULL, 'ACTIVE', 345, 245),
	(1166, NULL, NULL, NULL, NULL, 'ACTIVE', 345, 248),
	(1170, NULL, NULL, NULL, NULL, 'ACTIVE', 346, 236),
	(1171, NULL, NULL, NULL, NULL, 'ACTIVE', 346, 241),
	(1172, NULL, NULL, NULL, NULL, 'ACTIVE', 346, 245),
	(1173, NULL, NULL, NULL, NULL, 'ACTIVE', 346, 249),
	(1177, NULL, NULL, NULL, NULL, 'ACTIVE', 347, 236),
	(1178, NULL, NULL, NULL, NULL, 'ACTIVE', 347, 241),
	(1179, NULL, NULL, NULL, NULL, 'ACTIVE', 347, 245),
	(1180, NULL, NULL, NULL, NULL, 'ACTIVE', 347, 250),
	(1184, NULL, NULL, NULL, NULL, 'ACTIVE', 348, 236),
	(1185, NULL, NULL, NULL, NULL, 'ACTIVE', 348, 241),
	(1186, NULL, NULL, NULL, NULL, 'ACTIVE', 348, 246),
	(1187, NULL, NULL, NULL, NULL, 'ACTIVE', 348, 247),
	(1191, NULL, NULL, NULL, NULL, 'ACTIVE', 349, 236),
	(1192, NULL, NULL, NULL, NULL, 'ACTIVE', 349, 241),
	(1193, NULL, NULL, NULL, NULL, 'ACTIVE', 349, 246),
	(1194, NULL, NULL, NULL, NULL, 'ACTIVE', 349, 248),
	(1198, NULL, NULL, NULL, NULL, 'ACTIVE', 350, 236),
	(1199, NULL, NULL, NULL, NULL, 'ACTIVE', 350, 241),
	(1200, NULL, NULL, NULL, NULL, 'ACTIVE', 350, 246),
	(1201, NULL, NULL, NULL, NULL, 'ACTIVE', 350, 249),
	(1205, NULL, NULL, NULL, NULL, 'ACTIVE', 351, 236),
	(1206, NULL, NULL, NULL, NULL, 'ACTIVE', 351, 241),
	(1207, NULL, NULL, NULL, NULL, 'ACTIVE', 351, 246),
	(1208, NULL, NULL, NULL, NULL, 'ACTIVE', 351, 250),
	(1212, NULL, NULL, NULL, NULL, 'ACTIVE', 352, 236),
	(1213, NULL, NULL, NULL, NULL, 'ACTIVE', 352, 242),
	(1214, NULL, NULL, NULL, NULL, 'ACTIVE', 352, 244),
	(1215, NULL, NULL, NULL, NULL, 'ACTIVE', 352, 247),
	(1219, NULL, NULL, NULL, NULL, 'ACTIVE', 353, 236),
	(1220, NULL, NULL, NULL, NULL, 'ACTIVE', 353, 242),
	(1221, NULL, NULL, NULL, NULL, 'ACTIVE', 353, 244),
	(1222, NULL, NULL, NULL, NULL, 'ACTIVE', 353, 248),
	(1226, NULL, NULL, NULL, NULL, 'ACTIVE', 354, 236),
	(1227, NULL, NULL, NULL, NULL, 'ACTIVE', 354, 242),
	(1228, NULL, NULL, NULL, NULL, 'ACTIVE', 354, 244),
	(1229, NULL, NULL, NULL, NULL, 'ACTIVE', 354, 249),
	(1233, NULL, NULL, NULL, NULL, 'ACTIVE', 355, 236),
	(1234, NULL, NULL, NULL, NULL, 'ACTIVE', 355, 242),
	(1235, NULL, NULL, NULL, NULL, 'ACTIVE', 355, 244),
	(1236, NULL, NULL, NULL, NULL, 'ACTIVE', 355, 250),
	(1240, NULL, NULL, NULL, NULL, 'ACTIVE', 356, 236),
	(1241, NULL, NULL, NULL, NULL, 'ACTIVE', 356, 242),
	(1242, NULL, NULL, NULL, NULL, 'ACTIVE', 356, 245),
	(1243, NULL, NULL, NULL, NULL, 'ACTIVE', 356, 247),
	(1247, NULL, NULL, NULL, NULL, 'ACTIVE', 357, 236),
	(1248, NULL, NULL, NULL, NULL, 'ACTIVE', 357, 242),
	(1249, NULL, NULL, NULL, NULL, 'ACTIVE', 357, 245),
	(1250, NULL, NULL, NULL, NULL, 'ACTIVE', 357, 248),
	(1254, NULL, NULL, NULL, NULL, 'ACTIVE', 358, 236),
	(1255, NULL, NULL, NULL, NULL, 'ACTIVE', 358, 242),
	(1256, NULL, NULL, NULL, NULL, 'ACTIVE', 358, 245),
	(1257, NULL, NULL, NULL, NULL, 'ACTIVE', 358, 249),
	(1261, NULL, NULL, NULL, NULL, 'ACTIVE', 359, 236),
	(1262, NULL, NULL, NULL, NULL, 'ACTIVE', 359, 242),
	(1263, NULL, NULL, NULL, NULL, 'ACTIVE', 359, 245),
	(1264, NULL, NULL, NULL, NULL, 'ACTIVE', 359, 250),
	(1268, NULL, NULL, NULL, NULL, 'ACTIVE', 360, 236),
	(1269, NULL, NULL, NULL, NULL, 'ACTIVE', 360, 242),
	(1270, NULL, NULL, NULL, NULL, 'ACTIVE', 360, 246),
	(1271, NULL, NULL, NULL, NULL, 'ACTIVE', 360, 247),
	(1275, NULL, NULL, NULL, NULL, 'ACTIVE', 361, 236),
	(1276, NULL, NULL, NULL, NULL, 'ACTIVE', 361, 242),
	(1277, NULL, NULL, NULL, NULL, 'ACTIVE', 361, 246),
	(1278, NULL, NULL, NULL, NULL, 'ACTIVE', 361, 248),
	(1282, NULL, NULL, NULL, NULL, 'ACTIVE', 362, 236),
	(1283, NULL, NULL, NULL, NULL, 'ACTIVE', 362, 242),
	(1284, NULL, NULL, NULL, NULL, 'ACTIVE', 362, 246),
	(1285, NULL, NULL, NULL, NULL, 'ACTIVE', 362, 249),
	(1289, NULL, NULL, NULL, NULL, 'ACTIVE', 363, 236),
	(1290, NULL, NULL, NULL, NULL, 'ACTIVE', 363, 242),
	(1291, NULL, NULL, NULL, NULL, 'ACTIVE', 363, 246),
	(1292, NULL, NULL, NULL, NULL, 'ACTIVE', 363, 250),
	(1296, NULL, NULL, NULL, NULL, 'ACTIVE', 364, 236),
	(1297, NULL, NULL, NULL, NULL, 'ACTIVE', 364, 243),
	(1298, NULL, NULL, NULL, NULL, 'ACTIVE', 364, 244),
	(1299, NULL, NULL, NULL, NULL, 'ACTIVE', 364, 247),
	(1303, NULL, NULL, NULL, NULL, 'ACTIVE', 365, 236),
	(1304, NULL, NULL, NULL, NULL, 'ACTIVE', 365, 243),
	(1305, NULL, NULL, NULL, NULL, 'ACTIVE', 365, 244),
	(1306, NULL, NULL, NULL, NULL, 'ACTIVE', 365, 248),
	(1310, NULL, NULL, NULL, NULL, 'ACTIVE', 366, 236),
	(1311, NULL, NULL, NULL, NULL, 'ACTIVE', 366, 243),
	(1312, NULL, NULL, NULL, NULL, 'ACTIVE', 366, 244),
	(1313, NULL, NULL, NULL, NULL, 'ACTIVE', 366, 249),
	(1317, NULL, NULL, NULL, NULL, 'ACTIVE', 367, 236),
	(1318, NULL, NULL, NULL, NULL, 'ACTIVE', 367, 243),
	(1319, NULL, NULL, NULL, NULL, 'ACTIVE', 367, 244),
	(1320, NULL, NULL, NULL, NULL, 'ACTIVE', 367, 250),
	(1324, NULL, NULL, NULL, NULL, 'ACTIVE', 368, 236),
	(1325, NULL, NULL, NULL, NULL, 'ACTIVE', 368, 243),
	(1326, NULL, NULL, NULL, NULL, 'ACTIVE', 368, 245),
	(1327, NULL, NULL, NULL, NULL, 'ACTIVE', 368, 247),
	(1331, NULL, NULL, NULL, NULL, 'ACTIVE', 369, 236),
	(1332, NULL, NULL, NULL, NULL, 'ACTIVE', 369, 243),
	(1333, NULL, NULL, NULL, NULL, 'ACTIVE', 369, 245),
	(1334, NULL, NULL, NULL, NULL, 'ACTIVE', 369, 248),
	(1338, NULL, NULL, NULL, NULL, 'ACTIVE', 370, 236),
	(1339, NULL, NULL, NULL, NULL, 'ACTIVE', 370, 243),
	(1340, NULL, NULL, NULL, NULL, 'ACTIVE', 370, 245),
	(1341, NULL, NULL, NULL, NULL, 'ACTIVE', 370, 249),
	(1345, NULL, NULL, NULL, NULL, 'ACTIVE', 371, 236),
	(1346, NULL, NULL, NULL, NULL, 'ACTIVE', 371, 243),
	(1347, NULL, NULL, NULL, NULL, 'ACTIVE', 371, 245),
	(1348, NULL, NULL, NULL, NULL, 'ACTIVE', 371, 250),
	(1352, NULL, NULL, NULL, NULL, 'ACTIVE', 372, 236),
	(1353, NULL, NULL, NULL, NULL, 'ACTIVE', 372, 243),
	(1354, NULL, NULL, NULL, NULL, 'ACTIVE', 372, 246),
	(1355, NULL, NULL, NULL, NULL, 'ACTIVE', 372, 247),
	(1359, NULL, NULL, NULL, NULL, 'ACTIVE', 373, 236),
	(1360, NULL, NULL, NULL, NULL, 'ACTIVE', 373, 243),
	(1361, NULL, NULL, NULL, NULL, 'ACTIVE', 373, 246),
	(1362, NULL, NULL, NULL, NULL, 'ACTIVE', 373, 248),
	(1366, NULL, NULL, NULL, NULL, 'ACTIVE', 374, 236),
	(1367, NULL, NULL, NULL, NULL, 'ACTIVE', 374, 243),
	(1368, NULL, NULL, NULL, NULL, 'ACTIVE', 374, 246),
	(1369, NULL, NULL, NULL, NULL, 'ACTIVE', 374, 249),
	(1373, NULL, NULL, NULL, NULL, 'ACTIVE', 375, 236),
	(1374, NULL, NULL, NULL, NULL, 'ACTIVE', 375, 243),
	(1375, NULL, NULL, NULL, NULL, 'ACTIVE', 375, 246),
	(1376, NULL, NULL, NULL, NULL, 'ACTIVE', 375, 250),
	(1380, NULL, NULL, NULL, NULL, 'ACTIVE', 376, 237),
	(1381, NULL, NULL, NULL, NULL, 'ACTIVE', 376, 240),
	(1382, NULL, NULL, NULL, NULL, 'ACTIVE', 376, 244),
	(1383, NULL, NULL, NULL, NULL, 'ACTIVE', 376, 247),
	(1387, NULL, NULL, NULL, NULL, 'ACTIVE', 377, 237),
	(1388, NULL, NULL, NULL, NULL, 'ACTIVE', 377, 240),
	(1389, NULL, NULL, NULL, NULL, 'ACTIVE', 377, 244),
	(1390, NULL, NULL, NULL, NULL, 'ACTIVE', 377, 248),
	(1394, NULL, NULL, NULL, NULL, 'ACTIVE', 378, 237),
	(1395, NULL, NULL, NULL, NULL, 'ACTIVE', 378, 240),
	(1396, NULL, NULL, NULL, NULL, 'ACTIVE', 378, 244),
	(1397, NULL, NULL, NULL, NULL, 'ACTIVE', 378, 249),
	(1401, NULL, NULL, NULL, NULL, 'ACTIVE', 379, 237),
	(1402, NULL, NULL, NULL, NULL, 'ACTIVE', 379, 240),
	(1403, NULL, NULL, NULL, NULL, 'ACTIVE', 379, 244),
	(1404, NULL, NULL, NULL, NULL, 'ACTIVE', 379, 250),
	(1408, NULL, NULL, NULL, NULL, 'ACTIVE', 380, 237),
	(1409, NULL, NULL, NULL, NULL, 'ACTIVE', 380, 240),
	(1410, NULL, NULL, NULL, NULL, 'ACTIVE', 380, 245),
	(1411, NULL, NULL, NULL, NULL, 'ACTIVE', 380, 247),
	(1415, NULL, NULL, NULL, NULL, 'ACTIVE', 381, 237),
	(1416, NULL, NULL, NULL, NULL, 'ACTIVE', 381, 240),
	(1417, NULL, NULL, NULL, NULL, 'ACTIVE', 381, 245),
	(1418, NULL, NULL, NULL, NULL, 'ACTIVE', 381, 248),
	(1422, NULL, NULL, NULL, NULL, 'ACTIVE', 382, 237),
	(1423, NULL, NULL, NULL, NULL, 'ACTIVE', 382, 240),
	(1424, NULL, NULL, NULL, NULL, 'ACTIVE', 382, 245),
	(1425, NULL, NULL, NULL, NULL, 'ACTIVE', 382, 249),
	(1429, NULL, NULL, NULL, NULL, 'ACTIVE', 383, 237),
	(1430, NULL, NULL, NULL, NULL, 'ACTIVE', 383, 240),
	(1431, NULL, NULL, NULL, NULL, 'ACTIVE', 383, 245),
	(1432, NULL, NULL, NULL, NULL, 'ACTIVE', 383, 250),
	(1436, NULL, NULL, NULL, NULL, 'ACTIVE', 384, 237),
	(1437, NULL, NULL, NULL, NULL, 'ACTIVE', 384, 240),
	(1438, NULL, NULL, NULL, NULL, 'ACTIVE', 384, 246),
	(1439, NULL, NULL, NULL, NULL, 'ACTIVE', 384, 247),
	(1443, NULL, NULL, NULL, NULL, 'ACTIVE', 385, 237),
	(1444, NULL, NULL, NULL, NULL, 'ACTIVE', 385, 240),
	(1445, NULL, NULL, NULL, NULL, 'ACTIVE', 385, 246),
	(1446, NULL, NULL, NULL, NULL, 'ACTIVE', 385, 248),
	(1450, NULL, NULL, NULL, NULL, 'ACTIVE', 386, 237),
	(1451, NULL, NULL, NULL, NULL, 'ACTIVE', 386, 240),
	(1452, NULL, NULL, NULL, NULL, 'ACTIVE', 386, 246),
	(1453, NULL, NULL, NULL, NULL, 'ACTIVE', 386, 249),
	(1457, NULL, NULL, NULL, NULL, 'ACTIVE', 387, 237),
	(1458, NULL, NULL, NULL, NULL, 'ACTIVE', 387, 240),
	(1459, NULL, NULL, NULL, NULL, 'ACTIVE', 387, 246),
	(1460, NULL, NULL, NULL, NULL, 'ACTIVE', 387, 250),
	(1464, NULL, NULL, NULL, NULL, 'ACTIVE', 388, 237),
	(1465, NULL, NULL, NULL, NULL, 'ACTIVE', 388, 241),
	(1466, NULL, NULL, NULL, NULL, 'ACTIVE', 388, 244),
	(1467, NULL, NULL, NULL, NULL, 'ACTIVE', 388, 247),
	(1471, NULL, NULL, NULL, NULL, 'ACTIVE', 389, 237),
	(1472, NULL, NULL, NULL, NULL, 'ACTIVE', 389, 241),
	(1473, NULL, NULL, NULL, NULL, 'ACTIVE', 389, 244),
	(1474, NULL, NULL, NULL, NULL, 'ACTIVE', 389, 248),
	(1478, NULL, NULL, NULL, NULL, 'ACTIVE', 390, 237),
	(1479, NULL, NULL, NULL, NULL, 'ACTIVE', 390, 241),
	(1480, NULL, NULL, NULL, NULL, 'ACTIVE', 390, 244),
	(1481, NULL, NULL, NULL, NULL, 'ACTIVE', 390, 249),
	(1485, NULL, NULL, NULL, NULL, 'ACTIVE', 391, 237),
	(1486, NULL, NULL, NULL, NULL, 'ACTIVE', 391, 241),
	(1487, NULL, NULL, NULL, NULL, 'ACTIVE', 391, 244),
	(1488, NULL, NULL, NULL, NULL, 'ACTIVE', 391, 250),
	(1492, NULL, NULL, NULL, NULL, 'ACTIVE', 392, 237),
	(1493, NULL, NULL, NULL, NULL, 'ACTIVE', 392, 241),
	(1494, NULL, NULL, NULL, NULL, 'ACTIVE', 392, 245),
	(1495, NULL, NULL, NULL, NULL, 'ACTIVE', 392, 247),
	(1499, NULL, NULL, NULL, NULL, 'ACTIVE', 393, 237),
	(1500, NULL, NULL, NULL, NULL, 'ACTIVE', 393, 241),
	(1501, NULL, NULL, NULL, NULL, 'ACTIVE', 393, 245),
	(1502, NULL, NULL, NULL, NULL, 'ACTIVE', 393, 248),
	(1506, NULL, NULL, NULL, NULL, 'ACTIVE', 394, 237),
	(1507, NULL, NULL, NULL, NULL, 'ACTIVE', 394, 241),
	(1508, NULL, NULL, NULL, NULL, 'ACTIVE', 394, 245),
	(1509, NULL, NULL, NULL, NULL, 'ACTIVE', 394, 249),
	(1513, NULL, NULL, NULL, NULL, 'ACTIVE', 395, 237),
	(1514, NULL, NULL, NULL, NULL, 'ACTIVE', 395, 241),
	(1515, NULL, NULL, NULL, NULL, 'ACTIVE', 395, 245),
	(1516, NULL, NULL, NULL, NULL, 'ACTIVE', 395, 250),
	(1520, NULL, NULL, NULL, NULL, 'ACTIVE', 396, 237),
	(1521, NULL, NULL, NULL, NULL, 'ACTIVE', 396, 241),
	(1522, NULL, NULL, NULL, NULL, 'ACTIVE', 396, 246),
	(1523, NULL, NULL, NULL, NULL, 'ACTIVE', 396, 247),
	(1527, NULL, NULL, NULL, NULL, 'ACTIVE', 397, 237),
	(1528, NULL, NULL, NULL, NULL, 'ACTIVE', 397, 241),
	(1529, NULL, NULL, NULL, NULL, 'ACTIVE', 397, 246),
	(1530, NULL, NULL, NULL, NULL, 'ACTIVE', 397, 248),
	(1534, NULL, NULL, NULL, NULL, 'ACTIVE', 398, 237),
	(1535, NULL, NULL, NULL, NULL, 'ACTIVE', 398, 241),
	(1536, NULL, NULL, NULL, NULL, 'ACTIVE', 398, 246),
	(1537, NULL, NULL, NULL, NULL, 'ACTIVE', 398, 249),
	(1541, NULL, NULL, NULL, NULL, 'ACTIVE', 399, 237),
	(1542, NULL, NULL, NULL, NULL, 'ACTIVE', 399, 241),
	(1543, NULL, NULL, NULL, NULL, 'ACTIVE', 399, 246),
	(1544, NULL, NULL, NULL, NULL, 'ACTIVE', 399, 250),
	(1548, NULL, NULL, NULL, NULL, 'ACTIVE', 400, 237),
	(1549, NULL, NULL, NULL, NULL, 'ACTIVE', 400, 242),
	(1550, NULL, NULL, NULL, NULL, 'ACTIVE', 400, 244),
	(1551, NULL, NULL, NULL, NULL, 'ACTIVE', 400, 247),
	(1555, NULL, NULL, NULL, NULL, 'ACTIVE', 401, 237),
	(1556, NULL, NULL, NULL, NULL, 'ACTIVE', 401, 242),
	(1557, NULL, NULL, NULL, NULL, 'ACTIVE', 401, 244),
	(1558, NULL, NULL, NULL, NULL, 'ACTIVE', 401, 248),
	(1562, NULL, NULL, NULL, NULL, 'ACTIVE', 402, 237),
	(1563, NULL, NULL, NULL, NULL, 'ACTIVE', 402, 242),
	(1564, NULL, NULL, NULL, NULL, 'ACTIVE', 402, 244),
	(1565, NULL, NULL, NULL, NULL, 'ACTIVE', 402, 249),
	(1569, NULL, NULL, NULL, NULL, 'ACTIVE', 403, 237),
	(1570, NULL, NULL, NULL, NULL, 'ACTIVE', 403, 242),
	(1571, NULL, NULL, NULL, NULL, 'ACTIVE', 403, 244),
	(1572, NULL, NULL, NULL, NULL, 'ACTIVE', 403, 250),
	(1576, NULL, NULL, NULL, NULL, 'ACTIVE', 404, 237),
	(1577, NULL, NULL, NULL, NULL, 'ACTIVE', 404, 242),
	(1578, NULL, NULL, NULL, NULL, 'ACTIVE', 404, 245),
	(1579, NULL, NULL, NULL, NULL, 'ACTIVE', 404, 247),
	(1583, NULL, NULL, NULL, NULL, 'ACTIVE', 405, 237),
	(1584, NULL, NULL, NULL, NULL, 'ACTIVE', 405, 242),
	(1585, NULL, NULL, NULL, NULL, 'ACTIVE', 405, 245),
	(1586, NULL, NULL, NULL, NULL, 'ACTIVE', 405, 248),
	(1590, NULL, NULL, NULL, NULL, 'ACTIVE', 406, 237),
	(1591, NULL, NULL, NULL, NULL, 'ACTIVE', 406, 242),
	(1592, NULL, NULL, NULL, NULL, 'ACTIVE', 406, 245),
	(1593, NULL, NULL, NULL, NULL, 'ACTIVE', 406, 249),
	(1597, NULL, NULL, NULL, NULL, 'ACTIVE', 407, 237),
	(1598, NULL, NULL, NULL, NULL, 'ACTIVE', 407, 242),
	(1599, NULL, NULL, NULL, NULL, 'ACTIVE', 407, 245),
	(1600, NULL, NULL, NULL, NULL, 'ACTIVE', 407, 250),
	(1604, NULL, NULL, NULL, NULL, 'ACTIVE', 408, 237),
	(1605, NULL, NULL, NULL, NULL, 'ACTIVE', 408, 242),
	(1606, NULL, NULL, NULL, NULL, 'ACTIVE', 408, 246),
	(1607, NULL, NULL, NULL, NULL, 'ACTIVE', 408, 247),
	(1611, NULL, NULL, NULL, NULL, 'ACTIVE', 409, 237),
	(1612, NULL, NULL, NULL, NULL, 'ACTIVE', 409, 242),
	(1613, NULL, NULL, NULL, NULL, 'ACTIVE', 409, 246),
	(1614, NULL, NULL, NULL, NULL, 'ACTIVE', 409, 248),
	(1618, NULL, NULL, NULL, NULL, 'ACTIVE', 410, 237),
	(1619, NULL, NULL, NULL, NULL, 'ACTIVE', 410, 242),
	(1620, NULL, NULL, NULL, NULL, 'ACTIVE', 410, 246),
	(1621, NULL, NULL, NULL, NULL, 'ACTIVE', 410, 249),
	(1625, NULL, NULL, NULL, NULL, 'ACTIVE', 411, 237),
	(1626, NULL, NULL, NULL, NULL, 'ACTIVE', 411, 242),
	(1627, NULL, NULL, NULL, NULL, 'ACTIVE', 411, 246),
	(1628, NULL, NULL, NULL, NULL, 'ACTIVE', 411, 250),
	(1632, NULL, NULL, NULL, NULL, 'ACTIVE', 412, 237),
	(1633, NULL, NULL, NULL, NULL, 'ACTIVE', 412, 243),
	(1634, NULL, NULL, NULL, NULL, 'ACTIVE', 412, 244),
	(1635, NULL, NULL, NULL, NULL, 'ACTIVE', 412, 247),
	(1639, NULL, NULL, NULL, NULL, 'ACTIVE', 413, 237),
	(1640, NULL, NULL, NULL, NULL, 'ACTIVE', 413, 243),
	(1641, NULL, NULL, NULL, NULL, 'ACTIVE', 413, 244),
	(1642, NULL, NULL, NULL, NULL, 'ACTIVE', 413, 248),
	(1646, NULL, NULL, NULL, NULL, 'ACTIVE', 414, 237),
	(1647, NULL, NULL, NULL, NULL, 'ACTIVE', 414, 243),
	(1648, NULL, NULL, NULL, NULL, 'ACTIVE', 414, 244),
	(1649, NULL, NULL, NULL, NULL, 'ACTIVE', 414, 249),
	(1653, NULL, NULL, NULL, NULL, 'ACTIVE', 415, 237),
	(1654, NULL, NULL, NULL, NULL, 'ACTIVE', 415, 243),
	(1655, NULL, NULL, NULL, NULL, 'ACTIVE', 415, 244),
	(1656, NULL, NULL, NULL, NULL, 'ACTIVE', 415, 250),
	(1660, NULL, NULL, NULL, NULL, 'ACTIVE', 416, 237),
	(1661, NULL, NULL, NULL, NULL, 'ACTIVE', 416, 243),
	(1662, NULL, NULL, NULL, NULL, 'ACTIVE', 416, 245),
	(1663, NULL, NULL, NULL, NULL, 'ACTIVE', 416, 247),
	(1667, NULL, NULL, NULL, NULL, 'ACTIVE', 417, 237),
	(1668, NULL, NULL, NULL, NULL, 'ACTIVE', 417, 243),
	(1669, NULL, NULL, NULL, NULL, 'ACTIVE', 417, 245),
	(1670, NULL, NULL, NULL, NULL, 'ACTIVE', 417, 248),
	(1674, NULL, NULL, NULL, NULL, 'ACTIVE', 418, 237),
	(1675, NULL, NULL, NULL, NULL, 'ACTIVE', 418, 243),
	(1676, NULL, NULL, NULL, NULL, 'ACTIVE', 418, 245),
	(1677, NULL, NULL, NULL, NULL, 'ACTIVE', 418, 249),
	(1681, NULL, NULL, NULL, NULL, 'ACTIVE', 419, 237),
	(1682, NULL, NULL, NULL, NULL, 'ACTIVE', 419, 243),
	(1683, NULL, NULL, NULL, NULL, 'ACTIVE', 419, 245),
	(1684, NULL, NULL, NULL, NULL, 'ACTIVE', 419, 250),
	(1688, NULL, NULL, NULL, NULL, 'ACTIVE', 420, 237),
	(1689, NULL, NULL, NULL, NULL, 'ACTIVE', 420, 243),
	(1690, NULL, NULL, NULL, NULL, 'ACTIVE', 420, 246),
	(1691, NULL, NULL, NULL, NULL, 'ACTIVE', 420, 247),
	(1695, NULL, NULL, NULL, NULL, 'ACTIVE', 421, 237),
	(1696, NULL, NULL, NULL, NULL, 'ACTIVE', 421, 243),
	(1697, NULL, NULL, NULL, NULL, 'ACTIVE', 421, 246),
	(1698, NULL, NULL, NULL, NULL, 'ACTIVE', 421, 248),
	(1702, NULL, NULL, NULL, NULL, 'ACTIVE', 422, 237),
	(1703, NULL, NULL, NULL, NULL, 'ACTIVE', 422, 243),
	(1704, NULL, NULL, NULL, NULL, 'ACTIVE', 422, 246),
	(1705, NULL, NULL, NULL, NULL, 'ACTIVE', 422, 249),
	(1709, NULL, NULL, NULL, NULL, 'ACTIVE', 423, 237),
	(1710, NULL, NULL, NULL, NULL, 'ACTIVE', 423, 243),
	(1711, NULL, NULL, NULL, NULL, 'ACTIVE', 423, 246),
	(1712, NULL, NULL, NULL, NULL, 'ACTIVE', 423, 250),
	(1716, NULL, NULL, NULL, NULL, 'ACTIVE', 424, 238),
	(1717, NULL, NULL, NULL, NULL, 'ACTIVE', 424, 240),
	(1718, NULL, NULL, NULL, NULL, 'ACTIVE', 424, 244),
	(1719, NULL, NULL, NULL, NULL, 'ACTIVE', 424, 247),
	(1723, NULL, NULL, NULL, NULL, 'ACTIVE', 425, 238),
	(1724, NULL, NULL, NULL, NULL, 'ACTIVE', 425, 240),
	(1725, NULL, NULL, NULL, NULL, 'ACTIVE', 425, 244),
	(1726, NULL, NULL, NULL, NULL, 'ACTIVE', 425, 248),
	(1730, NULL, NULL, NULL, NULL, 'ACTIVE', 426, 238),
	(1731, NULL, NULL, NULL, NULL, 'ACTIVE', 426, 240),
	(1732, NULL, NULL, NULL, NULL, 'ACTIVE', 426, 244),
	(1733, NULL, NULL, NULL, NULL, 'ACTIVE', 426, 249),
	(1737, NULL, NULL, NULL, NULL, 'ACTIVE', 427, 238),
	(1738, NULL, NULL, NULL, NULL, 'ACTIVE', 427, 240),
	(1739, NULL, NULL, NULL, NULL, 'ACTIVE', 427, 244),
	(1740, NULL, NULL, NULL, NULL, 'ACTIVE', 427, 250),
	(1744, NULL, NULL, NULL, NULL, 'ACTIVE', 428, 238),
	(1745, NULL, NULL, NULL, NULL, 'ACTIVE', 428, 240),
	(1746, NULL, NULL, NULL, NULL, 'ACTIVE', 428, 245),
	(1747, NULL, NULL, NULL, NULL, 'ACTIVE', 428, 247),
	(1751, NULL, NULL, NULL, NULL, 'ACTIVE', 429, 238),
	(1752, NULL, NULL, NULL, NULL, 'ACTIVE', 429, 240),
	(1753, NULL, NULL, NULL, NULL, 'ACTIVE', 429, 245),
	(1754, NULL, NULL, NULL, NULL, 'ACTIVE', 429, 248),
	(1758, NULL, NULL, NULL, NULL, 'ACTIVE', 430, 238),
	(1759, NULL, NULL, NULL, NULL, 'ACTIVE', 430, 240),
	(1760, NULL, NULL, NULL, NULL, 'ACTIVE', 430, 245),
	(1761, NULL, NULL, NULL, NULL, 'ACTIVE', 430, 249),
	(1765, NULL, NULL, NULL, NULL, 'ACTIVE', 431, 238),
	(1766, NULL, NULL, NULL, NULL, 'ACTIVE', 431, 240),
	(1767, NULL, NULL, NULL, NULL, 'ACTIVE', 431, 245),
	(1768, NULL, NULL, NULL, NULL, 'ACTIVE', 431, 250),
	(1772, NULL, NULL, NULL, NULL, 'ACTIVE', 432, 238),
	(1773, NULL, NULL, NULL, NULL, 'ACTIVE', 432, 240),
	(1774, NULL, NULL, NULL, NULL, 'ACTIVE', 432, 246),
	(1775, NULL, NULL, NULL, NULL, 'ACTIVE', 432, 247),
	(1779, NULL, NULL, NULL, NULL, 'ACTIVE', 433, 238),
	(1780, NULL, NULL, NULL, NULL, 'ACTIVE', 433, 240),
	(1781, NULL, NULL, NULL, NULL, 'ACTIVE', 433, 246),
	(1782, NULL, NULL, NULL, NULL, 'ACTIVE', 433, 248),
	(1786, NULL, NULL, NULL, NULL, 'ACTIVE', 434, 238),
	(1787, NULL, NULL, NULL, NULL, 'ACTIVE', 434, 240),
	(1788, NULL, NULL, NULL, NULL, 'ACTIVE', 434, 246),
	(1789, NULL, NULL, NULL, NULL, 'ACTIVE', 434, 249),
	(1793, NULL, NULL, NULL, NULL, 'ACTIVE', 435, 238),
	(1794, NULL, NULL, NULL, NULL, 'ACTIVE', 435, 240),
	(1795, NULL, NULL, NULL, NULL, 'ACTIVE', 435, 246),
	(1796, NULL, NULL, NULL, NULL, 'ACTIVE', 435, 250),
	(1800, NULL, NULL, NULL, NULL, 'ACTIVE', 436, 238),
	(1801, NULL, NULL, NULL, NULL, 'ACTIVE', 436, 241),
	(1802, NULL, NULL, NULL, NULL, 'ACTIVE', 436, 244),
	(1803, NULL, NULL, NULL, NULL, 'ACTIVE', 436, 247),
	(1807, NULL, NULL, NULL, NULL, 'ACTIVE', 437, 238),
	(1808, NULL, NULL, NULL, NULL, 'ACTIVE', 437, 241),
	(1809, NULL, NULL, NULL, NULL, 'ACTIVE', 437, 244),
	(1810, NULL, NULL, NULL, NULL, 'ACTIVE', 437, 248),
	(1814, NULL, NULL, NULL, NULL, 'ACTIVE', 438, 238),
	(1815, NULL, NULL, NULL, NULL, 'ACTIVE', 438, 241),
	(1816, NULL, NULL, NULL, NULL, 'ACTIVE', 438, 244),
	(1817, NULL, NULL, NULL, NULL, 'ACTIVE', 438, 249),
	(1821, NULL, NULL, NULL, NULL, 'ACTIVE', 439, 238),
	(1822, NULL, NULL, NULL, NULL, 'ACTIVE', 439, 241),
	(1823, NULL, NULL, NULL, NULL, 'ACTIVE', 439, 244),
	(1824, NULL, NULL, NULL, NULL, 'ACTIVE', 439, 250),
	(1828, NULL, NULL, NULL, NULL, 'ACTIVE', 440, 238),
	(1829, NULL, NULL, NULL, NULL, 'ACTIVE', 440, 241),
	(1830, NULL, NULL, NULL, NULL, 'ACTIVE', 440, 245),
	(1831, NULL, NULL, NULL, NULL, 'ACTIVE', 440, 247),
	(1835, NULL, NULL, NULL, NULL, 'ACTIVE', 441, 238),
	(1836, NULL, NULL, NULL, NULL, 'ACTIVE', 441, 241),
	(1837, NULL, NULL, NULL, NULL, 'ACTIVE', 441, 245),
	(1838, NULL, NULL, NULL, NULL, 'ACTIVE', 441, 248),
	(1842, NULL, NULL, NULL, NULL, 'ACTIVE', 442, 238),
	(1843, NULL, NULL, NULL, NULL, 'ACTIVE', 442, 241),
	(1844, NULL, NULL, NULL, NULL, 'ACTIVE', 442, 245),
	(1845, NULL, NULL, NULL, NULL, 'ACTIVE', 442, 249),
	(1849, NULL, NULL, NULL, NULL, 'ACTIVE', 443, 238),
	(1850, NULL, NULL, NULL, NULL, 'ACTIVE', 443, 241),
	(1851, NULL, NULL, NULL, NULL, 'ACTIVE', 443, 245),
	(1852, NULL, NULL, NULL, NULL, 'ACTIVE', 443, 250),
	(1856, NULL, NULL, NULL, NULL, 'ACTIVE', 444, 238),
	(1857, NULL, NULL, NULL, NULL, 'ACTIVE', 444, 241),
	(1858, NULL, NULL, NULL, NULL, 'ACTIVE', 444, 246),
	(1859, NULL, NULL, NULL, NULL, 'ACTIVE', 444, 247),
	(1863, NULL, NULL, NULL, NULL, 'ACTIVE', 445, 238),
	(1864, NULL, NULL, NULL, NULL, 'ACTIVE', 445, 241),
	(1865, NULL, NULL, NULL, NULL, 'ACTIVE', 445, 246),
	(1866, NULL, NULL, NULL, NULL, 'ACTIVE', 445, 248),
	(1870, NULL, NULL, NULL, NULL, 'ACTIVE', 446, 238),
	(1871, NULL, NULL, NULL, NULL, 'ACTIVE', 446, 241),
	(1872, NULL, NULL, NULL, NULL, 'ACTIVE', 446, 246),
	(1873, NULL, NULL, NULL, NULL, 'ACTIVE', 446, 249),
	(1877, NULL, NULL, NULL, NULL, 'ACTIVE', 447, 238),
	(1878, NULL, NULL, NULL, NULL, 'ACTIVE', 447, 241),
	(1879, NULL, NULL, NULL, NULL, 'ACTIVE', 447, 246),
	(1880, NULL, NULL, NULL, NULL, 'ACTIVE', 447, 250),
	(1884, NULL, NULL, NULL, NULL, 'ACTIVE', 448, 238),
	(1885, NULL, NULL, NULL, NULL, 'ACTIVE', 448, 242),
	(1886, NULL, NULL, NULL, NULL, 'ACTIVE', 448, 244),
	(1887, NULL, NULL, NULL, NULL, 'ACTIVE', 448, 247),
	(1891, NULL, NULL, NULL, NULL, 'ACTIVE', 449, 238),
	(1892, NULL, NULL, NULL, NULL, 'ACTIVE', 449, 242),
	(1893, NULL, NULL, NULL, NULL, 'ACTIVE', 449, 244),
	(1894, NULL, NULL, NULL, NULL, 'ACTIVE', 449, 248),
	(1898, NULL, NULL, NULL, NULL, 'ACTIVE', 450, 238),
	(1899, NULL, NULL, NULL, NULL, 'ACTIVE', 450, 242),
	(1900, NULL, NULL, NULL, NULL, 'ACTIVE', 450, 244),
	(1901, NULL, NULL, NULL, NULL, 'ACTIVE', 450, 249),
	(1905, NULL, NULL, NULL, NULL, 'ACTIVE', 451, 238),
	(1906, NULL, NULL, NULL, NULL, 'ACTIVE', 451, 242),
	(1907, NULL, NULL, NULL, NULL, 'ACTIVE', 451, 244),
	(1908, NULL, NULL, NULL, NULL, 'ACTIVE', 451, 250),
	(1912, NULL, NULL, NULL, NULL, 'ACTIVE', 452, 238),
	(1913, NULL, NULL, NULL, NULL, 'ACTIVE', 452, 242),
	(1914, NULL, NULL, NULL, NULL, 'ACTIVE', 452, 245),
	(1915, NULL, NULL, NULL, NULL, 'ACTIVE', 452, 247),
	(1919, NULL, NULL, NULL, NULL, 'ACTIVE', 453, 238),
	(1920, NULL, NULL, NULL, NULL, 'ACTIVE', 453, 242),
	(1921, NULL, NULL, NULL, NULL, 'ACTIVE', 453, 245),
	(1922, NULL, NULL, NULL, NULL, 'ACTIVE', 453, 248),
	(1926, NULL, NULL, NULL, NULL, 'ACTIVE', 454, 238),
	(1927, NULL, NULL, NULL, NULL, 'ACTIVE', 454, 242),
	(1928, NULL, NULL, NULL, NULL, 'ACTIVE', 454, 245),
	(1929, NULL, NULL, NULL, NULL, 'ACTIVE', 454, 249),
	(1933, NULL, NULL, NULL, NULL, 'ACTIVE', 455, 238),
	(1934, NULL, NULL, NULL, NULL, 'ACTIVE', 455, 242),
	(1935, NULL, NULL, NULL, NULL, 'ACTIVE', 455, 245),
	(1936, NULL, NULL, NULL, NULL, 'ACTIVE', 455, 250),
	(1940, NULL, NULL, NULL, NULL, 'ACTIVE', 456, 238),
	(1941, NULL, NULL, NULL, NULL, 'ACTIVE', 456, 242),
	(1942, NULL, NULL, NULL, NULL, 'ACTIVE', 456, 246),
	(1943, NULL, NULL, NULL, NULL, 'ACTIVE', 456, 247),
	(1947, NULL, NULL, NULL, NULL, 'ACTIVE', 457, 238),
	(1948, NULL, NULL, NULL, NULL, 'ACTIVE', 457, 242),
	(1949, NULL, NULL, NULL, NULL, 'ACTIVE', 457, 246),
	(1950, NULL, NULL, NULL, NULL, 'ACTIVE', 457, 248),
	(1954, NULL, NULL, NULL, NULL, 'ACTIVE', 458, 238),
	(1955, NULL, NULL, NULL, NULL, 'ACTIVE', 458, 242),
	(1956, NULL, NULL, NULL, NULL, 'ACTIVE', 458, 246),
	(1957, NULL, NULL, NULL, NULL, 'ACTIVE', 458, 249),
	(1961, NULL, NULL, NULL, NULL, 'ACTIVE', 459, 238),
	(1962, NULL, NULL, NULL, NULL, 'ACTIVE', 459, 242),
	(1963, NULL, NULL, NULL, NULL, 'ACTIVE', 459, 246),
	(1964, NULL, NULL, NULL, NULL, 'ACTIVE', 459, 250),
	(1968, NULL, NULL, NULL, NULL, 'ACTIVE', 460, 238),
	(1969, NULL, NULL, NULL, NULL, 'ACTIVE', 460, 243),
	(1970, NULL, NULL, NULL, NULL, 'ACTIVE', 460, 244),
	(1971, NULL, NULL, NULL, NULL, 'ACTIVE', 460, 247),
	(1975, NULL, NULL, NULL, NULL, 'ACTIVE', 461, 238),
	(1976, NULL, NULL, NULL, NULL, 'ACTIVE', 461, 243),
	(1977, NULL, NULL, NULL, NULL, 'ACTIVE', 461, 244),
	(1978, NULL, NULL, NULL, NULL, 'ACTIVE', 461, 248),
	(1982, NULL, NULL, NULL, NULL, 'ACTIVE', 462, 238),
	(1983, NULL, NULL, NULL, NULL, 'ACTIVE', 462, 243),
	(1984, NULL, NULL, NULL, NULL, 'ACTIVE', 462, 244),
	(1985, NULL, NULL, NULL, NULL, 'ACTIVE', 462, 249),
	(1989, NULL, NULL, NULL, NULL, 'ACTIVE', 463, 238),
	(1990, NULL, NULL, NULL, NULL, 'ACTIVE', 463, 243),
	(1991, NULL, NULL, NULL, NULL, 'ACTIVE', 463, 244),
	(1992, NULL, NULL, NULL, NULL, 'ACTIVE', 463, 250),
	(1996, NULL, NULL, NULL, NULL, 'ACTIVE', 464, 238),
	(1997, NULL, NULL, NULL, NULL, 'ACTIVE', 464, 243),
	(1998, NULL, NULL, NULL, NULL, 'ACTIVE', 464, 245),
	(1999, NULL, NULL, NULL, NULL, 'ACTIVE', 464, 247),
	(2003, NULL, NULL, NULL, NULL, 'ACTIVE', 465, 238),
	(2004, NULL, NULL, NULL, NULL, 'ACTIVE', 465, 243),
	(2005, NULL, NULL, NULL, NULL, 'ACTIVE', 465, 245),
	(2006, NULL, NULL, NULL, NULL, 'ACTIVE', 465, 248),
	(2010, NULL, NULL, NULL, NULL, 'ACTIVE', 466, 238),
	(2011, NULL, NULL, NULL, NULL, 'ACTIVE', 466, 243),
	(2012, NULL, NULL, NULL, NULL, 'ACTIVE', 466, 245),
	(2013, NULL, NULL, NULL, NULL, 'ACTIVE', 466, 249),
	(2017, NULL, NULL, NULL, NULL, 'ACTIVE', 467, 238),
	(2018, NULL, NULL, NULL, NULL, 'ACTIVE', 467, 243),
	(2019, NULL, NULL, NULL, NULL, 'ACTIVE', 467, 245),
	(2020, NULL, NULL, NULL, NULL, 'ACTIVE', 467, 250),
	(2024, NULL, NULL, NULL, NULL, 'ACTIVE', 468, 238),
	(2025, NULL, NULL, NULL, NULL, 'ACTIVE', 468, 243),
	(2026, NULL, NULL, NULL, NULL, 'ACTIVE', 468, 246),
	(2027, NULL, NULL, NULL, NULL, 'ACTIVE', 468, 247),
	(2031, NULL, NULL, NULL, NULL, 'ACTIVE', 469, 238),
	(2032, NULL, NULL, NULL, NULL, 'ACTIVE', 469, 243),
	(2033, NULL, NULL, NULL, NULL, 'ACTIVE', 469, 246),
	(2034, NULL, NULL, NULL, NULL, 'ACTIVE', 469, 248),
	(2038, NULL, NULL, NULL, NULL, 'ACTIVE', 470, 238),
	(2039, NULL, NULL, NULL, NULL, 'ACTIVE', 470, 243),
	(2040, NULL, NULL, NULL, NULL, 'ACTIVE', 470, 246),
	(2041, NULL, NULL, NULL, NULL, 'ACTIVE', 470, 249),
	(2045, NULL, NULL, NULL, NULL, 'ACTIVE', 471, 238),
	(2046, NULL, NULL, NULL, NULL, 'ACTIVE', 471, 243),
	(2047, NULL, NULL, NULL, NULL, 'ACTIVE', 471, 246),
	(2048, NULL, NULL, NULL, NULL, 'ACTIVE', 471, 250),
	(2052, NULL, NULL, NULL, NULL, 'ACTIVE', 472, 239),
	(2053, NULL, NULL, NULL, NULL, 'ACTIVE', 472, 240),
	(2054, NULL, NULL, NULL, NULL, 'ACTIVE', 472, 244),
	(2055, NULL, NULL, NULL, NULL, 'ACTIVE', 472, 247),
	(2059, NULL, NULL, NULL, NULL, 'ACTIVE', 473, 239),
	(2060, NULL, NULL, NULL, NULL, 'ACTIVE', 473, 240),
	(2061, NULL, NULL, NULL, NULL, 'ACTIVE', 473, 244),
	(2062, NULL, NULL, NULL, NULL, 'ACTIVE', 473, 248),
	(2066, NULL, NULL, NULL, NULL, 'ACTIVE', 474, 239),
	(2067, NULL, NULL, NULL, NULL, 'ACTIVE', 474, 240),
	(2068, NULL, NULL, NULL, NULL, 'ACTIVE', 474, 244),
	(2069, NULL, NULL, NULL, NULL, 'ACTIVE', 474, 249),
	(2073, NULL, NULL, NULL, NULL, 'ACTIVE', 475, 239),
	(2074, NULL, NULL, NULL, NULL, 'ACTIVE', 475, 240),
	(2075, NULL, NULL, NULL, NULL, 'ACTIVE', 475, 244),
	(2076, NULL, NULL, NULL, NULL, 'ACTIVE', 475, 250),
	(2080, NULL, NULL, NULL, NULL, 'ACTIVE', 476, 239),
	(2081, NULL, NULL, NULL, NULL, 'ACTIVE', 476, 240),
	(2082, NULL, NULL, NULL, NULL, 'ACTIVE', 476, 245),
	(2083, NULL, NULL, NULL, NULL, 'ACTIVE', 476, 247),
	(2087, NULL, NULL, NULL, NULL, 'ACTIVE', 477, 239),
	(2088, NULL, NULL, NULL, NULL, 'ACTIVE', 477, 240),
	(2089, NULL, NULL, NULL, NULL, 'ACTIVE', 477, 245),
	(2090, NULL, NULL, NULL, NULL, 'ACTIVE', 477, 248),
	(2094, NULL, NULL, NULL, NULL, 'ACTIVE', 478, 239),
	(2095, NULL, NULL, NULL, NULL, 'ACTIVE', 478, 240),
	(2096, NULL, NULL, NULL, NULL, 'ACTIVE', 478, 245),
	(2097, NULL, NULL, NULL, NULL, 'ACTIVE', 478, 249),
	(2101, NULL, NULL, NULL, NULL, 'ACTIVE', 479, 239),
	(2102, NULL, NULL, NULL, NULL, 'ACTIVE', 479, 240),
	(2103, NULL, NULL, NULL, NULL, 'ACTIVE', 479, 245),
	(2104, NULL, NULL, NULL, NULL, 'ACTIVE', 479, 250),
	(2108, NULL, NULL, NULL, NULL, 'ACTIVE', 480, 239),
	(2109, NULL, NULL, NULL, NULL, 'ACTIVE', 480, 240),
	(2110, NULL, NULL, NULL, NULL, 'ACTIVE', 480, 246),
	(2111, NULL, NULL, NULL, NULL, 'ACTIVE', 480, 247),
	(2115, NULL, NULL, NULL, NULL, 'ACTIVE', 481, 239),
	(2116, NULL, NULL, NULL, NULL, 'ACTIVE', 481, 240),
	(2117, NULL, NULL, NULL, NULL, 'ACTIVE', 481, 246),
	(2118, NULL, NULL, NULL, NULL, 'ACTIVE', 481, 248),
	(2122, NULL, NULL, NULL, NULL, 'ACTIVE', 482, 239),
	(2123, NULL, NULL, NULL, NULL, 'ACTIVE', 482, 240),
	(2124, NULL, NULL, NULL, NULL, 'ACTIVE', 482, 246),
	(2125, NULL, NULL, NULL, NULL, 'ACTIVE', 482, 249),
	(2129, NULL, NULL, NULL, NULL, 'ACTIVE', 483, 239),
	(2130, NULL, NULL, NULL, NULL, 'ACTIVE', 483, 240),
	(2131, NULL, NULL, NULL, NULL, 'ACTIVE', 483, 246),
	(2132, NULL, NULL, NULL, NULL, 'ACTIVE', 483, 250),
	(2136, NULL, NULL, NULL, NULL, 'ACTIVE', 484, 239),
	(2137, NULL, NULL, NULL, NULL, 'ACTIVE', 484, 241),
	(2138, NULL, NULL, NULL, NULL, 'ACTIVE', 484, 244),
	(2139, NULL, NULL, NULL, NULL, 'ACTIVE', 484, 247),
	(2143, NULL, NULL, NULL, NULL, 'ACTIVE', 485, 239),
	(2144, NULL, NULL, NULL, NULL, 'ACTIVE', 485, 241),
	(2145, NULL, NULL, NULL, NULL, 'ACTIVE', 485, 244),
	(2146, NULL, NULL, NULL, NULL, 'ACTIVE', 485, 248),
	(2150, NULL, NULL, NULL, NULL, 'ACTIVE', 486, 239),
	(2151, NULL, NULL, NULL, NULL, 'ACTIVE', 486, 241),
	(2152, NULL, NULL, NULL, NULL, 'ACTIVE', 486, 244),
	(2153, NULL, NULL, NULL, NULL, 'ACTIVE', 486, 249),
	(2157, NULL, NULL, NULL, NULL, 'ACTIVE', 487, 239),
	(2158, NULL, NULL, NULL, NULL, 'ACTIVE', 487, 241),
	(2159, NULL, NULL, NULL, NULL, 'ACTIVE', 487, 244),
	(2160, NULL, NULL, NULL, NULL, 'ACTIVE', 487, 250),
	(2164, NULL, NULL, NULL, NULL, 'ACTIVE', 488, 239),
	(2165, NULL, NULL, NULL, NULL, 'ACTIVE', 488, 241),
	(2166, NULL, NULL, NULL, NULL, 'ACTIVE', 488, 245),
	(2167, NULL, NULL, NULL, NULL, 'ACTIVE', 488, 247),
	(2171, NULL, NULL, NULL, NULL, 'ACTIVE', 489, 239),
	(2172, NULL, NULL, NULL, NULL, 'ACTIVE', 489, 241),
	(2173, NULL, NULL, NULL, NULL, 'ACTIVE', 489, 245),
	(2174, NULL, NULL, NULL, NULL, 'ACTIVE', 489, 248),
	(2178, NULL, NULL, NULL, NULL, 'ACTIVE', 490, 239),
	(2179, NULL, NULL, NULL, NULL, 'ACTIVE', 490, 241),
	(2180, NULL, NULL, NULL, NULL, 'ACTIVE', 490, 245),
	(2181, NULL, NULL, NULL, NULL, 'ACTIVE', 490, 249),
	(2185, NULL, NULL, NULL, NULL, 'ACTIVE', 491, 239),
	(2186, NULL, NULL, NULL, NULL, 'ACTIVE', 491, 241),
	(2187, NULL, NULL, NULL, NULL, 'ACTIVE', 491, 245),
	(2188, NULL, NULL, NULL, NULL, 'ACTIVE', 491, 250),
	(2192, NULL, NULL, NULL, NULL, 'ACTIVE', 492, 239),
	(2193, NULL, NULL, NULL, NULL, 'ACTIVE', 492, 241),
	(2194, NULL, NULL, NULL, NULL, 'ACTIVE', 492, 246),
	(2195, NULL, NULL, NULL, NULL, 'ACTIVE', 492, 247),
	(2199, NULL, NULL, NULL, NULL, 'ACTIVE', 493, 239),
	(2200, NULL, NULL, NULL, NULL, 'ACTIVE', 493, 241),
	(2201, NULL, NULL, NULL, NULL, 'ACTIVE', 493, 246),
	(2202, NULL, NULL, NULL, NULL, 'ACTIVE', 493, 248),
	(2206, NULL, NULL, NULL, NULL, 'ACTIVE', 494, 239),
	(2207, NULL, NULL, NULL, NULL, 'ACTIVE', 494, 241),
	(2208, NULL, NULL, NULL, NULL, 'ACTIVE', 494, 246),
	(2209, NULL, NULL, NULL, NULL, 'ACTIVE', 494, 249),
	(2213, NULL, NULL, NULL, NULL, 'ACTIVE', 495, 239),
	(2214, NULL, NULL, NULL, NULL, 'ACTIVE', 495, 241),
	(2215, NULL, NULL, NULL, NULL, 'ACTIVE', 495, 246),
	(2216, NULL, NULL, NULL, NULL, 'ACTIVE', 495, 250),
	(2220, NULL, NULL, NULL, NULL, 'ACTIVE', 496, 239),
	(2221, NULL, NULL, NULL, NULL, 'ACTIVE', 496, 242),
	(2222, NULL, NULL, NULL, NULL, 'ACTIVE', 496, 244),
	(2223, NULL, NULL, NULL, NULL, 'ACTIVE', 496, 247),
	(2227, NULL, NULL, NULL, NULL, 'ACTIVE', 497, 239),
	(2228, NULL, NULL, NULL, NULL, 'ACTIVE', 497, 242),
	(2229, NULL, NULL, NULL, NULL, 'ACTIVE', 497, 244),
	(2230, NULL, NULL, NULL, NULL, 'ACTIVE', 497, 248),
	(2234, NULL, NULL, NULL, NULL, 'ACTIVE', 498, 239),
	(2235, NULL, NULL, NULL, NULL, 'ACTIVE', 498, 242),
	(2236, NULL, NULL, NULL, NULL, 'ACTIVE', 498, 244),
	(2237, NULL, NULL, NULL, NULL, 'ACTIVE', 498, 249),
	(2241, NULL, NULL, NULL, NULL, 'ACTIVE', 499, 239),
	(2242, NULL, NULL, NULL, NULL, 'ACTIVE', 499, 242),
	(2243, NULL, NULL, NULL, NULL, 'ACTIVE', 499, 244),
	(2244, NULL, NULL, NULL, NULL, 'ACTIVE', 499, 250),
	(2248, NULL, NULL, NULL, NULL, 'ACTIVE', 500, 239),
	(2249, NULL, NULL, NULL, NULL, 'ACTIVE', 500, 242),
	(2250, NULL, NULL, NULL, NULL, 'ACTIVE', 500, 245),
	(2251, NULL, NULL, NULL, NULL, 'ACTIVE', 500, 247),
	(2255, NULL, NULL, NULL, NULL, 'ACTIVE', 501, 239),
	(2256, NULL, NULL, NULL, NULL, 'ACTIVE', 501, 242),
	(2257, NULL, NULL, NULL, NULL, 'ACTIVE', 501, 245),
	(2258, NULL, NULL, NULL, NULL, 'ACTIVE', 501, 248),
	(2262, NULL, NULL, NULL, NULL, 'ACTIVE', 502, 239),
	(2263, NULL, NULL, NULL, NULL, 'ACTIVE', 502, 242),
	(2264, NULL, NULL, NULL, NULL, 'ACTIVE', 502, 245),
	(2265, NULL, NULL, NULL, NULL, 'ACTIVE', 502, 249),
	(2269, NULL, NULL, NULL, NULL, 'ACTIVE', 503, 239),
	(2270, NULL, NULL, NULL, NULL, 'ACTIVE', 503, 242),
	(2271, NULL, NULL, NULL, NULL, 'ACTIVE', 503, 245),
	(2272, NULL, NULL, NULL, NULL, 'ACTIVE', 503, 250),
	(2276, NULL, NULL, NULL, NULL, 'ACTIVE', 504, 239),
	(2277, NULL, NULL, NULL, NULL, 'ACTIVE', 504, 242),
	(2278, NULL, NULL, NULL, NULL, 'ACTIVE', 504, 246),
	(2279, NULL, NULL, NULL, NULL, 'ACTIVE', 504, 247),
	(2283, NULL, NULL, NULL, NULL, 'ACTIVE', 505, 239),
	(2284, NULL, NULL, NULL, NULL, 'ACTIVE', 505, 242),
	(2285, NULL, NULL, NULL, NULL, 'ACTIVE', 505, 246),
	(2286, NULL, NULL, NULL, NULL, 'ACTIVE', 505, 248),
	(2290, NULL, NULL, NULL, NULL, 'ACTIVE', 506, 239),
	(2291, NULL, NULL, NULL, NULL, 'ACTIVE', 506, 242),
	(2292, NULL, NULL, NULL, NULL, 'ACTIVE', 506, 246),
	(2293, NULL, NULL, NULL, NULL, 'ACTIVE', 506, 249),
	(2297, NULL, NULL, NULL, NULL, 'ACTIVE', 507, 239),
	(2298, NULL, NULL, NULL, NULL, 'ACTIVE', 507, 242),
	(2299, NULL, NULL, NULL, NULL, 'ACTIVE', 507, 246),
	(2300, NULL, NULL, NULL, NULL, 'ACTIVE', 507, 250),
	(2304, NULL, NULL, NULL, NULL, 'ACTIVE', 508, 239),
	(2305, NULL, NULL, NULL, NULL, 'ACTIVE', 508, 243),
	(2306, NULL, NULL, NULL, NULL, 'ACTIVE', 508, 244),
	(2307, NULL, NULL, NULL, NULL, 'ACTIVE', 508, 247),
	(2311, NULL, NULL, NULL, NULL, 'ACTIVE', 509, 239),
	(2312, NULL, NULL, NULL, NULL, 'ACTIVE', 509, 243),
	(2313, NULL, NULL, NULL, NULL, 'ACTIVE', 509, 244),
	(2314, NULL, NULL, NULL, NULL, 'ACTIVE', 509, 248),
	(2318, NULL, NULL, NULL, NULL, 'ACTIVE', 510, 239),
	(2319, NULL, NULL, NULL, NULL, 'ACTIVE', 510, 243),
	(2320, NULL, NULL, NULL, NULL, 'ACTIVE', 510, 244),
	(2321, NULL, NULL, NULL, NULL, 'ACTIVE', 510, 249),
	(2325, NULL, NULL, NULL, NULL, 'ACTIVE', 511, 239),
	(2326, NULL, NULL, NULL, NULL, 'ACTIVE', 511, 243),
	(2327, NULL, NULL, NULL, NULL, 'ACTIVE', 511, 244),
	(2328, NULL, NULL, NULL, NULL, 'ACTIVE', 511, 250),
	(2332, NULL, NULL, NULL, NULL, 'ACTIVE', 512, 239),
	(2333, NULL, NULL, NULL, NULL, 'ACTIVE', 512, 243),
	(2334, NULL, NULL, NULL, NULL, 'ACTIVE', 512, 245),
	(2335, NULL, NULL, NULL, NULL, 'ACTIVE', 512, 247),
	(2339, NULL, NULL, NULL, NULL, 'ACTIVE', 513, 239),
	(2340, NULL, NULL, NULL, NULL, 'ACTIVE', 513, 243),
	(2341, NULL, NULL, NULL, NULL, 'ACTIVE', 513, 245),
	(2342, NULL, NULL, NULL, NULL, 'ACTIVE', 513, 248),
	(2346, NULL, NULL, NULL, NULL, 'ACTIVE', 514, 239),
	(2347, NULL, NULL, NULL, NULL, 'ACTIVE', 514, 243),
	(2348, NULL, NULL, NULL, NULL, 'ACTIVE', 514, 245),
	(2349, NULL, NULL, NULL, NULL, 'ACTIVE', 514, 249),
	(2353, NULL, NULL, NULL, NULL, 'ACTIVE', 515, 239),
	(2354, NULL, NULL, NULL, NULL, 'ACTIVE', 515, 243),
	(2355, NULL, NULL, NULL, NULL, 'ACTIVE', 515, 245),
	(2356, NULL, NULL, NULL, NULL, 'ACTIVE', 515, 250),
	(2360, NULL, NULL, NULL, NULL, 'ACTIVE', 516, 239),
	(2361, NULL, NULL, NULL, NULL, 'ACTIVE', 516, 243),
	(2362, NULL, NULL, NULL, NULL, 'ACTIVE', 516, 246),
	(2363, NULL, NULL, NULL, NULL, 'ACTIVE', 516, 247),
	(2367, NULL, NULL, NULL, NULL, 'ACTIVE', 517, 239),
	(2368, NULL, NULL, NULL, NULL, 'ACTIVE', 517, 243),
	(2369, NULL, NULL, NULL, NULL, 'ACTIVE', 517, 246),
	(2370, NULL, NULL, NULL, NULL, 'ACTIVE', 517, 248),
	(2374, NULL, NULL, NULL, NULL, 'ACTIVE', 518, 239),
	(2375, NULL, NULL, NULL, NULL, 'ACTIVE', 518, 243),
	(2376, NULL, NULL, NULL, NULL, 'ACTIVE', 518, 246),
	(2377, NULL, NULL, NULL, NULL, 'ACTIVE', 518, 249),
	(2381, NULL, NULL, NULL, NULL, 'ACTIVE', 519, 239),
	(2382, NULL, NULL, NULL, NULL, 'ACTIVE', 519, 243),
	(2383, NULL, NULL, NULL, NULL, 'ACTIVE', 519, 246),
	(2384, NULL, NULL, NULL, NULL, 'ACTIVE', 519, 250),
	(2388, NULL, NULL, NULL, NULL, 'ACTIVE', 520, 251),
	(2389, NULL, NULL, NULL, NULL, 'ACTIVE', 520, 254),
	(2390, NULL, NULL, NULL, NULL, 'ACTIVE', 520, 258),
	(2391, NULL, NULL, NULL, NULL, 'ACTIVE', 520, 260),
	(2395, NULL, NULL, NULL, NULL, 'ACTIVE', 521, 251),
	(2396, NULL, NULL, NULL, NULL, 'ACTIVE', 521, 254),
	(2397, NULL, NULL, NULL, NULL, 'ACTIVE', 521, 258),
	(2398, NULL, NULL, NULL, NULL, 'ACTIVE', 521, 261),
	(2402, NULL, NULL, NULL, NULL, 'ACTIVE', 522, 251),
	(2403, NULL, NULL, NULL, NULL, 'ACTIVE', 522, 254),
	(2404, NULL, NULL, NULL, NULL, 'ACTIVE', 522, 259),
	(2405, NULL, NULL, NULL, NULL, 'ACTIVE', 522, 260),
	(2409, NULL, NULL, NULL, NULL, 'ACTIVE', 523, 251),
	(2410, NULL, NULL, NULL, NULL, 'ACTIVE', 523, 254),
	(2411, NULL, NULL, NULL, NULL, 'ACTIVE', 523, 259),
	(2412, NULL, NULL, NULL, NULL, 'ACTIVE', 523, 261),
	(2416, NULL, NULL, NULL, NULL, 'ACTIVE', 524, 251),
	(2417, NULL, NULL, NULL, NULL, 'ACTIVE', 524, 255),
	(2418, NULL, NULL, NULL, NULL, 'ACTIVE', 524, 258),
	(2419, NULL, NULL, NULL, NULL, 'ACTIVE', 524, 260),
	(2423, NULL, NULL, NULL, NULL, 'ACTIVE', 525, 251),
	(2424, NULL, NULL, NULL, NULL, 'ACTIVE', 525, 255),
	(2425, NULL, NULL, NULL, NULL, 'ACTIVE', 525, 258),
	(2426, NULL, NULL, NULL, NULL, 'ACTIVE', 525, 261),
	(2430, NULL, NULL, NULL, NULL, 'ACTIVE', 526, 251),
	(2431, NULL, NULL, NULL, NULL, 'ACTIVE', 526, 255),
	(2432, NULL, NULL, NULL, NULL, 'ACTIVE', 526, 259),
	(2433, NULL, NULL, NULL, NULL, 'ACTIVE', 526, 260),
	(2437, NULL, NULL, NULL, NULL, 'ACTIVE', 527, 251),
	(2438, NULL, NULL, NULL, NULL, 'ACTIVE', 527, 255),
	(2439, NULL, NULL, NULL, NULL, 'ACTIVE', 527, 259),
	(2440, NULL, NULL, NULL, NULL, 'ACTIVE', 527, 261),
	(2444, NULL, NULL, NULL, NULL, 'ACTIVE', 528, 251),
	(2445, NULL, NULL, NULL, NULL, 'ACTIVE', 528, 256),
	(2446, NULL, NULL, NULL, NULL, 'ACTIVE', 528, 258),
	(2447, NULL, NULL, NULL, NULL, 'ACTIVE', 528, 260),
	(2451, NULL, NULL, NULL, NULL, 'ACTIVE', 529, 251),
	(2452, NULL, NULL, NULL, NULL, 'ACTIVE', 529, 256),
	(2453, NULL, NULL, NULL, NULL, 'ACTIVE', 529, 258),
	(2454, NULL, NULL, NULL, NULL, 'ACTIVE', 529, 261),
	(2458, NULL, NULL, NULL, NULL, 'ACTIVE', 530, 251),
	(2459, NULL, NULL, NULL, NULL, 'ACTIVE', 530, 256),
	(2460, NULL, NULL, NULL, NULL, 'ACTIVE', 530, 259),
	(2461, NULL, NULL, NULL, NULL, 'ACTIVE', 530, 260),
	(2465, NULL, NULL, NULL, NULL, 'ACTIVE', 531, 251),
	(2466, NULL, NULL, NULL, NULL, 'ACTIVE', 531, 256),
	(2467, NULL, NULL, NULL, NULL, 'ACTIVE', 531, 259),
	(2468, NULL, NULL, NULL, NULL, 'ACTIVE', 531, 261),
	(2472, NULL, NULL, NULL, NULL, 'ACTIVE', 532, 251),
	(2473, NULL, NULL, NULL, NULL, 'ACTIVE', 532, 257),
	(2474, NULL, NULL, NULL, NULL, 'ACTIVE', 532, 258),
	(2475, NULL, NULL, NULL, NULL, 'ACTIVE', 532, 260),
	(2479, NULL, NULL, NULL, NULL, 'ACTIVE', 533, 251),
	(2480, NULL, NULL, NULL, NULL, 'ACTIVE', 533, 257),
	(2481, NULL, NULL, NULL, NULL, 'ACTIVE', 533, 258),
	(2482, NULL, NULL, NULL, NULL, 'ACTIVE', 533, 261),
	(2486, NULL, NULL, NULL, NULL, 'ACTIVE', 534, 251),
	(2487, NULL, NULL, NULL, NULL, 'ACTIVE', 534, 257),
	(2488, NULL, NULL, NULL, NULL, 'ACTIVE', 534, 259),
	(2489, NULL, NULL, NULL, NULL, 'ACTIVE', 534, 260),
	(2493, NULL, NULL, NULL, NULL, 'ACTIVE', 535, 251),
	(2494, NULL, NULL, NULL, NULL, 'ACTIVE', 535, 257),
	(2495, NULL, NULL, NULL, NULL, 'ACTIVE', 535, 259),
	(2496, NULL, NULL, NULL, NULL, 'ACTIVE', 535, 261),
	(2500, NULL, NULL, NULL, NULL, 'ACTIVE', 536, 252),
	(2501, NULL, NULL, NULL, NULL, 'ACTIVE', 536, 254),
	(2502, NULL, NULL, NULL, NULL, 'ACTIVE', 536, 258),
	(2503, NULL, NULL, NULL, NULL, 'ACTIVE', 536, 260),
	(2507, NULL, NULL, NULL, NULL, 'ACTIVE', 537, 252),
	(2508, NULL, NULL, NULL, NULL, 'ACTIVE', 537, 254),
	(2509, NULL, NULL, NULL, NULL, 'ACTIVE', 537, 258),
	(2510, NULL, NULL, NULL, NULL, 'ACTIVE', 537, 261),
	(2514, NULL, NULL, NULL, NULL, 'ACTIVE', 538, 252),
	(2515, NULL, NULL, NULL, NULL, 'ACTIVE', 538, 254),
	(2516, NULL, NULL, NULL, NULL, 'ACTIVE', 538, 259),
	(2517, NULL, NULL, NULL, NULL, 'ACTIVE', 538, 260),
	(2521, NULL, NULL, NULL, NULL, 'ACTIVE', 539, 252),
	(2522, NULL, NULL, NULL, NULL, 'ACTIVE', 539, 254),
	(2523, NULL, NULL, NULL, NULL, 'ACTIVE', 539, 259),
	(2524, NULL, NULL, NULL, NULL, 'ACTIVE', 539, 261),
	(2528, NULL, NULL, NULL, NULL, 'ACTIVE', 540, 252),
	(2529, NULL, NULL, NULL, NULL, 'ACTIVE', 540, 255),
	(2530, NULL, NULL, NULL, NULL, 'ACTIVE', 540, 258),
	(2531, NULL, NULL, NULL, NULL, 'ACTIVE', 540, 260),
	(2535, NULL, NULL, NULL, NULL, 'ACTIVE', 541, 252),
	(2536, NULL, NULL, NULL, NULL, 'ACTIVE', 541, 255),
	(2537, NULL, NULL, NULL, NULL, 'ACTIVE', 541, 258),
	(2538, NULL, NULL, NULL, NULL, 'ACTIVE', 541, 261),
	(2542, NULL, NULL, NULL, NULL, 'ACTIVE', 542, 252),
	(2543, NULL, NULL, NULL, NULL, 'ACTIVE', 542, 255),
	(2544, NULL, NULL, NULL, NULL, 'ACTIVE', 542, 259),
	(2545, NULL, NULL, NULL, NULL, 'ACTIVE', 542, 260),
	(2549, NULL, NULL, NULL, NULL, 'ACTIVE', 543, 252),
	(2550, NULL, NULL, NULL, NULL, 'ACTIVE', 543, 255),
	(2551, NULL, NULL, NULL, NULL, 'ACTIVE', 543, 259),
	(2552, NULL, NULL, NULL, NULL, 'ACTIVE', 543, 261),
	(2556, NULL, NULL, NULL, NULL, 'ACTIVE', 544, 252),
	(2557, NULL, NULL, NULL, NULL, 'ACTIVE', 544, 256),
	(2558, NULL, NULL, NULL, NULL, 'ACTIVE', 544, 258),
	(2559, NULL, NULL, NULL, NULL, 'ACTIVE', 544, 260),
	(2563, NULL, NULL, NULL, NULL, 'ACTIVE', 545, 252),
	(2564, NULL, NULL, NULL, NULL, 'ACTIVE', 545, 256),
	(2565, NULL, NULL, NULL, NULL, 'ACTIVE', 545, 258),
	(2566, NULL, NULL, NULL, NULL, 'ACTIVE', 545, 261),
	(2570, NULL, NULL, NULL, NULL, 'ACTIVE', 546, 252),
	(2571, NULL, NULL, NULL, NULL, 'ACTIVE', 546, 256),
	(2572, NULL, NULL, NULL, NULL, 'ACTIVE', 546, 259),
	(2573, NULL, NULL, NULL, NULL, 'ACTIVE', 546, 260),
	(2577, NULL, NULL, NULL, NULL, 'ACTIVE', 547, 252),
	(2578, NULL, NULL, NULL, NULL, 'ACTIVE', 547, 256),
	(2579, NULL, NULL, NULL, NULL, 'ACTIVE', 547, 259),
	(2580, NULL, NULL, NULL, NULL, 'ACTIVE', 547, 261),
	(2584, NULL, NULL, NULL, NULL, 'ACTIVE', 548, 252),
	(2585, NULL, NULL, NULL, NULL, 'ACTIVE', 548, 257),
	(2586, NULL, NULL, NULL, NULL, 'ACTIVE', 548, 258),
	(2587, NULL, NULL, NULL, NULL, 'ACTIVE', 548, 260),
	(2591, NULL, NULL, NULL, NULL, 'ACTIVE', 549, 252),
	(2592, NULL, NULL, NULL, NULL, 'ACTIVE', 549, 257),
	(2593, NULL, NULL, NULL, NULL, 'ACTIVE', 549, 258),
	(2594, NULL, NULL, NULL, NULL, 'ACTIVE', 549, 261),
	(2598, NULL, NULL, NULL, NULL, 'ACTIVE', 550, 252),
	(2599, NULL, NULL, NULL, NULL, 'ACTIVE', 550, 257),
	(2600, NULL, NULL, NULL, NULL, 'ACTIVE', 550, 259),
	(2601, NULL, NULL, NULL, NULL, 'ACTIVE', 550, 260),
	(2605, NULL, NULL, NULL, NULL, 'ACTIVE', 551, 252),
	(2606, NULL, NULL, NULL, NULL, 'ACTIVE', 551, 257),
	(2607, NULL, NULL, NULL, NULL, 'ACTIVE', 551, 259),
	(2608, NULL, NULL, NULL, NULL, 'ACTIVE', 551, 261),
	(2612, NULL, NULL, NULL, NULL, 'ACTIVE', 552, 253),
	(2613, NULL, NULL, NULL, NULL, 'ACTIVE', 552, 254),
	(2614, NULL, NULL, NULL, NULL, 'ACTIVE', 552, 258),
	(2615, NULL, NULL, NULL, NULL, 'ACTIVE', 552, 260),
	(2619, NULL, NULL, NULL, NULL, 'ACTIVE', 553, 253),
	(2620, NULL, NULL, NULL, NULL, 'ACTIVE', 553, 254),
	(2621, NULL, NULL, NULL, NULL, 'ACTIVE', 553, 258),
	(2622, NULL, NULL, NULL, NULL, 'ACTIVE', 553, 261),
	(2626, NULL, NULL, NULL, NULL, 'ACTIVE', 554, 253),
	(2627, NULL, NULL, NULL, NULL, 'ACTIVE', 554, 254),
	(2628, NULL, NULL, NULL, NULL, 'ACTIVE', 554, 259),
	(2629, NULL, NULL, NULL, NULL, 'ACTIVE', 554, 260),
	(2633, NULL, NULL, NULL, NULL, 'ACTIVE', 555, 253),
	(2634, NULL, NULL, NULL, NULL, 'ACTIVE', 555, 254),
	(2635, NULL, NULL, NULL, NULL, 'ACTIVE', 555, 259),
	(2636, NULL, NULL, NULL, NULL, 'ACTIVE', 555, 261),
	(2640, NULL, NULL, NULL, NULL, 'ACTIVE', 556, 253),
	(2641, NULL, NULL, NULL, NULL, 'ACTIVE', 556, 255),
	(2642, NULL, NULL, NULL, NULL, 'ACTIVE', 556, 258),
	(2643, NULL, NULL, NULL, NULL, 'ACTIVE', 556, 260),
	(2647, NULL, NULL, NULL, NULL, 'ACTIVE', 557, 253),
	(2648, NULL, NULL, NULL, NULL, 'ACTIVE', 557, 255),
	(2649, NULL, NULL, NULL, NULL, 'ACTIVE', 557, 258),
	(2650, NULL, NULL, NULL, NULL, 'ACTIVE', 557, 261),
	(2654, NULL, NULL, NULL, NULL, 'ACTIVE', 558, 253),
	(2655, NULL, NULL, NULL, NULL, 'ACTIVE', 558, 255),
	(2656, NULL, NULL, NULL, NULL, 'ACTIVE', 558, 259),
	(2657, NULL, NULL, NULL, NULL, 'ACTIVE', 558, 260),
	(2661, NULL, NULL, NULL, NULL, 'ACTIVE', 559, 253),
	(2662, NULL, NULL, NULL, NULL, 'ACTIVE', 559, 255),
	(2663, NULL, NULL, NULL, NULL, 'ACTIVE', 559, 259),
	(2664, NULL, NULL, NULL, NULL, 'ACTIVE', 559, 261),
	(2668, NULL, NULL, NULL, NULL, 'ACTIVE', 560, 253),
	(2669, NULL, NULL, NULL, NULL, 'ACTIVE', 560, 256),
	(2670, NULL, NULL, NULL, NULL, 'ACTIVE', 560, 258),
	(2671, NULL, NULL, NULL, NULL, 'ACTIVE', 560, 260),
	(2675, NULL, NULL, NULL, NULL, 'ACTIVE', 561, 253),
	(2676, NULL, NULL, NULL, NULL, 'ACTIVE', 561, 256),
	(2677, NULL, NULL, NULL, NULL, 'ACTIVE', 561, 258),
	(2678, NULL, NULL, NULL, NULL, 'ACTIVE', 561, 261),
	(2682, NULL, NULL, NULL, NULL, 'ACTIVE', 562, 253),
	(2683, NULL, NULL, NULL, NULL, 'ACTIVE', 562, 256),
	(2684, NULL, NULL, NULL, NULL, 'ACTIVE', 562, 259),
	(2685, NULL, NULL, NULL, NULL, 'ACTIVE', 562, 260),
	(2689, NULL, NULL, NULL, NULL, 'ACTIVE', 563, 253),
	(2690, NULL, NULL, NULL, NULL, 'ACTIVE', 563, 256),
	(2691, NULL, NULL, NULL, NULL, 'ACTIVE', 563, 259),
	(2692, NULL, NULL, NULL, NULL, 'ACTIVE', 563, 261),
	(2696, NULL, NULL, NULL, NULL, 'ACTIVE', 564, 253),
	(2697, NULL, NULL, NULL, NULL, 'ACTIVE', 564, 257),
	(2698, NULL, NULL, NULL, NULL, 'ACTIVE', 564, 258),
	(2699, NULL, NULL, NULL, NULL, 'ACTIVE', 564, 260),
	(2703, NULL, NULL, NULL, NULL, 'ACTIVE', 565, 253),
	(2704, NULL, NULL, NULL, NULL, 'ACTIVE', 565, 257),
	(2705, NULL, NULL, NULL, NULL, 'ACTIVE', 565, 258),
	(2706, NULL, NULL, NULL, NULL, 'ACTIVE', 565, 261),
	(2710, NULL, NULL, NULL, NULL, 'ACTIVE', 566, 253),
	(2711, NULL, NULL, NULL, NULL, 'ACTIVE', 566, 257),
	(2712, NULL, NULL, NULL, NULL, 'ACTIVE', 566, 259),
	(2713, NULL, NULL, NULL, NULL, 'ACTIVE', 566, 260),
	(2717, NULL, NULL, NULL, NULL, 'ACTIVE', 567, 253),
	(2718, NULL, NULL, NULL, NULL, 'ACTIVE', 567, 257),
	(2719, NULL, NULL, NULL, NULL, 'ACTIVE', 567, 259),
	(2720, NULL, NULL, NULL, NULL, 'ACTIVE', 567, 261),
	(2724, NULL, NULL, NULL, NULL, 'ACTIVE', 568, 262),
	(2725, NULL, NULL, NULL, NULL, 'ACTIVE', 568, 265),
	(2727, NULL, NULL, NULL, NULL, 'ACTIVE', 569, 262),
	(2728, NULL, NULL, NULL, NULL, 'ACTIVE', 569, 266),
	(2730, NULL, NULL, NULL, NULL, 'ACTIVE', 570, 262),
	(2731, NULL, NULL, NULL, NULL, 'ACTIVE', 570, 267),
	(2733, NULL, NULL, NULL, NULL, 'ACTIVE', 571, 263),
	(2734, NULL, NULL, NULL, NULL, 'ACTIVE', 571, 265),
	(2736, NULL, NULL, NULL, NULL, 'ACTIVE', 572, 263),
	(2737, NULL, NULL, NULL, NULL, 'ACTIVE', 572, 266),
	(2739, NULL, NULL, NULL, NULL, 'ACTIVE', 573, 263),
	(2740, NULL, NULL, NULL, NULL, 'ACTIVE', 573, 267),
	(2742, NULL, NULL, NULL, NULL, 'ACTIVE', 574, 264),
	(2743, NULL, NULL, NULL, NULL, 'ACTIVE', 574, 265),
	(2745, NULL, NULL, NULL, NULL, 'ACTIVE', 575, 264),
	(2746, NULL, NULL, NULL, NULL, 'ACTIVE', 575, 266),
	(2748, NULL, NULL, NULL, NULL, 'ACTIVE', 576, 264),
	(2749, NULL, NULL, NULL, NULL, 'ACTIVE', 576, 267),
	(2751, NULL, NULL, NULL, NULL, 'ACTIVE', 577, 268),
	(2752, NULL, NULL, NULL, NULL, 'ACTIVE', 577, 269),
	(2754, NULL, NULL, NULL, NULL, 'ACTIVE', 578, 268),
	(2755, NULL, NULL, NULL, NULL, 'ACTIVE', 578, 270),
	(2936, NULL, NULL, NULL, NULL, 'ACTIVE', 620, 413),
	(2937, NULL, NULL, NULL, NULL, 'ACTIVE', 620, 414),
	(3113, NULL, NULL, NULL, NULL, 'ACTIVE', 655, 521),
	(3114, NULL, NULL, NULL, NULL, 'ACTIVE', 655, 523),
	(3116, NULL, NULL, NULL, NULL, 'ACTIVE', 656, 521),
	(3117, NULL, NULL, NULL, NULL, 'ACTIVE', 656, 524),
	(3119, NULL, NULL, NULL, NULL, 'ACTIVE', 657, 522),
	(3120, NULL, NULL, NULL, NULL, 'ACTIVE', 657, 523),
	(3122, NULL, NULL, NULL, NULL, 'ACTIVE', 658, 522),
	(3123, NULL, NULL, NULL, NULL, 'ACTIVE', 658, 524),
	(3128, NULL, NULL, NULL, NULL, 'ACTIVE', 662, 528),
	(3129, NULL, NULL, NULL, NULL, 'ACTIVE', 662, 531),
	(3131, NULL, NULL, NULL, NULL, 'ACTIVE', 663, 528),
	(3132, NULL, NULL, NULL, NULL, 'ACTIVE', 663, 532),
	(3134, NULL, NULL, NULL, NULL, 'ACTIVE', 664, 529),
	(3135, NULL, NULL, NULL, NULL, 'ACTIVE', 664, 531),
	(3137, NULL, NULL, NULL, NULL, 'ACTIVE', 665, 529),
	(3138, NULL, NULL, NULL, NULL, 'ACTIVE', 665, 532),
	(3140, NULL, NULL, NULL, NULL, 'ACTIVE', 666, 530),
	(3141, NULL, NULL, NULL, NULL, 'ACTIVE', 666, 531),
	(3143, NULL, NULL, NULL, NULL, 'ACTIVE', 667, 530),
	(3144, NULL, NULL, NULL, NULL, 'ACTIVE', 667, 532),
	(3171, NULL, NULL, NULL, NULL, 'ACTIVE', 677, 539),
	(3172, NULL, NULL, NULL, NULL, 'ACTIVE', 677, 542),
	(3173, NULL, NULL, NULL, NULL, 'ACTIVE', 677, 545),
	(3174, NULL, NULL, NULL, NULL, 'ACTIVE', 678, 539),
	(3175, NULL, NULL, NULL, NULL, 'ACTIVE', 678, 542),
	(3176, NULL, NULL, NULL, NULL, 'ACTIVE', 678, 546),
	(3177, NULL, NULL, NULL, NULL, 'ACTIVE', 679, 539),
	(3178, NULL, NULL, NULL, NULL, 'ACTIVE', 679, 543),
	(3179, NULL, NULL, NULL, NULL, 'ACTIVE', 679, 545),
	(3180, NULL, NULL, NULL, NULL, 'ACTIVE', 680, 539),
	(3181, NULL, NULL, NULL, NULL, 'ACTIVE', 680, 543),
	(3182, NULL, NULL, NULL, NULL, 'ACTIVE', 680, 546),
	(3183, NULL, NULL, NULL, NULL, 'ACTIVE', 681, 539),
	(3184, NULL, NULL, NULL, NULL, 'ACTIVE', 681, 544),
	(3185, NULL, NULL, NULL, NULL, 'ACTIVE', 681, 545),
	(3186, NULL, NULL, NULL, NULL, 'ACTIVE', 682, 539),
	(3187, NULL, NULL, NULL, NULL, 'ACTIVE', 682, 544),
	(3188, NULL, NULL, NULL, NULL, 'ACTIVE', 682, 546),
	(3189, NULL, NULL, NULL, NULL, 'ACTIVE', 683, 540),
	(3190, NULL, NULL, NULL, NULL, 'ACTIVE', 683, 542),
	(3191, NULL, NULL, NULL, NULL, 'ACTIVE', 683, 545),
	(3192, NULL, NULL, NULL, NULL, 'ACTIVE', 684, 540),
	(3193, NULL, NULL, NULL, NULL, 'ACTIVE', 684, 542),
	(3194, NULL, NULL, NULL, NULL, 'ACTIVE', 684, 546),
	(3195, NULL, NULL, NULL, NULL, 'ACTIVE', 685, 540),
	(3196, NULL, NULL, NULL, NULL, 'ACTIVE', 685, 543),
	(3197, NULL, NULL, NULL, NULL, 'ACTIVE', 685, 545),
	(3198, NULL, NULL, NULL, NULL, 'ACTIVE', 686, 540),
	(3199, NULL, NULL, NULL, NULL, 'ACTIVE', 686, 543),
	(3200, NULL, NULL, NULL, NULL, 'ACTIVE', 686, 546),
	(3201, NULL, NULL, NULL, NULL, 'ACTIVE', 687, 540),
	(3202, NULL, NULL, NULL, NULL, 'ACTIVE', 687, 544),
	(3203, NULL, NULL, NULL, NULL, 'ACTIVE', 687, 545),
	(3204, NULL, NULL, NULL, NULL, 'ACTIVE', 688, 540),
	(3205, NULL, NULL, NULL, NULL, 'ACTIVE', 688, 544),
	(3206, NULL, NULL, NULL, NULL, 'ACTIVE', 688, 546),
	(3207, NULL, NULL, NULL, NULL, 'ACTIVE', 689, 541),
	(3208, NULL, NULL, NULL, NULL, 'ACTIVE', 689, 542),
	(3209, NULL, NULL, NULL, NULL, 'ACTIVE', 689, 545),
	(3210, NULL, NULL, NULL, NULL, 'ACTIVE', 690, 541),
	(3211, NULL, NULL, NULL, NULL, 'ACTIVE', 690, 542),
	(3212, NULL, NULL, NULL, NULL, 'ACTIVE', 690, 546),
	(3213, NULL, NULL, NULL, NULL, 'ACTIVE', 691, 541),
	(3214, NULL, NULL, NULL, NULL, 'ACTIVE', 691, 543),
	(3215, NULL, NULL, NULL, NULL, 'ACTIVE', 691, 545),
	(3216, NULL, NULL, NULL, NULL, 'ACTIVE', 692, 541),
	(3217, NULL, NULL, NULL, NULL, 'ACTIVE', 692, 543),
	(3218, NULL, NULL, NULL, NULL, 'ACTIVE', 692, 546),
	(3219, NULL, NULL, NULL, NULL, 'ACTIVE', 693, 541),
	(3220, NULL, NULL, NULL, NULL, 'ACTIVE', 693, 544),
	(3221, NULL, NULL, NULL, NULL, 'ACTIVE', 693, 545),
	(3222, NULL, NULL, NULL, NULL, 'ACTIVE', 694, 541),
	(3223, NULL, NULL, NULL, NULL, 'ACTIVE', 694, 544),
	(3224, NULL, NULL, NULL, NULL, 'ACTIVE', 694, 546);

-- Dumping structure for table duantotnghiep.giohang
CREATE TABLE IF NOT EXISTS `giohang` (
  `id` bigint NOT NULL AUTO_INCREMENT,
  `ngaysua` timestamp NULL DEFAULT NULL,
  `ngaytao` timestamp NULL DEFAULT NULL,
  `nguoisua` varchar(255) DEFAULT NULL,
  `nguoitao` varchar(255) DEFAULT NULL,
  `trangthai` varchar(255) DEFAULT 'ACTIVE',
  `idkhachhang` bigint DEFAULT NULL,
  PRIMARY KEY (`id`),
  KEY `FKrotib125snysssa1uiikkfj1b` (`idkhachhang`),
  CONSTRAINT `FKrotib125snysssa1uiikkfj1b` FOREIGN KEY (`idkhachhang`) REFERENCES `khachhang` (`id`)
) ENGINE=InnoDB AUTO_INCREMENT=16 DEFAULT CHARSET=utf8mb3;

-- Dumping data for table duantotnghiep.giohang: ~1 rows (approximately)
INSERT INTO `giohang` (`id`, `ngaysua`, `ngaytao`, `nguoisua`, `nguoitao`, `trangthai`, `idkhachhang`) VALUES
	(15, NULL, '2024-01-06 15:23:46', NULL, 'dangngocthanh0133', 'ACTIVE', 1);

-- Dumping structure for table duantotnghiep.giohangchitiet
CREATE TABLE IF NOT EXISTS `giohangchitiet` (
  `id` bigint NOT NULL AUTO_INCREMENT,
  `ngaysua` timestamp NULL DEFAULT NULL,
  `ngaytao` timestamp NULL DEFAULT NULL,
  `nguoisua` varchar(255) DEFAULT NULL,
  `nguoitao` varchar(255) DEFAULT NULL,
  `trangthai` varchar(255) DEFAULT 'ACTIVE',
  `gia` double DEFAULT NULL,
  `soluong` int DEFAULT NULL,
  `idbienthe` bigint DEFAULT NULL,
  `idgiohang` bigint DEFAULT NULL,
  `idsanpham` bigint DEFAULT NULL,
  PRIMARY KEY (`id`),
  KEY `FK8j5vpdk26mdy519f0uoeh1dix` (`idbienthe`),
  KEY `FKrxrj4t2nvkmcprh4ee0ehbvwi` (`idgiohang`),
  KEY `FKpubdi51v0ipjgpy3hfa7egsjq` (`idsanpham`),
  CONSTRAINT `FK8j5vpdk26mdy519f0uoeh1dix` FOREIGN KEY (`idbienthe`) REFERENCES `bienthe` (`id`),
  CONSTRAINT `FKpubdi51v0ipjgpy3hfa7egsjq` FOREIGN KEY (`idsanpham`) REFERENCES `sanpham` (`id`),
  CONSTRAINT `FKrxrj4t2nvkmcprh4ee0ehbvwi` FOREIGN KEY (`idgiohang`) REFERENCES `giohang` (`id`)
) ENGINE=InnoDB AUTO_INCREMENT=56 DEFAULT CHARSET=utf8mb3;

-- Dumping data for table duantotnghiep.giohangchitiet: ~1 rows (approximately)

-- Dumping structure for table duantotnghiep.hoadon
CREATE TABLE IF NOT EXISTS `hoadon` (
  `id` bigint NOT NULL AUTO_INCREMENT,
  `ngaysua` timestamp NULL DEFAULT NULL,
  `ngaytao` timestamp NULL DEFAULT NULL,
  `nguoisua` varchar(255) DEFAULT NULL,
  `nguoitao` varchar(255) DEFAULT NULL,
  `trangthai` varchar(255) DEFAULT 'ACTIVE',
  `diachi` varchar(255) DEFAULT NULL,
  `ma` varchar(255) DEFAULT NULL,
  `mota` text,
  `ngaydat` timestamp NULL DEFAULT NULL,
  `ngaydukiengiaohang` timestamp NULL DEFAULT NULL,
  `ngaynhanhang` timestamp NULL DEFAULT NULL,
  `ngaythanhtoan` timestamp NULL DEFAULT NULL,
  `phuongthucthanhtoan` varchar(255) DEFAULT NULL,
  `sodienthoai` varchar(255) DEFAULT NULL,
  `tennguoinhan` varchar(255) DEFAULT NULL,
  `tienkhachtra` double DEFAULT NULL,
  `tienship` double DEFAULT NULL,
  `tongtienhang` double DEFAULT NULL,
  `idkhachhang` bigint DEFAULT NULL,
  `idlydohuydon` bigint DEFAULT NULL,
  `idnhanvien` bigint DEFAULT NULL,
  `magiaohang` varchar(25) DEFAULT NULL,
  `loai` varchar(255) DEFAULT NULL,
  `ngaygiaohang` timestamp NULL DEFAULT NULL,
  `tiengiamgia` double DEFAULT NULL,
  PRIMARY KEY (`id`),
  UNIQUE KEY `UK_68t1eua0rqbalr8tduyigv0wf` (`ma`),
  KEY `FKlwt6og8a59ih2g8k9le1n7bpy` (`idkhachhang`),
  KEY `FKdwfy15k3xk5wta4dkl3ff0t9t` (`idlydohuydon`),
  KEY `FKotnlgqnkhi19yrgi907nev953` (`idnhanvien`),
  CONSTRAINT `FKdwfy15k3xk5wta4dkl3ff0t9t` FOREIGN KEY (`idlydohuydon`) REFERENCES `lydohuydon` (`id`),
  CONSTRAINT `FKlwt6og8a59ih2g8k9le1n7bpy` FOREIGN KEY (`idkhachhang`) REFERENCES `khachhang` (`id`),
  CONSTRAINT `FKotnlgqnkhi19yrgi907nev953` FOREIGN KEY (`idnhanvien`) REFERENCES `nhanvien` (`id`)
) ENGINE=InnoDB AUTO_INCREMENT=152 DEFAULT CHARSET=utf8mb3;

-- Dumping data for table duantotnghiep.hoadon: ~2 rows (approximately)

-- Dumping structure for table duantotnghiep.hoadonchitiet
CREATE TABLE IF NOT EXISTS `hoadonchitiet` (
  `id` bigint NOT NULL AUTO_INCREMENT,
  `ngaysua` timestamp NULL DEFAULT NULL,
  `ngaytao` timestamp NULL DEFAULT NULL,
  `nguoisua` varchar(255) DEFAULT NULL,
  `nguoitao` varchar(255) DEFAULT NULL,
  `trangthai` varchar(255) DEFAULT 'ACTIVE',
  `gia` double DEFAULT NULL,
  `soluong` int DEFAULT NULL,
  `thanhtien` double DEFAULT NULL,
  `idbienthe` bigint DEFAULT NULL,
  `idhoadon` bigint DEFAULT NULL,
  `idkhuyenmai` bigint DEFAULT NULL,
  `sotiengiam` double DEFAULT NULL,
  `idsanpham` bigint DEFAULT NULL,
  PRIMARY KEY (`id`),
  KEY `FK8g5acmm1r0ha2hua47ul4rdia` (`idbienthe`),
  KEY `FK72nghe3o7s1prylbbnvfwub2k` (`idhoadon`),
  KEY `FKhv6nwlu151jpu9ikpe9fonvi6` (`idkhuyenmai`),
  KEY `FK560jg2blrioyu3qvoh6uunkk0` (`idsanpham`),
  CONSTRAINT `FK560jg2blrioyu3qvoh6uunkk0` FOREIGN KEY (`idsanpham`) REFERENCES `sanpham` (`id`),
  CONSTRAINT `FK72nghe3o7s1prylbbnvfwub2k` FOREIGN KEY (`idhoadon`) REFERENCES `hoadon` (`id`),
  CONSTRAINT `FK8g5acmm1r0ha2hua47ul4rdia` FOREIGN KEY (`idbienthe`) REFERENCES `bienthe` (`id`),
  CONSTRAINT `FKhv6nwlu151jpu9ikpe9fonvi6` FOREIGN KEY (`idkhuyenmai`) REFERENCES `khuyenmai` (`id`)
) ENGINE=InnoDB AUTO_INCREMENT=98 DEFAULT CHARSET=utf8mb3;

-- Dumping data for table duantotnghiep.hoadonchitiet: ~0 rows (approximately)

-- Dumping structure for table duantotnghiep.khachhang
CREATE TABLE IF NOT EXISTS `khachhang` (
  `id` bigint NOT NULL AUTO_INCREMENT,
  `ngaysua` timestamp NULL DEFAULT NULL,
  `ngaytao` timestamp NULL DEFAULT NULL,
  `nguoisua` varchar(255) DEFAULT NULL,
  `nguoitao` varchar(255) DEFAULT NULL,
  `trangthai` varchar(255) DEFAULT 'ACTIVE',
  `email` varchar(255) DEFAULT NULL,
  `gioitinh` varchar(255) DEFAULT NULL,
  `ma` varchar(255) NOT NULL,
  `matkhau` varchar(255) DEFAULT NULL,
  `mota` varchar(255) DEFAULT NULL,
  `ngaysinh` timestamp NULL DEFAULT NULL,
  `sodienthoai` varchar(255) DEFAULT NULL,
  `ten` varchar(255) DEFAULT NULL,
  `expiretime` datetime DEFAULT NULL,
  `resttoken` varchar(255) DEFAULT NULL,
  `loai` varchar(255) DEFAULT NULL,
  PRIMARY KEY (`id`),
  UNIQUE KEY `UK_jb5oqkftwr5hwaxh2exlh14xn` (`ma`),
  UNIQUE KEY `UK_h52m162a489iuk0ffo82aa16w` (`sodienthoai`)
) ENGINE=InnoDB AUTO_INCREMENT=14 DEFAULT CHARSET=utf8mb3;

-- Dumping data for table duantotnghiep.khachhang: ~13 rows (approximately)
INSERT INTO `khachhang` (`id`, `ngaysua`, `ngaytao`, `nguoisua`, `nguoitao`, `trangthai`, `email`, `gioitinh`, `ma`, `matkhau`, `mota`, `ngaysinh`, `sodienthoai`, `ten`, `expiretime`, `resttoken`, `loai`) VALUES
	(1, NULL, '2023-11-19 16:57:34', NULL, 'nguyenvana@gmail.com', 'ACTIVE', 'dangngocthanh@gmail.com', 'Nam', 'dangngocthanh0133', '$2a$10$/RUbuT9KIqk6f8enaTQiLOXzhnUkiwEJRdtzdrMXXwU7dgnLKTCYG', NULL, '2003-11-19 16:57:25', '0372092723', 'Đặng Ngọc Thanh', NULL, NULL, NULL),
	(2, '2023-12-16 16:01:30', '2023-11-19 16:59:26', 'dinhanhtuan0812', 'dinhanhtuan0812', 'ACTIVE', 'dinhanhtuan@gmail.com', 'Nam', 'dinhanhtuan0812', '$2a$10$nGSToRTIXfyL3lz0aG02mO0kQFMwxOVVMJlY4KJFb/F64.r7irDYW', '', '2003-12-08 00:00:00', '0384082003', 'Đinh Anh Tuấn', NULL, NULL, NULL),
	(3, NULL, '2023-11-19 17:01:05', NULL, 'nguyenvana@gmail.com', 'ACTIVE', 'nguyenthikhanhlinh@gmail.com', 'Nữ', 'nguyenthikhanhlinh1711', '$2a$10$/RUbuT9KIqk6f8enaTQiLOXzhnUkiwEJRdtzdrMXXwU7dgnLKTCYG', NULL, '2003-11-19 17:00:12', '0979386056', 'Nguyễn Thị Khánh Linh', NULL, NULL, NULL),
	(4, NULL, '2023-11-19 17:01:13', NULL, 'doquochuy8173', 'ACTIVE', 'doquochuy@gmail.com', 'Nam', 'doquochuy8173', '$2a$10$/RUbuT9KIqk6f8enaTQiLOXzhnUkiwEJRdtzdrMXXwU7dgnLKTCYG', NULL, '2003-11-19 17:01:26', '0193838838', 'Đỗ Quốc Huy', NULL, NULL, NULL),
	(5, NULL, '2023-11-19 17:02:12', NULL, 'admin9193', 'ACTIVE', 'dinhtuananh@gmail.com', 'Nam', 'dinhtuananh0183', '$2a$10$/RUbuT9KIqk6f8enaTQiLOXzhnUkiwEJRdtzdrMXXwU7dgnLKTCYG', NULL, '2023-11-19 17:02:36', '0381992939', 'Đinh Tuấn Anh', NULL, NULL, NULL),
	(6, NULL, '2023-12-09 09:16:55', NULL, 'anonymous', 'ACTIVE', 'huydo@gmail.com', NULL, 'huydq8493', '$2a$10$55iif1j6/xl5UuJjMPtpOOwoFH4glzlBmpxpiiTnMpY6SIEbcNaxC', NULL, NULL, '0389979874', 'huydq', NULL, NULL, NULL),
	(7, NULL, '2023-12-09 09:27:35', NULL, 'anonymous', 'ACTIVE', 'nhatminh@gmail.com', NULL, 'nhatminh5731', '$2a$10$mrYZeWuOsXAC3d4BkkWsR.s.4hmIib4GR.ZD.ZZrjW7HC7oUI0ghG', NULL, NULL, '0912876321', 'Nhật Minh', NULL, NULL, NULL),
	(8, NULL, '2023-12-16 09:10:16', NULL, 'admin9193', 'ACTIVE', '', NULL, 'nguyenvana5849', NULL, NULL, NULL, '0987654322', 'Nguyễn Văn A', NULL, NULL, NULL),
	(9, NULL, '2023-12-17 20:56:10', NULL, 'admin9193', 'ACTIVE', '', 'Nam', 'nguyenvana7295', NULL, '', NULL, '0982704723', 'Nguyễn Văn A', NULL, NULL, NULL),
	(10, NULL, '2023-12-17 21:15:22', NULL, 'anonymous', 'ACTIVE', 'dangngocthanh720@gmail.com', NULL, 'dangngocthanh1670', '$2a$10$55iif1j6/xl5UuJjMPtpOOwoFH4glzlBmpxpiiTnMpY6SIEbcNaxC', NULL, NULL, '0302704723', 'Đặng Ngọc Thanh', NULL, NULL, NULL),
	(11, NULL, '2023-12-17 21:19:03', NULL, 'admin9193', 'ACTIVE', '', 'Nam', 'thanh5717', NULL, '', NULL, '0912512571', 'THanh', NULL, NULL, NULL),
	(12, NULL, '2023-12-17 21:20:45', NULL, 'admin9193', 'ACTIVE', '', 'Nam', 'hhhhhh2810', NULL, '123', '2007-11-30 00:00:00', '0125819251', 'hhhhhh', NULL, NULL, NULL),
	(13, NULL, '2023-12-17 21:21:28', NULL, 'admin9193', 'ACTIVE', '', NULL, 'f1qwf0551', NULL, NULL, NULL, '0192491249', 'f1qwf', NULL, NULL, NULL);

-- Dumping structure for table duantotnghiep.khachhangyeuthichsanpham
CREATE TABLE IF NOT EXISTS `khachhangyeuthichsanpham` (
  `id` bigint NOT NULL AUTO_INCREMENT,
  `ngaysua` timestamp NULL DEFAULT NULL,
  `ngaytao` timestamp NULL DEFAULT NULL,
  `nguoisua` varchar(255) DEFAULT NULL,
  `nguoitao` varchar(255) DEFAULT NULL,
  `trangthai` varchar(255) DEFAULT 'ACTIVE',
  `idkhachhang` bigint DEFAULT NULL,
  `idsanpham` bigint DEFAULT NULL,
  PRIMARY KEY (`id`),
  KEY `FK6xou0vpao86hx3cx1we1vbw53` (`idkhachhang`),
  KEY `FK46gya4ljueanopgjyga4bccna` (`idsanpham`),
  CONSTRAINT `FK46gya4ljueanopgjyga4bccna` FOREIGN KEY (`idsanpham`) REFERENCES `sanpham` (`id`),
  CONSTRAINT `FK6xou0vpao86hx3cx1we1vbw53` FOREIGN KEY (`idkhachhang`) REFERENCES `khachhang` (`id`)
) ENGINE=InnoDB DEFAULT CHARSET=utf8mb3;

-- Dumping data for table duantotnghiep.khachhangyeuthichsanpham: ~0 rows (approximately)

-- Dumping structure for table duantotnghiep.khuyenmai
CREATE TABLE IF NOT EXISTS `khuyenmai` (
  `id` bigint NOT NULL AUTO_INCREMENT,
  `ngaysua` timestamp NULL DEFAULT NULL,
  `ngaytao` timestamp NULL DEFAULT NULL,
  `nguoisua` varchar(255) DEFAULT NULL,
  `nguoitao` varchar(255) DEFAULT NULL,
  `trangthai` varchar(255) DEFAULT 'ACTIVE',
  `giatri` varchar(255) DEFAULT NULL,
  `loai` varchar(255) DEFAULT NULL,
  `ma` varchar(255) DEFAULT NULL,
  `mota` text,
  `ngaybatdau` timestamp NULL DEFAULT NULL,
  `ngayketthuc` timestamp NULL DEFAULT NULL,
  `soluong` int DEFAULT NULL,
  `ten` varchar(255) DEFAULT NULL,
  `tong` int DEFAULT NULL,
  PRIMARY KEY (`id`),
  UNIQUE KEY `UK_qccppo5y398aj6n58grn9syop` (`ma`)
) ENGINE=InnoDB AUTO_INCREMENT=24 DEFAULT CHARSET=utf8mb3;

-- Dumping data for table duantotnghiep.khuyenmai: ~10 rows (approximately)
INSERT INTO `khuyenmai` (`id`, `ngaysua`, `ngaytao`, `nguoisua`, `nguoitao`, `trangthai`, `giatri`, `loai`, `ma`, `mota`, `ngaybatdau`, `ngayketthuc`, `soluong`, `ten`, `tong`) VALUES
	(10, '2023-12-23 09:38:19', '2023-12-03 05:43:09', 'anonymous', 'admin9193', 'ACTIVE', '20.0', '1', 'KM01', 'CTO1', '2023-12-03 05:42:00', '2024-02-23 05:44:07', 10000, 'Khuyến mại 01', NULL),
	(14, '2023-12-23 08:09:30', '2023-12-04 08:10:13', 'anonymous', 'admin9193', 'ACTIVE', '15000.0', '0', 'KOFLV001', 'Ưu đãi đầu tháng', '2023-12-04 15:09:00', '2024-02-23 07:35:00', 100000, 'Ưu đãi đầu tháng', NULL),
	(16, '2023-12-24 11:01:41', '2023-12-04 08:18:22', 'anonymous', 'admin9193', 'ACTIVE', '20000.0', '0', 'KOFSALE101', 'Khuyến mại ', '2023-12-04 15:15:00', '2024-02-23 16:39:25', 5, 'Khuyến mại cuối ngày', NULL),
	(17, '2023-12-23 15:38:19', '2023-12-04 08:37:42', 'dangngocthanh0133', 'admin9193', 'ACTIVE', '5.0', '1', 'KOFKMM001', 'Chương trình KM', '2023-12-04 01:37:00', '2024-02-23 15:37:07', 1000, 'Khuyến mại mới', NULL),
	(18, '2023-12-23 04:04:17', '2023-12-04 19:22:46', 'anonymous', 'admin9193', 'ACTIVE', '20.0', '1', 'KOCFS001', 'Khuyến mại Flash Sale', '2023-12-05 12:21:00', '2024-02-23 00:38:00', 123, 'Flash Sale', NULL),
	(19, '2023-12-23 04:04:17', '2023-12-04 19:30:12', 'anonymous', 'admin9193', 'ACTIVE', '25.0', '1', 'KOC251223', 'Khuyến mại 25/12', '2023-12-09 12:29:00', '2024-02-23 00:37:59', 5000, 'Khuyến mại 25/12', NULL),
	(20, '2023-12-23 04:04:16', '2023-12-04 19:38:02', 'anonymous', 'admin9193', 'ACTIVE', '10000.0', '0', 'KOCFS24', 'Flash Sale 24h', '2023-12-05 12:37:00', '2024-02-03 02:37:52', 123, 'Flash Sale 24h', NULL),
	(21, '2023-12-23 14:44:36', '2023-12-04 19:44:33', 'anonymous', 'admin9193', 'ACTIVE', '20.0', '1', 'KOCSALE99k', 'Khuyến mại 99k', '2023-12-05 12:44:00', '2024-02-23 12:49:59', 10000, 'Khuyến mại 99k', NULL),
	(22, '2023-12-23 08:09:28', '2023-12-04 19:51:32', 'anonymous', 'admin9193', 'ACTIVE', '10000.0', '0', 'KOCSALE1H', 'Khuyến mại 1h', '2023-12-04 22:51:00', '2024-02-23 07:43:58', 12342, 'Khuyến mại 1h', NULL),
	(23, '2023-12-23 04:04:15', '2023-12-05 00:30:19', 'anonymous', 'admin9193', 'ACTIVE', '35.0', '1', 'KOCSLH334', 'Lễ Hội Mua Sắm', '2023-12-09 17:29:00', '2024-02-23 03:00:05', 122, 'Lễ Hội Mua Sắm', NULL);

-- Dumping structure for table duantotnghiep.khuyenmaisanpham
CREATE TABLE IF NOT EXISTS `khuyenmaisanpham` (
  `id` bigint NOT NULL AUTO_INCREMENT,
  `ngaysua` timestamp NULL DEFAULT NULL,
  `ngaytao` timestamp NULL DEFAULT NULL,
  `nguoisua` varchar(255) DEFAULT NULL,
  `nguoitao` varchar(255) DEFAULT NULL,
  `trangthai` varchar(255) DEFAULT 'ACTIVE',
  `idkhuyenmai` bigint DEFAULT NULL,
  `idsanpham` bigint DEFAULT NULL,
  PRIMARY KEY (`id`),
  KEY `FK72ak37yxbdjl3b4ixb47kt2m` (`idkhuyenmai`),
  KEY `FK33tkasuvvky1oe63bc5097od4` (`idsanpham`),
  CONSTRAINT `FK33tkasuvvky1oe63bc5097od4` FOREIGN KEY (`idsanpham`) REFERENCES `sanpham` (`id`),
  CONSTRAINT `FK72ak37yxbdjl3b4ixb47kt2m` FOREIGN KEY (`idkhuyenmai`) REFERENCES `khuyenmai` (`id`)
) ENGINE=InnoDB AUTO_INCREMENT=38 DEFAULT CHARSET=utf8mb3;

-- Dumping data for table duantotnghiep.khuyenmaisanpham: ~27 rows (approximately)
INSERT INTO `khuyenmaisanpham` (`id`, `ngaysua`, `ngaytao`, `nguoisua`, `nguoitao`, `trangthai`, `idkhuyenmai`, `idsanpham`) VALUES
	(1, '2023-12-23 04:04:15', '2023-12-09 06:12:25', 'anonymous', 'admin9193', 'ACTIVE', 23, 49),
	(2, '2023-12-23 04:04:15', '2023-12-09 06:12:25', 'anonymous', 'admin9193', 'ACTIVE', 23, 48),
	(3, '2023-12-23 04:04:15', '2023-12-09 06:12:25', 'anonymous', 'admin9193', 'ACTIVE', 23, 47),
	(4, '2023-12-23 08:09:28', '2023-12-09 06:12:44', 'anonymous', 'admin9193', 'ACTIVE', 22, 46),
	(5, '2023-12-23 08:09:28', '2023-12-09 06:12:44', 'anonymous', 'admin9193', 'ACTIVE', 22, 45),
	(6, '2023-12-23 08:09:28', '2023-12-09 06:12:44', 'anonymous', 'admin9193', 'ACTIVE', 22, 44),
	(7, '2023-12-23 14:44:36', '2023-12-09 06:13:06', 'anonymous', 'admin9193', 'ACTIVE', 21, 43),
	(8, '2023-12-23 14:44:36', '2023-12-09 06:13:06', 'anonymous', 'admin9193', 'ACTIVE', 21, 42),
	(9, '2023-12-23 14:44:36', '2023-12-09 06:13:06', 'anonymous', 'admin9193', 'ACTIVE', 21, 41),
	(10, '2023-12-23 04:04:16', '2023-12-09 06:13:25', 'anonymous', 'admin9193', 'ACTIVE', 20, 39),
	(11, '2023-12-23 04:04:16', '2023-12-09 06:13:25', 'anonymous', 'admin9193', 'ACTIVE', 20, 38),
	(12, '2023-12-23 04:04:16', '2023-12-09 06:13:25', 'anonymous', 'admin9193', 'ACTIVE', 20, 37),
	(13, '2023-12-23 04:04:17', '2023-12-09 06:13:53', 'anonymous', 'admin9193', 'ACTIVE', 19, 4),
	(14, '2023-12-23 04:04:17', '2023-12-09 06:13:53', 'anonymous', 'admin9193', 'ACTIVE', 19, 3),
	(15, '2023-12-23 04:04:17', '2023-12-09 06:13:53', 'anonymous', 'admin9193', 'ACTIVE', 19, 2),
	(16, '2023-12-23 04:04:17', '2023-12-09 06:13:53', 'anonymous', 'admin9193', 'ACTIVE', 19, 1),
	(17, '2023-12-23 04:04:17', '2023-12-09 06:14:56', 'anonymous', 'admin9193', 'ACTIVE', 18, 35),
	(18, '2023-12-23 04:04:17', '2023-12-09 06:14:56', 'anonymous', 'admin9193', 'ACTIVE', 18, 34),
	(19, '2023-12-23 04:04:17', '2023-12-09 06:14:56', 'anonymous', 'admin9193', 'ACTIVE', 18, 33),
	(20, '2023-12-23 15:38:19', '2023-12-09 06:15:26', 'dangngocthanh0133', 'admin9193', 'ACTIVE', 17, 27),
	(21, '2023-12-23 15:38:19', '2023-12-09 06:15:26', 'dangngocthanh0133', 'admin9193', 'ACTIVE', 17, 26),
	(22, '2023-12-23 15:38:19', '2023-12-09 06:15:26', 'dangngocthanh0133', 'admin9193', 'ACTIVE', 17, 25),
	(33, '2023-12-24 11:01:40', '2023-12-09 06:15:26', 'anonymous', 'admin9193', 'ACTIVE', 16, 5),
	(34, '2023-12-23 09:38:19', '2023-12-09 06:12:25', 'anonymous', 'admin9193', 'ACTIVE', 10, 11),
	(35, '2023-12-23 08:09:29', '2023-12-09 06:12:25', 'anonymous', 'admin9193', 'ACTIVE', 14, 7),
	(36, '2023-12-23 08:09:28', '2023-12-09 06:12:25', 'anonymous', 'admin9193', 'ACTIVE', 22, 40),
	(37, '2023-12-23 04:04:15', '2023-12-09 06:12:25', 'anonymous', 'admin9193', 'ACTIVE', 23, 30);

-- Dumping structure for table duantotnghiep.lichsutichdiem
CREATE TABLE IF NOT EXISTS `lichsutichdiem` (
  `id` bigint NOT NULL AUTO_INCREMENT,
  `ngaysua` timestamp NULL DEFAULT NULL,
  `ngaytao` timestamp NULL DEFAULT NULL,
  `nguoisua` varchar(255) DEFAULT NULL,
  `nguoitao` varchar(255) DEFAULT NULL,
  `trangthai` varchar(255) DEFAULT 'ACTIVE',
  `sodiemdung` int DEFAULT NULL,
  `sodiemtichduoc` int DEFAULT NULL,
  `idhoadon` bigint DEFAULT NULL,
  `idkhachhang` bigint DEFAULT NULL,
  PRIMARY KEY (`id`),
  KEY `FKobdibrqqyn0p33ymjekbpbd1q` (`idhoadon`) USING BTREE,
  KEY `FKrabwvgudhyvmny1diurrq8lo` (`idkhachhang`),
  CONSTRAINT `FKobdibrqqyn0p33ymjekbpbd1q` FOREIGN KEY (`idhoadon`) REFERENCES `hoadon` (`id`),
  CONSTRAINT `FKrabwvgudhyvmny1diurrq8lo` FOREIGN KEY (`idkhachhang`) REFERENCES `khachhang` (`id`)
) ENGINE=InnoDB AUTO_INCREMENT=23 DEFAULT CHARSET=utf8mb3;

-- Dumping data for table duantotnghiep.lichsutichdiem: ~0 rows (approximately)

-- Dumping structure for table duantotnghiep.lydohuydon
CREATE TABLE IF NOT EXISTS `lydohuydon` (
  `id` bigint NOT NULL AUTO_INCREMENT,
  `ngaysua` timestamp NULL DEFAULT NULL,
  `ngaytao` timestamp NULL DEFAULT NULL,
  `nguoisua` varchar(255) DEFAULT NULL,
  `nguoitao` varchar(255) DEFAULT NULL,
  `trangthai` varchar(255) DEFAULT 'ACTIVE',
  `lydo` text,
  `mota` text,
  PRIMARY KEY (`id`)
) ENGINE=InnoDB DEFAULT CHARSET=utf8mb3;

-- Dumping data for table duantotnghiep.lydohuydon: ~0 rows (approximately)

-- Dumping structure for table duantotnghiep.nhanvien
CREATE TABLE IF NOT EXISTS `nhanvien` (
  `id` bigint NOT NULL AUTO_INCREMENT,
  `ngaysua` timestamp NULL DEFAULT NULL,
  `ngaytao` timestamp NULL DEFAULT NULL,
  `nguoisua` varchar(255) DEFAULT NULL,
  `nguoitao` varchar(255) DEFAULT NULL,
  `trangthai` varchar(255) DEFAULT 'ACTIVE',
  `anh` varchar(255) DEFAULT NULL,
  `cancuoccongdan` char(12) DEFAULT NULL,
  `diachi` varchar(255) CHARACTER SET utf8mb3 COLLATE utf8mb3_general_ci DEFAULT NULL,
  `email` varchar(255) DEFAULT NULL,
  `expiretime` datetime DEFAULT NULL,
  `gioitinh` varchar(255) DEFAULT NULL,
  `ma` varchar(255) NOT NULL,
  `matkhau` varchar(255) DEFAULT NULL,
  `ngaycap` timestamp NULL DEFAULT NULL,
  `ngaysinh` timestamp NULL DEFAULT NULL,
  `resttoken` varchar(255) DEFAULT NULL,
  `sodienthoai` varchar(255) DEFAULT NULL,
  `ten` varchar(255) DEFAULT NULL,
  `idchucvu` bigint DEFAULT NULL,
  PRIMARY KEY (`id`),
  UNIQUE KEY `UK_skmbpcqtb6f3jgdqwqoopfsla` (`ma`),
  UNIQUE KEY `UK_23oxfttcyumkes0bfnli2cgme` (`sodienthoai`),
  KEY `FKdnln0piv4a38v23mqcbqmnii8` (`idchucvu`),
  CONSTRAINT `FKdnln0piv4a38v23mqcbqmnii8` FOREIGN KEY (`idchucvu`) REFERENCES `chucvu` (`id`)
) ENGINE=InnoDB AUTO_INCREMENT=6 DEFAULT CHARSET=utf8mb3;

-- Dumping data for table duantotnghiep.nhanvien: ~4 rows (approximately)
INSERT INTO `nhanvien` (`id`, `ngaysua`, `ngaytao`, `nguoisua`, `nguoitao`, `trangthai`, `anh`, `cancuoccongdan`, `diachi`, `email`, `expiretime`, `gioitinh`, `ma`, `matkhau`, `ngaycap`, `ngaysinh`, `resttoken`, `sodienthoai`, `ten`, `idchucvu`) VALUES
	(1, '2023-12-16 16:03:08', '2023-11-19 16:54:23', 'nguyenvana0183', 'admin9193', 'ACTIVE', 'KyqcTH.jpg', '019383883131', 'Nam Từ Liêm, Hà Nội', 'nguyenvana@mail.com', NULL, 'Nam', 'nguyenvana0183', '$2a$10$/RUbuT9KIqk6f8enaTQiLOXzhnUkiwEJRdtzdrMXXwU7dgnLKTCYG', '2023-11-20 16:37:53', '2003-11-20 16:38:10', NULL, '0198338312', 'Nguyễn Văn A', 2),
	(2, '2023-12-13 14:16:00', '2023-11-19 16:54:26', 'admin9193', 'admin9193', 'ACTIVE', 'KyqcTH.jpg', '028484881331', 'Nam Từ Liêm, Hà Nội', 'admin@gmail.com', NULL, 'Nam', 'admin9193', '$2a$10$/RUbuT9KIqk6f8enaTQiLOXzhnUkiwEJRdtzdrMXXwU7dgnLKTCYG', '2023-11-19 16:56:13', '1999-10-10 17:00:00', NULL, '0123456789', 'ADMIN', 1),
	(3, NULL, '2023-11-20 16:12:45', NULL, 'admin9193', 'ACTIVE', 'KyqcTH.jpg', '029388313413', 'Bắc Từ Liêm, Hà Nội', 'nguyenvanb@gmail.com', NULL, 'Nam', 'nguyenvanb9213', '$2a$10$/RUbuT9KIqk6f8enaTQiLOXzhnUkiwEJRdtzdrMXXwU7dgnLKTCYG', '2023-11-20 16:12:21', '2003-11-20 16:12:24', NULL, '0987654321', 'Nguyễn Văn B', 2),
	(5, NULL, '2023-12-13 15:50:54', NULL, 'admin9193', 'ACTIVE', NULL, '034203006527', 'Kiều Mai, Bắc Từ Liêm', 'dangngocthanh720@gmail.com', NULL, 'Nam', 'dangngocthanh0386', NULL, '2023-12-06 00:00:00', '2023-12-06 00:00:00', NULL, '0372012912', 'Đặng Ngọc Thanh', 2);

-- Dumping structure for table duantotnghiep.quydoidiem
CREATE TABLE IF NOT EXISTS `quydoidiem` (
  `id` bigint NOT NULL AUTO_INCREMENT,
  `ngaysua` timestamp NULL DEFAULT NULL,
  `ngaytao` timestamp NULL DEFAULT NULL,
  `nguoisua` varchar(255) DEFAULT NULL,
  `nguoitao` varchar(255) DEFAULT NULL,
  `trangthai` varchar(255) DEFAULT 'ACTIVE',
  `diem` int DEFAULT NULL,
  `loai` varchar(255) DEFAULT NULL,
  `tien` double DEFAULT NULL,
  PRIMARY KEY (`id`)
) ENGINE=InnoDB AUTO_INCREMENT=3 DEFAULT CHARSET=utf8mb3;

-- Dumping data for table duantotnghiep.quydoidiem: ~2 rows (approximately)
INSERT INTO `quydoidiem` (`id`, `ngaysua`, `ngaytao`, `nguoisua`, `nguoitao`, `trangthai`, `diem`, `loai`, `tien`) VALUES
	(1, NULL, '2023-11-28 15:53:27', NULL, 'admin9193', 'ACTIVE', 1, 'TIENQUYDIEM', 100000),
	(2, '2023-12-16 14:41:28', '2023-11-28 15:53:28', 'admin9193', 'admin9193', 'ACTIVE', 1, 'DIEMQUYTIEN', 1000);

-- Dumping structure for table duantotnghiep.sanpham
CREATE TABLE IF NOT EXISTS `sanpham` (
  `id` bigint NOT NULL AUTO_INCREMENT,
  `ngaysua` timestamp NULL DEFAULT NULL,
  `ngaytao` timestamp NULL DEFAULT NULL,
  `nguoisua` varchar(255) CHARACTER SET utf8mb4 COLLATE utf8mb4_unicode_ci DEFAULT NULL,
  `nguoitao` varchar(255) CHARACTER SET utf8mb4 COLLATE utf8mb4_unicode_ci DEFAULT NULL,
  `trangthai` varchar(255) CHARACTER SET utf8mb4 COLLATE utf8mb4_unicode_ci DEFAULT 'ACTIVE',
  `gia` double DEFAULT NULL,
  `mota` mediumtext CHARACTER SET utf8mb4 COLLATE utf8mb4_unicode_ci,
  `sanphammoi` int DEFAULT NULL,
  `sanphamnhieuluotxem` int DEFAULT NULL,
  `sanphamnoibat` int DEFAULT NULL,
  `sanphamphobien` int DEFAULT NULL,
  `slug` varchar(255) CHARACTER SET utf8mb4 COLLATE utf8mb4_unicode_ci DEFAULT NULL,
  `soluong` int DEFAULT NULL,
  `ten` varchar(255) CHARACTER SET utf8mb4 COLLATE utf8mb4_unicode_ci DEFAULT NULL,
  `thongtinchitiet` mediumtext CHARACTER SET utf8mb4 COLLATE utf8mb4_unicode_ci,
  `iddanhmuc` bigint DEFAULT NULL,
  `idthuonghieu` bigint DEFAULT NULL,
  `sanphambanchay` int DEFAULT NULL,
  PRIMARY KEY (`id`),
  UNIQUE KEY `UK_mucuvhos7dm6xtbpt6l03201w` (`slug`),
  KEY `FKsus861gvf6ywadlvg0s2o3003` (`iddanhmuc`),
  KEY `FKsy6e9nghw4psfd0tt2vy232rb` (`idthuonghieu`),
  CONSTRAINT `FKsus861gvf6ywadlvg0s2o3003` FOREIGN KEY (`iddanhmuc`) REFERENCES `danhmuc` (`id`),
  CONSTRAINT `FKsy6e9nghw4psfd0tt2vy232rb` FOREIGN KEY (`idthuonghieu`) REFERENCES `thuonghieu` (`id`)
) ENGINE=InnoDB AUTO_INCREMENT=70 DEFAULT CHARSET=utf8mb4 COLLATE=utf8mb4_unicode_ci;

-- Dumping data for table duantotnghiep.sanpham: ~42 rows (approximately)
INSERT INTO `sanpham` (`id`, `ngaysua`, `ngaytao`, `nguoisua`, `nguoitao`, `trangthai`, `gia`, `mota`, `sanphammoi`, `sanphamnhieuluotxem`, `sanphamnoibat`, `sanphamphobien`, `slug`, `soluong`, `ten`, `thongtinchitiet`, `iddanhmuc`, `idthuonghieu`, `sanphambanchay`) VALUES
	(1, NULL, '2023-11-22 16:26:00', NULL, 'admin9193', 'ACTIVE', 128000, '<p>Quyền lợi của khách mua áo polo nam tại THE BASIC:</p>\n\n<p>Sản phẩm giống mô tả và hình ảnh thật 100% của Shop giữ bản quyền hình ảnh</p>\n\n<p>Đảm bảo chất lượng sản phẩm luôn ở mức cao nhất</p>\n\n<p>Áo được kiểm tra cẩn thận khi gói hàng giao cho Quý Khách</p>\n\n<p>Hoàn tiền nếu sản phẩm không giống với mô tả</p>\n\n<p>&nbsp;</p>\n\n<p>Để chứng minh vẻ trưởng thành của đấng mày râu thì không quá khó, chỉ cần khoác lên mình một chiếc Polo thì vẻ trưởng thành, đứng đắn đó đã có thừa.</p>\n\n<p>Đến với chiếc Polo Marc Coun ngoài việc “đánh thức” vẻ trưởng thành đó, nó còn khiến cho bạn trở nên lịch lãm và sang trọng hơn.</p>\n\n<p>Sự khéo léo từ việc may phối màu ngực trái đến thêu chữ nổi trước ngực càng khiến cho chiếc Marc Coun đẹp lạ hơn.</p>\n\n<p>Vậy nên ngay lúc này, bạn hãy chọn cho mình 1 size áo phù hợp nhất hoặc nếu cần tư vấn, bạn đừng ngần ngại nhắn tin ngay cho shop để được nhân viên bán hàng hỗ trợ ngay nhé:</p>\n\n<p>Size Chiều cao Cân nặng Ngang Dài áo</p>\n\n<p>M &lt; 1m70 &lt;60kg 46cm 64cm</p>\n\n<p>L &lt; 1m75 61 ~ 68kg 49cm 67cm</p>\n\n<p>XL &lt; 1m75 69 ~ 75kg 51cm 70cm</p>\n\n<p>2XL &lt; 1m80 76 - 85kg 54cm 71cm</p>\n\n<p>3XL &lt; 1m85 86 ~ 95kg 57cm 72cm</p>\n\n<p>Thông số trên có thể sai lệch ~ 0,5cm do sai số trong quá trình sản xuất</p>\n\n<p>&nbsp;</p>\n\n<p>Hướng dẫn sử dụng sản phẩm: Áo polo nam phối màu COUNTERE big size 3xl 90kg thoải mái</p>\n\n<p>&nbsp;Giặt với nước mát thông thường, tách riêng các sản phẩm trắng và các sản phẩm màu đậm</p>\n\n<p>&nbsp;Không được dùng hóa chất tẩy</p>\n\n<p>&nbsp;Tránh phơi dưới ánh nắng trực tiếp hoặc sử dụng bàn ủi với nhiệt độ quá cao</p>\n\n<p>&nbsp;</p>\n\n<p>&nbsp;Chính sách &amp; điều kiện đổi / trả sản phẩm:</p>\n\n<p>&nbsp;Cam kết chất lượng và mẫu mã sản phẩm giống với hình ảnh</p>\n\n<p>&nbsp;Cam kết được đổi trả hàng trong vòng 7 ngày</p>\n\n<p>&nbsp;Điều kiện duy nhất là sản phẩm còn đầy đủ tem/tag &amp; chưa qua sử dụng bạn nhé</p>\n\n<p>&nbsp;</p>\n\n<p>#ao #thun #phong #polo #nam #hoa #tiet #soc #mo #neo #trung #nien #tui #cotton #ca #sau #lacoste #vnxk #big #size #bigsize #3xl #xxxl #90kg #100kg #dep #thoai #mai #xuat #xin #cao #cap #hang #hieu #basic</p>\n', 1, 1, 1, 1, 'ao-polo-nam-big-size-3xl-90kg-marc-coun-phoi-mau-tre-trung-cotton-lanh-thoang-mat', 1391, 'Áo polo nam big size 3xl 90kg Marc Coun phối màu trẻ trung - cotton lạnh thoáng mát', '', 3, 1, NULL),
	(2, NULL, '2023-11-22 16:30:53', NULL, 'admin9193', 'ACTIVE', 198000, '<p>Áo thun nam polo Thiết kế màu xanh đen phối cổ vải cá sấu cotton cao cấp mềm mịn, áo phông polo nam đẹp cổ bẻ ngắn tay có đủ bảng màu cực hot Shop Áo Polo VNXK hân hạnh được phục vụ quý khách. Những sản phẩm mới nhất vẫn liên tục được cập nhật mỗi ngày phù hợp với nhiều lứa tuổi. 1. GIỚI THIỆU SẢN PHẨM - Áo phông Polo nam thiết kế là sự lựa chọn hoàn hảo cho các chàng trai. Áo 3 màu trung tính rất dễ mặc, form áo vừa vặn cơ thể, thoải mái theo từng cử động. - Màu sắc trung tính và phối màu tuyệt vời mà rất ít áo polo có tạo nên sự dễ dàng trong việc phối đồ và tạo ra cho mình nhiều phong cách khác nhau. - Áo được làm từ chất liệu cá sấu cotton co giãn với bề mặt vải mềm mại, thấm hút mồ hôi tốt tạo cảm giác thoải mái, thoáng mát cho người mặc. Đây cũng là chất liệu dễ giặt sạch, giúp bạn tiết kiệm một khoảng thời gian đáng kể. - Áo chống nhăn tốt, dễ giặt sạch, nhanh khô. -Giặt tay hay giặt máy thoải mái không sợ ra màu, nhăn , mất form 2. THÔNG TIN SẢN PHẨM - Chất liệu: 100% chất cotton cá sấu, thấm hút mồ hôi , giặt không ra màu , không mất form - Các Size S - M - L- XL- XXL - XXXL + Size S : 35-47 kg cao 1m5-1m55 + Size M : 48 - 59 kg cao 1m55 - 1m65 + Size L : 60 - 67kg cao 1m65 - 1m80 + Size XL : 68- 75kg cao 1m65 - 1m80 + Size XXL : 76 - 85kg cao 1m65 - 1m85 + Size XXXL : 86 - 95kg cao 1m65 - 1m85 - Form áo slim dễ phối đồ 3. CHÍNH SÁCH BÁN HÀNG: - FREESHIP hoặc hỗ trợ 40K cho đơn hàng từ 99K toàn quốc - Ngoài ra, Chúng tôi tặng mã voucher hoặc hoàn xu cho toàn bộ đơn hàng - Cam kết chất lượng và mẫu mã sản phẩm giống với hình ảnh. - Hoàn tiền nếu sản phẩm không giống với mô tả. - Cam kết được đổi trả hàng trong vòng 2 ngày. 4. HƯỚNG DẪN CÁCH ĐẶT HÀNG - Bước 1: Cách chọn size, shop có bảng size mẫu. Bạn NÊN INBOX, cung cấp chiều cao, cân nặng để SHOP TƯ VẤN SIZE - Bước 2: Cách đặt hàng: Nếu bạn muốn mua 2 sản phẩm khác nhau hoặc 2 size khác nhau, để được freeship + Bạn chọn từng sản phẩm rồi thêm vào giỏ hàng + Khi giỏ hàng đã có đầy đủ các sản phẩm cần mua, bạn mới tiến hành ấn nút “ Thanh toán” - Shop luôn sẵn sàng trả lời inbox để tư vấn.</p>\n\n<p>Tham khảo thêm các sản phẩm khác tại: #áothunnamcócổ #aothunnamcoco #áothunnamcócổtayngắn #aopolonam #áopolonam #aopolonamhangmysaleoff #aopolonamdep #aopolonamnu #AOTHUNHANQUOC #áothunnam #aothunnambody #aothunnam #aothunnamnu #áothunnamtayngắn #aothunnamdep #aothunnama</p>\n', 1, 1, 1, 1, 'ao-thun-nam-polo-thiet-ke-vai-ca-sau-cotton-cao-cap-ngan-tay', 1013, 'Áo POLO nam thiết kế vải cá sấu cotton cao cấp ngắn tay', '', 3, 7, NULL),
	(3, NULL, '2023-11-22 16:34:35', NULL, 'admin9193', 'ACTIVE', 78000, '<p>ÁO THUN POLO</p>\n\n<p>Áo thun Cotton 100% co dãn 4 chiều</p>\n\n<p>&nbsp;</p>\n\n<p>Size sz M L XL XXL</p>\n\n<p>S: 42-50Kg</p>\n\n<p>Size M 51-56kg</p>\n\n<p>Size L 57-63kg</p>\n\n<p>Size XL 64-70kg</p>\n\n<p>Size XXL 71-80kg</p>\n\n<p>Tuỳ chiều cao nhích size cho phù hợp giúp em nha. Bảng cân nặng chỉ là tương đối ạ</p>\n\n<p>&nbsp;</p>\n\n<p>=========================================</p>\n\n<p>CAM KẾT - ĐẢM BẢO:</p>\n\n<p>- Đảm bảo vải chuẩn cotton chất lượng cao.</p>\n\n<p>- Hàng có sẵn, giao hàng ngay khi nhận được đơn đặt hàng .</p>\n\n<p>- Hoàn tiền 100% nếu sản phẩm lỗi, nhầm hoặc không giống với mô tả.</p>\n\n<p>- Chấp nhận đổi hàng khi size không vừa (vui lòng nhắn tin riêng cho shop).</p>\n\n<p>- Giao hàng toàn quốc, thanh toán khi nhận hàng.</p>\n\n<p>- Hỗ trợ đổi trả theo quy định của Shopee.</p>\n\n<p>&nbsp;</p>\n\n<p>ĐIỀU KIỆN ĐỔI TRẢ:</p>\n\n<p>- Hỗ trợ trong vòng 03 ngày từ khi nhận hàng.</p>\n\n<p>- Hàng hoá vẫn còn mới nguyên tem mác, chưa qua sử dụng.</p>\n\n<p>- Hàng hoá bị lỗi hoặc hư hỏng do vận chuyển hoặc do nhà sản xuất.</p>\n\n<p>&nbsp;</p>\n\n<p>LƯU Ý: Khi bạn gặp bất kì vấn đề gì về sản phẩm đừng vội đánh giá mà hãy chat liên hệ Shop để đc hỗ trợ 1 cách tốt nhất nhé.</p>\n\n<p>#aothun #aopolonam #polo #polonam #aocotron #aothunnam #aothuncotron #aocotton #aothundep #aophong #aophongnam #aophongcotron #aophongtayngan #aothuntayngan #aothunbody</p>\n', 1, 1, 1, 1, 'ao-polo-nam-ao-thun-polo-nam-phoi-mau-co-ao-6-mau-tre-trung-thanh-lich', 2019, 'Áo Polo nam Áo thun polo nam phối màu cổ áo 6 màu trẻ trung thanh lịch', '', 3, 4, NULL),
	(4, NULL, '2023-11-22 18:33:37', NULL, 'admin9193', 'ACTIVE', 79000, '<p>TẤT CẢ ĐƠN HÀNG TẠI 20SILK KHÁCH HÀNG ĐỀU ĐƯỢC ĐỒNG KIỂM</p>\n\n<p>⭐Bảng size bên shop các bạn tham khảo ạ:</p>\n\n<p>Size S : 35~39kg</p>\n\n<p>Size M : Dành cho người cao từ: 1m47 - 1m57 và nặng từ 40kg - 50kg</p>\n\n<p>Size L : Dành cho người cao từ: 1m58 - 1m65 và nặng từ 50kg - 58kg</p>\n\n<p>Size XL : Dành cho người cao từ: 1m66 - 1m72 và nặng từ 58kg - 65kg</p>\n\n<p>Size 2XL: 66kg~75kg</p>\n\n<p>&nbsp;</p>\n\n<p>? Bảng size mang tính chất tham khảo bạn có thể lấy size to hơn hoặc nhỏ theo yêu cầu của bạn!</p>\n\n<p>&nbsp;</p>\n\n<p>I. SHOP CAM KẾT</p>\n\n<p>- Sản phẩm form rộng giống mô tả 100%</p>\n\n<p>- Hình ảnh sản phẩm là ảnh thật, các hình hoàn toàn do shop tự thiết kế.</p>\n\n<p>- Kiểm tra cẩn thận trước khi gói hàng giao cho Quý Khách</p>\n\n<p>- Hàng có sẵn, giao hàng ngay khi nhận được đơn</p>\n\n<p>- Hoàn tiền nếu sản phẩm không giống với mô tả</p>\n\n<p>- Chấp nhận đổi hàng khi size không vừa trong 3 ngày.</p>\n\n<p>&nbsp;</p>\n\n<p>II. HỖ TRỢ ĐỔI TRẢ THEO QUY ĐỊNH CỦA SHOPEE</p>\n\n<p>- Điều kiện áp dụng (trong vòng 2 ngày kể từ khi nhận sản phẩm)</p>\n\n<p>- Hàng hoá bị rách, in lỗi, bung chỉ, và các lỗi do vận chuyển hoặc do nhà sản xuất.</p>\n\n<p>1. Trường hợp được chấp nhận:</p>\n\n<p>- Hàng giao sai size khách đã đặt hàng</p>\n\n<p>- Giao thiếu hàng</p>\n\n<p>2. Trường hợp không đủ điều kiện áp dụng chính sách:</p>\n\n<p>- Quá 2 ngày kể từ khi Quý khách nhận hàng</p>\n\n<p>- Gửi lại hàng không đúng mẫu mã, không phải sản phẩm của 20SILK</p>\n\n<p>- Không thích, không hợp, đặt nhầm mã, nhầm màu,...</p>\n\n<p>&nbsp;</p>\n\n<p>III. MÔ TẢ SẢN PHẨM</p>\n\n<p>⭐ Tên sản phẩm: Áo polo nam FORM RỘNG kiểu dáng basic chữ in ngực</p>\n\n<p>⭐ Chất Liệu: Cotton cá sấu</p>\n\n<p>⭐ Màu Sắc: nhiều màu</p>\n\n<p>⭐ Đặc Tính: Chất vải áo là cotton mềm, mặc mát</p>\n\n<p>&nbsp;</p>\n\n<p>#áopolo #pologiare</p>\n', 1, 1, 1, 1, 'ao-polo-basic-de-phoi-do-d?̛?̛̣?-d?̂̀??-???̂̉?-chat-thoang-mat-nam-nu-deu-mac-dep', 1083, 'Áo Polo Basic Dễ Phối Đồ, Chất Thoáng Mát, Nam nữ đều mặc đẹp', '', 3, 2, NULL),
	(5, NULL, '2023-11-27 02:21:58', NULL, 'admin9193', 'ACTIVE', 160000, '<p>Xuất xứ</p>\n\n<p>Việt Nam</p>\n', 1, NULL, NULL, NULL, 'ao-phong-local-brand-nam-nu-unisex-tay-lo-thun-form-rong-teen-co-tron-oversize-cotton-mau-den-trang-tee-cloudzy-crayon', 1000, 'Áo phông local brand nam nữ unisex tay lỡ thun form rộng teen cổ tròn oversize cotton màu đen trắng tee CLOUDZY CRAYON', '<p>Phong cách</p>\n\n<p>Thể thao, Cơ bản, Hàn Quốc, Đường phố, Nhiệt đới</p>\n', 1, 2, NULL),
	(7, NULL, '2023-11-27 02:39:52', NULL, 'admin9193', 'ACTIVE', 279000, '<p>Chiều dài tay áo</p>\n\n<p>Dài tay</p>\n\n<p>Mùa</p>\n\n<p>Mùa đông</p>\n\n<p>Chất liệu</p>\n\n<p>Cotton, Nỉ</p>\n\n<p>Mẫu</p>\n\n<p>In</p>\n', 1, NULL, NULL, NULL, 'ao-hoodie-nam-nu-local-brand-unisex-cap-doi-ni-ngoai-cotton-form-rong-co-mu-xam-den-day-oversize-cloudzy-hd-paint', 1000, 'Áo hoodie nam nữ local brand unisex cặp đôi nỉ ngoại cotton form rộng có mũ xám đen dày oversize CLOUDZY HD PAINT', '<p>Phong cách</p>\n\n<p>Thể thao, Cơ bản, Hàn Quốc, Đường phố, Nhiệt đới</p>\n', 4, 1, NULL),
	(8, NULL, '2023-11-27 02:43:46', NULL, 'admin9193', 'ACTIVE', 259000, '<p>Rất lớn</p>\n\n<p>Có</p>\n\n<p>Xuất xứ</p>\n\n<p>Việt Nam</p>\n\n<p>Chiều dài tay áo</p>\n\n<p>Dài tay</p>\n\n<p>Chất liệu</p>\n\n<p>Cotton, Nỉ</p>\n\n<p>Mẫu</p>\n\n<p>In</p>\n\n<p>Tên tổ chức chịu trách nhiệm sản xuất</p>\n\n<p>Pandax</p>\n', 1, NULL, 1, NULL, 'hoodie-nam-nu-local-brand-pandax-ai-cap-ao-khoac-ni-form-rong-unisex-chat-ni-chan-cua-tay-bong-oversize', 1000, 'Hoodie nam nữ local brand PANDAX Ai Cập , áo khoác nỉ form rộng unisex , chất nỉ chân cua tay bồng oversize', '<p>Phong cách</p>\n\n<p>Cơ bản, Boho, Hàn Quốc, Retro, Đường phố</p>\n\n<p>Tall Fit</p>\n\n<p>Không</p>\n', 4, 8, NULL),
	(9, NULL, '2023-11-27 02:46:17', NULL, 'admin9193', 'ACTIVE', 345000, '<p>Chất liệu</p>\n\n<p>Nylon</p>\n\n<p>Chiều dài tay áo</p>\n\n<p>Khác</p>\n\n<p>Mẫu</p>\n\n<p>Trơn</p>\n\n<p>Phong cách</p>\n\n<p>Đường phố</p>\n\n<p>Tall Fit</p>\n\n<p>Có</p>\n\n<p>Rất lớn</p>\n\n<p>Có</p>\n\n<p>Xuất xứ</p>\n\n<p>Việt Nam</p>\n\n<p>Chiều dài áo khoác ngoài</p>\n\n<p>Dài</p>\n\n<p>Kiểu Áo khoác</p>\n\n<p>Áo gió</p>\n\n<p>Kiểu nút</p>\n\n<p>Dây kéo</p>\n', 1, NULL, 1, NULL, 'ao-khoac-du-local-brand-big-size-nam-pandax-polime-anti-racing-chinh-hang-co-cao-day-dan-phan-quang-form-rong-unisex', 1000, 'Áo khoác dù local brand big size nam Pandax polime anti racing chính hãng cổ cao dày dặn phản quang form rộng unisex', '<p>Áo khoác dù local brand big size nam Pandax polime anti racing chính hãng cổ cao dày dặn phản quang form rộng unisex</p>\n', 5, 2, NULL),
	(10, NULL, '2023-11-27 02:48:58', NULL, 'admin9193', 'ACTIVE', 345000, '<p>Hỗ trợ đổi trả theo quy định của Shopee</p>\n\n<p>1. Điều kiện áp dụng (trong vòng 07 ngày kể từ khi nhận sản phẩm)</p>\n\n<p>- Hàng hoá vẫn còn mới, chưa qua sử dụng</p>\n\n<p>- Hàng hoá bị lỗi hoặc hư hỏng do vận chuyển hoặc do nhà sản xuất</p>\n\n<p>2. Trường hợp được chấp nhận:</p>\n\n<p>- Hàng không đúng size, kiểu dáng như quý khách đặt hàng</p>\n\n<p>- Không đủ số lượng, không đủ bộ như trong đơn hàng</p>\n\n<p>3. Trường hợp không đủ điều kiện áp dụng chính sách:</p>\n\n<p>- Quá 07 ngày kể từ khi Quý khách nhận hàng</p>\n\n<p>- Gửi lại hàng không đúng mẫu mã, không phải sản phẩm của PANDAX</p>\n\n<p>- Không thích, không hợp, đặt nhầm mã, nhầm màu,...</p>\n\n<p>*Do màn hình và điều kiện ánh sáng khác nhau, màu sắc thực tế của sản phẩm có thể chênh lệch khoảng 3-5%</p>\n', NULL, 1, NULL, 1, 'ao-khoac-du-racing-pandax-polime-jacket-nam-nu-windbreaker-local-brand-unisex-ao-gio-form-rong-chong-nang-khong-mu', 1000, 'Áo khoác dù racing Pandax polime , jacket nam nữ , windbreaker local brand unisex , áo gió form rộng chống nắng không mũ', '<p>PANDAX CAM KẾT Sản phẩm jacket nam nữ 100% giống mô tả.</p>\n\n<p>Hình ảnh sản phẩm windbreaker local brand unisex là ảnh thật do shop tự chụp và giữ bản quyền hình ảnh</p>\n\n<p>Đảm bảo vải chất lượng 100%</p>\n\n<p>Sản phẩm áo gió form rộng chống nắng không mũ được kiểm tra kĩ càng, cẩn thận và tư vấn nhiệt tình trước khi gói hàng giao cho Quý Khách</p>\n\n<p>Hàng có sẵn, giao hàng ngay khi nhận được đơn</p>\n\n<p>Hoàn tiền nếu sản phẩm không giống với mô tả</p>\n\n<p>Chấp nhận đổi hàng khi size không vừa</p>\n\n<p>Giao hàng trên toàn quốc, nhận hàng trả tiền</p>\n', 5, 2, NULL),
	(11, NULL, '2023-11-27 02:53:09', NULL, 'admin9193', 'ACTIVE', 155000, '<p>✈ Form rộng Unisex cho cả nam và nữ</p>\n\n<p>Áo khoác dù; Áo khoác gió unisex</p>\n\n<p>? Hình Shop tự chụp, hàng được lựa chọn kỹ, đảm bảo mặc lên form đẹp như ảnh</p>\n\n<p>? Vải đẹp , không xù , không co rút , mềm mịn dày dặn , hút mồ hôi cực nhanh, mặc siêu mát .</p>\n\n<p>Áo khoác dù Unisex chống tia UV cực tốt.</p>\n', NULL, 1, 1, NULL, 'ao-khoac-gio-nam-nu-2-lop-ao-khoac-du-chat-lieu-vai-gio-cao-cap-khang-nuoc-full-tem-tag-phu-kien', 1000, 'Áo khoác gió nam-nữ 2 lớp, Áo khoác dù chất liệu vải gió cao cấp kháng nước full tem tag phụ kiện', '<p>Áo khoác dù, áo khoác gió Unisex - CHẤT DÙ SIÊU ĐẸP - 2 LỚP CHỐNG MƯA NẮNG ĐƯỢC HẾT</p>\n\n<p>? Size: M, L, XL, XXL ( 40-85kg )</p>\n\n<p>? Bảng SIZE: (Mang tính chất THAM KHẢO, các bạn có thể nhắn tin cho shop để được tư vấn size sau 1s nha)</p>\n\n<p>-Size M: 40 - 55kg, Cao dưới 1m60</p>\n\n<p>-Size L: từ 56 - 65kg , Cao 1m61 - 1m70</p>\n\n<p>-Size XL: từ 66 - 75 kg, Cao : 1m62 - 1m85</p>\n\n<p>-Size XXL: từ 76- 85 kg, Cao : 1m62 - 1m85</p>\n', 5, 7, NULL),
	(12, NULL, '2023-11-27 02:56:20', NULL, 'admin9193', 'ACTIVE', 169000, '<p>Đóng gói sản phẩm Lavi Studio/ Shark FULL BOX bao gồm: hộp, kèm giấy gói, card thankyou , giấy thơm, lavi shipping bag</p>\n\n<p>*Các ngày sale chúng mình xin phép gửi túi zip để gửi sản phẩm đến tay khách hàng sớm nhất ạ</p>\n', 1, NULL, NULL, NULL, 'ao-thun-local-brand-lavi-studio-shark', 1000, 'Áo thun Local Brand Lavi Studio/ Shark', '<p>Đóng gói sản phẩm Lavi Studio/ Shark FULL BOX bao gồm: hộp, kèm giấy gói, card thankyou , giấy thơm, lavi shipping bag</p>\n\n<p>*Các ngày sale chúng mình xin phép gửi túi zip để gửi sản phẩm đến tay khách hàng sớm nhất ạ</p>\n', 1, 2, NULL),
	(14, NULL, '2023-11-27 03:00:35', NULL, 'admin9193', 'ACTIVE', 179000, '<p>1. Điều kiện đổi trả</p>\n\n<p>- Mọi sản phẩm được đổi trả trong vòng 7 ngày kể từ ngày khách hàng nhận được bưu phẩm</p>\n\n<p>- Tình trạng sản phẩm: Sản phẩm đổi trả phải còn nguyên nhãn mác, chưa qua sử dụng và không có dấu hiệu của tác nhân bên ngoài.</p>\n\n<p>- Nếu sản phẩm đã bị cắt tag hãy vui lòng liên hệ lại với Lourents trong vòng 1 ngày để được giải quyết. Nếu sau 1 ngày Lourents có quyền không giải quyết đổi trả đơn hàng.</p>\n\n<p>- Trường hợp hoàn lại giá trị đơn hàng, Lourents sẽ hoàn tiền trong vòng 48h làm việc kể từ khi có yêu cầu hoàn trả.</p>\n', 1, NULL, NULL, NULL, 'ao-thun-unisex-local-brand-lourents-signature-tee-tee1', 1000, 'Áo Thun Unisex Local Brand Lourents Signature Tee - TEE1', '<p>Áo Thun Unisex Local Brand Lourents Signature Tee - TEE1 Đen</p>\n\n<p>BẢNG SIZE LOURENTS</p>\n\n<p>&nbsp;</p>\n\n<p>M : Dài 69 Rộng 53 | 1m50 - 1m63, 45 - 58Kg</p>\n\n<p>L : Dài 73 Rộng 56 | 1m60 - 1m73, 50 - 65Kg</p>\n\n<p>XL: Dài : 77 Rộng: 59 | 1m74 - 1m8, 65Kg - 80Kg</p>\n\n<p>Form áo được thiết kế theo tiêu chuẩn tương đối của người Việt Nam. Form oversize nên không cần nhảy size lớn hơn -</p>\n\n<p>Nếu bạn phân vân hãy inbox để được Lourents tư vấn kỹ hơn nhé!</p>\n', 1, 2, NULL),
	(18, NULL, '2023-11-27 03:03:37', NULL, 'admin9193', 'ACTIVE', 178000, '<p>----------------------------------------------------------</p>\n\n<p>MÔ TẢ CHI TIẾT SẢN PHẨM - ÁO THUN FORM RỘNG LOCAL BRAND ONTOP RIPPLE TEE:</p>\n\n<p>- Chất liệu: Áo thun form rộng Ripple Tee được&nbsp;sử dụng chất liệu thun cotton thoáng mát, mềm mại.</p>\n\n<p>- Kiểu dáng: Áo có kiểu dáng rộng rãi, nam nữ đều mang được</p>\n\n<p>- Tiện lợi: Thiết kế đơn giản dễ mang, dễ phối.</p>\n\n<p>- Màu sắc: Màu sắc đơn giản, tính ứng dụng cao …</p>\n\n<p>- Hình in artwork vệt sáng độc đáo tạo điểm nhấn</p>\n\n<p>----------------------------------------------------------</p>\n', NULL, NULL, NULL, NULL, 'ao-thun-local-brand-nam-nu-mau-den-ripple-ontop-i-o21-t8', 1000, 'Áo thun local brand nam nữ màu đen Ripple ONTOP I O21-T8', '<p>THÔNG TIN CHỌN SIZE (KÍCH CỠ) ÁO THUN FORM RỘNG LOCAL BRAND</p>\n\n<p>Kích thước dễ dàng lựa chọn từ vừa vặn cho đến form rộng thoải mái với 3 size tiêu chuẩn.</p>\n\n<p>M: Chiều dài (từ vai): 69(cm) - Chiều rộng: 56(cm) - Dài tay: 22(cm)</p>\n\n<p>L: Chiều dài (từ vai): 71(cm) - Chiều rộng: 58(cm) - Dài tay: 23(cm)</p>\n\n<p>XL: Chiều dài (từ vai): 73(cm) - Chiều rộng: 60(cm) - Dài tay: 24(cm)</p>\n\n<p>***Lưu ý: Thông số trên có khoảng sai số nhỏ từ 2-3cm tuỳ vào độ co rút của vải áo.</p>\n', 1, 1, NULL),
	(19, NULL, '2023-11-27 03:06:11', NULL, 'admin9193', 'ACTIVE', 149000, '<p>Chất liệu</p>\n\n<p>Cotton</p>\n\n<p>Mẫu</p>\n\n<p>In</p>\n\n<p>Mùa</p>\n\n<p>Mùa hè</p>\n\n<p>Tên tổ chức chịu trách nhiệm sản xuất</p>\n\n<p>Công ty CLOUDZY</p>\n\n<p>Địa chỉ tổ chức chịu trách nhiệm sản xuất</p>\n\n<p>P. Đông Hưng Thuận, Q.12</p>\n\n<p>Gửi từ</p>\n\n<p>TP. Hồ Chí Minh</p>\n', 1, NULL, 1, NULL, 'ao-thun-nu-nam-unisex-tay-lo-phong-local-brand-form-rong-teen-co-tron-oversize-cotton-mau-den-trang-tee-cloudzy-control', 1000, 'Áo thun nữ nam unisex tay lỡ phông local brand form rộng teen cổ tròn oversize cotton màu đen trắng tee CLOUDZY CONTROL', '<p>Phong cách</p>\n\n<p>Thể thao, Cơ bản, Hàn Quốc, Đường phố, Nhiệt đới</p>\n\n<p>Tall Fit</p>\n\n<p>Có</p>\n\n<p>Chiều dài áo</p>\n\n<p>Dài</p>\n\n<p>Xuất xứ</p>\n\n<p>Việt Nam</p>\n\n<p>Chiều dài tay áo</p>\n\n<p>Dài 3/4</p>\n\n<p>Dáng kiểu áo</p>\n\n<p>Oversized</p>\n\n<p>Cổ áo</p>\n\n<p>Cổ tròn</p>\n', 1, 8, NULL),
	(22, NULL, '2023-11-27 03:16:46', NULL, 'admin9193', 'ACTIVE', 90000, '<p>I. SHOP CAM KẾT</p>\n\n<p>- Sản phẩm Áo sơ mi kaki basic giống mô tả 100%</p>\n\n<p>- Hình ảnh sản phẩm là ảnh thật, các hình hoàn toàn do shop tự thiết kế.</p>\n\n<p>- Kiểm tra cẩn thận trước khi gói hàng giao cho Quý Khách</p>\n\n<p>- Hàng có sẵn, giao hàng ngay khi nhận được đơn</p>\n\n<p>- Hoàn tiền nếu sản phẩm không giống với mô tả</p>\n', 1, NULL, NULL, NULL, 'ao-so-mi-nam-basic-chat-kaki-cao-cap-cuc-dep', 1000, 'Áo sơ mi nam Basic chất kaki cao cấp cực đẹp', '<p>⭐Bảng size bên shop các bạn tham khảo ạ:</p>\n\n<p>Size M: Dành cho người nặng từ 42kg - 53kg &lt; 1m63</p>\n\n<p>Size L : Dành cho người nặng từ 54kg - 60kg &lt; 1m70</p>\n\n<p>Size XL: Dành cho người nặng từ 61kg - 69kg&lt;1m75</p>\n\n<p>Size XXL: Dành cho người nặng từ 70kg - 76kg&lt;1m80</p>\n\n<p>Size 3XL: Dành cho người nặng từ 77kg - 85kg &lt;1m85</p>\n\n<p>? Bảng size mang tính chất tham khảo bạn có thể lấy size to hơn hoặc nhỏ theo yêu cầu của bạn!</p>\n', 2, 8, NULL),
	(23, NULL, '2023-11-27 03:20:51', NULL, 'admin9193', 'ACTIVE', 129000, '<p>Áo Sweater Nam Form Rộng Phối Layer Chất Nỉ Unisex Thời Trang Trẻ Trung VESCA M10</p>\n\n<p>- Sản phẩm được thiết kế theo đúng form chuẩn của nam giới Việt Nam</p>\n\n<p>- Sản phẩm chính là mẫu thiết kế mới nhất của VESCA</p>\n', NULL, 1, NULL, NULL, 'ao-sweater-nam-form-rong-phoi-layer-chat-ni-unisex-thoi-trang-tre-trung-vesca-m10', 1000, 'Áo Sweater Nam Form Rộng Phối Layer Chất Nỉ Unisex Thời Trang Trẻ Trung VESCA M10', '<p>------------------------------------</p>\n\n<p>THÔNG TIN CHI TIẾT</p>\n\n<p>? Chất liệu: Nỉ</p>\n\n<p>? Màu sắc: Đen - Xanh dương - Trắng</p>\n\n<p>? Thương hiệu: VESCA</p>\n\n<p>? Xuất xứ: Việt Nam</p>\n\n<p>&nbsp;</p>\n', 4, 9, NULL),
	(24, NULL, '2023-11-27 03:25:03', NULL, 'admin9193', 'ACTIVE', 299000, '<p>+ Giặt ở nhiệt độ bình thường, với đồ có màu tương tự.</p>\n\n<p>+ Không được dùng hóa chất tẩy.</p>\n\n<p>+ Hạn chế sử dụng máy sấy và ủi ở nhiệt độ thích hợp.</p>\n\n<p>+ Lộn mặt trái khi phơi tránh bị nhanh phai màu</p>\n', NULL, NULL, NULL, NULL, 'ao-khoac-da-roway-chat-lieu-da-ep-cao-cap-da-cuc-bam-v2', 1000, 'Áo khoác dạ ROWAY chất liệu dạ ép cao cấp | Dạ cúc bấm V2', '<p>- Chất liệu: dạ ép cao cấp</p>\n\n<p>- Phom dáng: suông mặc thoải mái</p>\n\n<p>- Hoàn thiện: tỉ mỉ cao</p>\n', 5, 4, NULL),
	(25, NULL, '2023-11-27 03:29:29', NULL, 'admin9193', 'ACTIVE', 75000, '<p>- Giặt ở nhiệt độ bình thường, với đồ có màu tương tự, áo phối màu ko ngâm để tránh phai màu</p>\n\n<p>- Không được dùng hóa chất tẩy.</p>\n\n<p>- Hạn chế sử dụng máy sấy và ủi ở nhiệt độ thích hợp.</p>\n\n<p>- Lộn mặt trái khi phơi tránh bị phai màu</p>\n', 1, NULL, NULL, NULL, 'ao-polo-nam-ao-nam-tay-ngan-phoi-mau-theu-tay-dep-xuat-sac', 1000, 'Áo Polo nam, áo nam tay ngắn Phối Màu, thêu tay đẹp xuất sắc', '<p>- Chất vải Cá Sấu Cotton (95% cotton và 5% spandex)</p>\n\n<p>- Độ co dãn tốt, thấm hút, chóng nhăn và độ bền màu cao</p>\n\n<p>- Gồm 4 màu và Form regular fit thoải mái vận động</p>\n\n<p>- Tỉ mỉ tron từng đường may, sẽ không có chỉ thừa hay đường may khiến bạn khó chịu khi mặc</p>\n\n<p>- Khi giặt áo không bị xù lông hay bay màu, thấm hút mồ hôi tốt và thoải mái khi vận động mạnh</p>\n\n<p>- Thiết kế cấu trúc lỗ thoáng, mắt vải to tạo sự thoáng mát cho người mặc.</p>\n', 3, 2, NULL),
	(26, NULL, '2023-11-27 03:36:20', NULL, 'admin9193', 'ACTIVE', 93870, '<p>- quý khách muốn đặt 2 sản phẩm mà chưa biết cách sẽ thao tác như sau ạ : bấm vào sản phẩm chọn cho vào giỏ hàng , rồi tiếp tục quay lại bấm vào sản phẩm cho vào giỏ hàng lần nữa , sau đó vào giỏ hàng bấm thanh toán 2 sản phẩm đó là sẽ thành một đơn hàng. + Ưu điểm: đứng form tôn dáng, mặc thoáng mát + Hướng dẫn Bảo quản: giũ trước khi phơi, hạn chế chất tẩy rửa, giặt dưới 30 độ và tránh phơi trực tiếp dưới ánh nắng mặt trời + Điểm nổi bật: -Khi mặc các sản phẩm từ vải đũi, bạn sẽ có cảm giác thoải mái, dễ chịu bởi trọng lượng vải khá nhẹ, chất vải mềm mịn, êm ái. -Vải đũi có chất liệu 100% từ thiên nhiên, có khả năng thấm hút tốt vì vậy có tác dụng giải nhiệt -Vải đũi được làm từ nguyên liệu có nguồn gốc từ tự nhiên nên rất an toàn cho da, không ảnh hưởng đến sức khỏe -giặt Áo máy giặt thoải không phai màu, không chảy ! + Phong cách kết hợp tham khảo: phù hợp với mặc đi chơi</p>\n', 1, NULL, NULL, NULL, 'ao-so-mi-dui-nam-coc-tay-phoi-tui-nguc-thoi-trang-store-na', 1000, 'Áo sơ mi đũi nam cộc tay phối túi ngực thời trang Store NA', '<p>Size M 46-56 kg Size L 57-66 kg Size XL 67 - 73 Kg Size XXL 74 _77 kg Size 3XL 78 _86 kg =&gt; FORM NHỎ NÊN QUÝ KHÁCH ĐẶT TĂNG THÊM 1 SIZE SO VỚI QUẦN BÌNH THƯỜNG QUÝ KHÁCH ĐANG MẶC ĐỂ THOẢI MÁI VỪA VẶN HƠN Ạ . + Xuất xứ: Việt Nam</p>\n', 2, 10, NULL),
	(27, NULL, '2023-11-27 03:40:53', NULL, 'admin9193', 'ACTIVE', 145000, '<p>✔️ QUẦN JEANS BAGGY DÁNG ỐNG SUÔNG NAM CAO CẤP</p>\n\n<p>- Có phải bạn đang muốn tìm cho mình một chiếc quần jean baggy cao cấp mang style hàn quốc?</p>\n\n<p>May mắn là bạn đã tìm thấy chúng tôi.</p>\n\n<p>- Chiếc quần jean baggy dành cho nam này cửa hàng chúng tôi bán khoảng 600 chiếc mỗi tháng.</p>\n\n<p>Đã bán hơn 6.000 chiếc chỉ tính riêng trên hệ thống của Shopee Việt Nam, chưa kể đến những kênh bán khác!</p>\n\n<p>- Bạn cũng sẽ là một trong số những người sẽ sở hữu chiếc quần jean baggy mang phong cách hàn quốc này.</p>\n\n<p>Bởi vì đây là một chiếc quần jean mà cực kỳ dễ phối đồ từ áo thun, hoodie, áo khoác..cho đến các loại sneakers, boots..</p>\n', 1, NULL, 1, NULL, 'quan-jean-nam-ong-suong-rong-tr01-quan-bo-nam-mau-xam-den-dang-baggy-20we-hottrend-han-quoc-2023', 1000, 'Quần jean nam ống suông rộng TR01, quần bò nam mầu xám đen dáng baggy 20WE hottrend hàn quốc 2023', '<p>?Size 26 (Từ 36- 42kg Cao Dưới 1m71)</p>\n\n<p>?Size 27 (Từ 42 - 49kg Cao Dưới 1m71)</p>\n\n<p>? Size 28 (Từ 50 - 54kg Cao Dưới 1m75)</p>\n\n<p>? Size 29 (Từ 55 - 58 kg Cao Dưới 1m80)</p>\n\n<p>? Size 30 ( Từ 59- 62 kg Cao Dưới 1m80)</p>\n\n<p>? Size 31 (Từ 63 - 65 kg Cao Dưới 1m80)</p>\n\n<p>? Size 32 (Từ 66 - 69 kg Cao Dưới 1m80)</p>\n\n<p>? Size 33 (Từ 70- 73 kg Cao Dưới 1m85)</p>\n\n<p>? Size 34 (Từ 74 - 77 kg Cao Dưới 1m85)</p>\n\n<p>? Size 35 (Từ 78 - 85 kg Cao Dưới 1m89)</p>\n\n<p>? Size 36 (Từ 86 - 93 kg Cao Dưới 1m89)</p>\n\n<p>? Size 37 ( Từ 95kg-105kg Cao Dưới 1m89)</p>\n', 6, 5, NULL),
	(28, NULL, '2023-11-27 15:27:15', NULL, 'admin9193', 'ACTIVE', 125000, '<p>&nbsp;</p>\n\n<p>➤ Chất liệu : Vải gió tráng bạc, mềm, lông cừ dày dặn ấm áp ➤ Độ Dày : Dày ấm, chống chịu đại hàn, gió tuyết ➤ Công dụng : che gió , chống nắng (bảo vệ da ) , giữ ấm cho ngày lạnh , rất thời trang ➤ Màu Sắc : Đen , Xanh than, Xanh cổ vịt, Ghi , Vàng ➤ Sản phẩm được thiết kế Đơn Giản mang lại vẻ sang trọng cho người mặc</p>\n', NULL, 1, NULL, NULL, 'ao-khoac-gio-nam-nu-2-lop-lot-long-cuu-cao-cap-sieu-am-ao-gio-nam-nu-phu-nano-chong-gio-chong-tham-nuoc', 1000, 'Áo khoác gió nam nữ 2 lớp lót lông cừu cao cấp siêu ấm, áo gió nam nữ phủ nano chống gió chống thấm nước', '<p>Áo khoác nam lót lông 3 khoá chất vải gió tráng bạc chống nước, lót lông dày dặn * Tiếp nối sự thành công của mẫu áo gió nam lót lông 2021, mẫu áo lót lông nam năm nay được cải tiến tốt hơn. Cải tiến về form áo đảm bảo rộng rãi, về khoá chất lượng, bền và chắc chắn, bên trong lót lông ấm ám, dày dặn. * Một sự khác biệt giữa mẫu năm nay so với mẫu cũ ở thiết kế vải gió tráng bạc chống nước, chống gió tuyệt đối . Chất liệu lông của áo khoác nam lót lông được nhập khẩu trực tiếp, đảm bảo chất lượng và an toàn cho làn da của bạn. Lớp lót lông cừu dày dặn bên trong tạo cảm giác mềm mại và ấm áp, không xù và không rụng lông trong suốt quá trình sử dụng * Phong cách trẻ trung,dễ phối hợp với các loại quần áo khác nhau</p>\n', 5, 7, NULL),
	(29, NULL, '2023-11-27 15:39:14', NULL, 'admin9193', 'ACTIVE', 170000, '<p>- Điều kiện áp dụng (trong vòng 2 ngày kể từ khi nhận sản phẩm) - Hàng hoá bị rách, in lỗi, bung chỉ, và các lỗi do vận chuyển hoặc do nhà sản xuất. 1. Trường hợp được chấp nhận: - Hàng giao sai size khách đã đặt hàng - Giao thiếu hàng 2. Trường hợp không đủ điều kiện áp dụng chính sách: - Quá 2 ngày kể từ khi Quý khách nhận hàng - Gửi lại hàng không đúng mẫu mã, không phải sản phẩm của 20SILK - Không thích, không hợp, đặt nhầm mã, nhầm màu,...</p>\n', NULL, NULL, 1, NULL, 'ao-khoac-nam-nu-chat-da-han-cao-cap-form-rong-dai-tay-hop-moi-thoi-dai-phong-cach-han-quoc', 1000, 'Áo khoác nam nữ chất dạ Hàn cao cấp form rộng dài tay ,hợp mọi thời đại, phong cách Hàn Quốc', '<p>- Sản phẩm Áo Khoác dạ giống mô tả 100% - Hình ảnh sản phẩm là ảnh thật, các hình hoàn toàn do shop tự thiết kế. - Kiểm tra cẩn thận trước khi gói hàng giao cho Quý Khách - Hàng có sẵn, giao hàng ngay khi nhận được đơn - Hoàn tiền nếu sản phẩm không giống với mô tả - Chấp nhận đổi hàng khi size không vừa trong 3 ngày.</p>\n', 5, 6, NULL),
	(30, NULL, '2023-11-27 15:42:19', NULL, 'admin9193', 'ACTIVE', 380000, '<p>?[Hướng dẫn mua hàng]!!!!!!!!!!! 1. Tính toán tỷ lệ khác với quốc gia của bạn. Vui lòng cung cấp chiều cao và cân nặng của bạn khi đặt hàng, chúng tôi sẽ cung cấp cho bạn kích thước đề xuất để tránh mất mát không đáng có.</p>\n\n<p>&nbsp;</p>\n\n<p>2. Do các phương pháp đo lường khác nhau, sai số từ 2-5 cm được phép, và phạm vi sai số không phải là vấn đề chất lượng! Do góc chụp khác nhau nên sự khác biệt về màu sắc là không thể tránh khỏi. Vui lòng tham khảo sản phẩm thực tế càng nhiều càng tốt.</p>\n\n<p>&nbsp;</p>\n\n<p>3. Nếu bạn hài lòng với sản phẩm và dịch vụ của chúng tôi, vui lòng đánh giá 5 sao cho chúng tôi trong phần bình luận và tải ảnh lên quần áo của bạn để giúp những khách hàng khác giới thiệu và nâng cao danh tiếng của chính bạn.</p>\n', NULL, 1, 1, NULL, 'ao-khoác-hoodie-gia-hai-lop-hai-manh-gia-dang-rong-chat-lieu-nhung-thiet-ke-day-keo-doi-áo-khoác-nam-có-mũ-thoi-trang-áo-khoác', 1200, 'Áo khoác Hoodie Giả Hai Lớp Hai mảnh giả Dáng Rộng Chất liệu nhung Thiết kế dây kéo đôi áo khoác nam có mũ Thời trang áo khoác', '<p>Mặc những bộ quần áo yêu thích của tôi và trở thành nhân vật chính của cuộc đời tôi!!!</p>\n\n<p>&nbsp;</p>\n\n<p>???Chào mừng bạn đến với cửa hàng của chúng tôi, nơi tập trung vào quần áo thời trang. Với khả năng thiết kế riêng và sức mạnh của nhà máy, chúng tôi cung cấp cho mỗi khách hàng những sản phẩm may mặc tiết kiệm chi phí.</p>\n\n<p>&nbsp;</p>\n\n<p>Chất liệu: Bông + Polyester</p>\n\n<p>&nbsp;</p>\n\n<p>Độ dày: thông thường</p>\n\n<p>&nbsp;</p>\n\n<p>Tính năng sản phẩm: Xu hướng thời trang</p>\n\n<p>&nbsp;</p>\n\n<p>Phong cách: Giản dị, Thời trang</p>\n', 5, 7, NULL),
	(31, NULL, '2023-11-27 15:44:42', NULL, 'admin9193', 'ACTIVE', 360000, '<p>?[Hướng dẫn mua hàng]!!!!!!!!!!! 1. Tính toán tỷ lệ khác với quốc gia của bạn. Vui lòng cung cấp chiều cao và cân nặng của bạn khi đặt hàng, chúng tôi sẽ cung cấp cho bạn kích thước đề xuất để tránh mất mát không đáng có.</p>\n\n<p>&nbsp;</p>\n\n<p>2. Do các phương pháp đo lường khác nhau, sai số từ 2-5 cm được phép, và phạm vi sai số không phải là vấn đề chất lượng! Do góc chụp khác nhau nên sự khác biệt về màu sắc là không thể tránh khỏi. Vui lòng tham khảo sản phẩm thực tế càng nhiều càng tốt.</p>\n\n<p>&nbsp;</p>\n\n<p>3. Nếu bạn hài lòng với sản phẩm và dịch vụ của chúng tôi, vui lòng đánh giá 5 sao cho chúng tôi trong phần bình luận và tải ảnh lên quần áo của bạn để giúp những khách hàng khác giới thiệu và nâng cao danh tiếng của chính bạn.</p>\n', NULL, NULL, 1, 1, 'ao-khoac-unisex-tay-dai-dang-rong-ao-khoac-kaki-2-lop-day-keo-co-mu-don-gian-phong-cach-harajuku-chong-gio-chong-nuoc', 1200, 'Áo khoác unisex Tay Dài Dáng Rộng áo khoác kaki 2 lớp dây kéo có mũ Đơn Giản Phong Cách harajuku Chống Gió Chống Nước', '<p>???Chào mừng bạn đến với cửa hàng của chúng tôi, nơi tập trung vào quần áo thời trang. Với khả năng thiết kế riêng và sức mạnh của nhà máy, chúng tôi cung cấp cho mỗi khách hàng những sản phẩm may mặc tiết kiệm chi phí.</p>\n\n<p>&nbsp;</p>\n\n<p>Chất liệu: Bông + polyeste</p>\n\n<p>&nbsp;</p>\n\n<p>Độ dày: Thường xuyên</p>\n\n<p>&nbsp;</p>\n\n<p>Tính năng sản phẩm: Xu hướng thời trang</p>\n\n<p>&nbsp;</p>\n\n<p>Phong cách: Giản dị, Thời trang</p>\n', 5, 7, NULL),
	(32, NULL, '2023-11-27 15:47:45', NULL, 'admin9193', 'ACTIVE', 380000, '<p>?[Hướng dẫn mua hàng]!!!!!!!!!!! 1. Tính toán tỷ lệ khác với quốc gia của bạn. Vui lòng cung cấp chiều cao và cân nặng của bạn khi đặt hàng, chúng tôi sẽ cung cấp cho bạn kích thước đề xuất để tránh mất mát không đáng có.</p>\n\n<p>&nbsp;</p>\n\n<p>2. Do các phương pháp đo lường khác nhau, cho phép sai số 2-5cm và phạm vi lỗi không phải là vấn đề chất lượng! Do góc chụp khác nhau nên sự khác biệt về màu sắc là không thể tránh khỏi. Vui lòng tham khảo sản phẩm thực tế càng nhiều càng tốt.</p>\n\n<p>&nbsp;</p>\n\n<p>3. Nếu bạn hài lòng với sản phẩm và dịch vụ của chúng tôi, vui lòng đánh giá 5 sao cho chúng tôi trong phần bình luận và tải ảnh lên quần áo của bạn để giúp những khách hàng khác giới thiệu và nâng cao danh tiếng của chính bạn.</p>\n', 1, NULL, NULL, 1, 'ao-khoac-co-lo-nam-nu-co-cao-dang-rong-ao-khoat-jacket-gio-unisex-phong-cach-my-thoi-trang-co-mu-khoa-keo-doi-chong-tham-nuoc', 1000, 'Áo khoác Cổ Lọ nam nữ cổ cao dáng rộng áo khoát jacket gió unisex phong cách Mỹ thời trang có mũ Khóa Kéo Đôi Chống Thấm Nước', '<p>???Chào mừng bạn đến với cửa hàng của chúng tôi, nơi tập trung vào quần áo thời trang. Với khả năng thiết kế riêng và sức mạnh của nhà máy, chúng tôi cung cấp cho mỗi khách hàng những sản phẩm may mặc tiết kiệm chi phí.</p>\n\n<p>&nbsp;</p>\n\n<p>Chất liệu: Bông + Polyester</p>\n\n<p>&nbsp;</p>\n\n<p>Độ dày: Thường xuyên</p>\n\n<p>&nbsp;</p>\n\n<p>Tính năng sản phẩm: Xu hướng thời trang</p>\n\n<p>&nbsp;</p>\n\n<p>Phong cách: Giản dị, Thời trang</p>\n', 5, 4, NULL),
	(33, NULL, '2023-11-27 15:55:39', NULL, 'admin9193', 'ACTIVE', 120000, '<p>&nbsp;</p>\n\n<p>- Size M: Cao 1m55 - 1m65; Nặng 45 - 58kg - Size L: Cao 1m65 – 1m74; Nặng 58 - 65kg - Size XL: Cao 1m74 – 1m80; Nặng 65 - 75kg - Size XXL: Cao 1m74 – 1m85; Nặng 75 - 88KG</p>\n', NULL, NULL, 1, 1, 'quan-jogger-kaki-nam-chat-vai-co-gianthiet-ke-socthoang-mattham-hut-mo-hoikhong-xu', 1000, 'Quần Jogger Kaki Nam Chất Vải Co Giãn,Thiết kế Sọc,Thoáng Mát,Thấm Hút Mồ Hôi,Không Xù', '<p>✔️ Trẻ trung năng động , cá tính ✔️ Phong cách: Quần jogger kaki nam ống bó thiết kế thời trang, hiện đại, năng động ✔️ Thiết kế trang nhã, có thể sử dụng đi trong nhiều bối cảnh khác nhau ✔️ Đường May kỹ, tỉ mỉ từng chi tiết giúp chiếc quần thêm sang trọng. ✔️ Kiểu dáng thể thao, năng động, hiện đại phù hợp mặc: Đi học, đi thể thao, đi dạo, đi chơi,… tạo ấn tượng tốt ✔️ Chất liệu: Vải kaki, dày dặn</p>\n', 7, 8, NULL),
	(34, NULL, '2023-11-27 16:02:20', NULL, 'admin9193', 'ACTIVE', 149000, '<p>- Chất liệu: KAKI co dãn</p>\n\n<p>- Màu sắc: nhiều màu</p>\n\n<p>- Đường may tinh tế, tỉ mỉ trong từng chi tiết</p>\n\n<p>- Phong cách: thể thao, trẻ trung,..</p>\n\n<p>- Thiết kế dày dặn mặc rất thoải mái, dễ dàng vận động, phù hợp cho nhiều cân nặng khác nhau</p>\n', 1, NULL, NULL, 1, 'quan-jogger-kaki-nam-co-dan-ong-bo-chun-cao-cap-hang-xuat-khau-vai-xin-j90', 1200, 'QUẦN JOGGER KAKI NAM CO DÃN ỐNG BO CHUN CAO CẤP HÀNG XUẤT KHẨU VẢI XỊN J90', '<p>- Shop cam kết không bán hàng giả, hàng nhái, chất lượng luôn là hàng đầu để shop có thể phát triển thương hiệu và vươn xa.</p>\n\n<p>- Sản phẩm cam kết như hình thật 100%</p>\n\n<p>- Tư vấn nhiệt tình, chu đáo luôn lắng nghe khách hàng để phục vụ tốt.</p>\n\n<p>- Giao hàng nhanh đúng tiến độ không phải để quý khách chờ đợi lâu để nhận hàng.</p>\n\n<p>- Hàng được kiểm tra kĩ càng, cẩn thận và tư vấn nhiệt tình trước khi gói hàng giao cho Quý Khách</p>\n\n<p>- Hàng có sẵn, giao hàng ngay khi nhận được đơn</p>\n\n<p>- Hoàn tiền nếu sản phẩm không giống với mô tả. Chấp nhận đổi hàng khi size không vừa</p>\n\n<p>- Giao hàng trên toàn quốc, nhận hàng trả tiền</p>\n\n<p>- Hỗ trợ đổi trả theo quy định của Shopee</p>\n', 7, 2, NULL),
	(35, NULL, '2023-11-27 16:07:28', NULL, 'admin9193', 'ACTIVE', 145000, '<p>?Size 26 (Từ 36- 43kg Cao Dưới 1m65) ?Size 27 (Từ 40 - 50kg Cao Dưới 1m70) ? Size 28 (Từ 50 - 54kg Cao Dưới 1m75) ? Size 29 (Từ 54 - 58 kg Cao Dưới 1m80) ? Size 30 ( Từ 58- 63 kg Cao Dưới 1m80) ? Size 31 (Từ 63 - 68 kg Cao Dưới 1m80) ? Size 32 (Từ 68 - 73 kg Cao Dưới 1m80) ? Size 33 (Từ 73- 75 kg Cao Dưới 1m85) ? Size 34 (Từ 75 - 80 kg Cao Dưới 1m85) ? Size 35 (Từ 80 - 85 kg Cao Dưới 1m89) ? Size 36 (Từ 85 - 90 kg Cao Dưới 1m89) ? Size 37 ( Từ 90kg-100kg Cao Dưới 1m89)</p>\n', NULL, NULL, NULL, NULL, 'quan-jean-baggy-nam-ong-suong-ong-rong-vua-hotrend-han-quoc-quan-bo-baggy-nam-dang-rong-maxstore-b014', 1200, 'Quần jean baggy nam ống suông ống rộng vừa hotrend Hàn Quốc, Quần bò baggy nam dáng rộng MAXSTORE B014', '<p>- Kiểu Dáng: quần jean baggy dành cho nam - Mầu Sắc: Xanh Sky. Xanh đậm, Xám khói, Đen - Chất liệu: jean cao cấp, ko phai mầu - Số lượng : hàng đủ size , xuất khẩu - gồm có đủ size: từ size 28 ( 40kg) -&gt; size 33 (78kg).</p>\n', 6, 6, NULL),
	(36, NULL, '2023-11-27 16:11:30', NULL, 'admin9193', 'ACTIVE', 140000, '<p>- Kiểu Dáng: Quần nhung tăm nam nữ ống rộng XMAX, Quần thể thao Unisex dáng suông cạp chun dây rút thời trang thu đông cao cấp B093</p>\n\n<p>- Mầu Sắc: Đen, Nâu, Be phối đen</p>\n\n<p>- Chất liệu: Nhung Tăm Cao Cấp</p>\n\n<p>- Số lượng : Hàng đủ size , xuất khẩu</p>\n\n<p>- Gồm có đủ size: S, M, L, XL.</p>\n', NULL, NULL, NULL, NULL, 'quan-nhung-tam-nam-nu-ong-rong-xmax-quan-the-thao-unisex-dang-suong-cap-chun-day-rut-thoi-trang-thu-dong-cao-cap', 1200, 'Quần nhung tăm nam nữ ống rộng XMAX, Quần thể thao Unisex dáng suông cạp chun dây rút thời trang thu đông cao cấp', '<p>* Ưu Điểm: Quần nhung tăm nam nữ ống rộng XMAX, Quần thể thao Unisex dáng suông cạp chun dây rút mang phong cách trẻ trung năng động "BadBoy" được sẵn đón rất nhiều trong thời điểm hiện tại.</p>\n\n<p>- Quần thể thao thu đông nhung tăm cao cấp được thiết kế 2 bên kẻ sọc phong cách thời trang đặc biệt được giới trẻ tìm kiếm rất nhiều và được biệt các bạn thích phong cách đường phố.</p>\n\n<p>- Nếu bạn không tự tin mình có một đôi chân cong hoặc chiều cao có hạn thì bạn yên tâm với chiếc Quần ống rộng nam unisex phôi kẻ sọc, cạp chun nhà XMAX được thiết kế với dáng quần suông ống rộng sẽ giúp bạn giải quyết những vấn đề trên. Và giúp bạn tự tin hơn với chiếc quần quần thể thao thu đông cao cấp.</p>\n', 9, 8, NULL),
	(37, NULL, '2023-11-27 16:18:34', NULL, 'admin9193', 'ACTIVE', 145000, '<p>✔️ THAM KHẢO SIZE QUẦN : ?Size 26 (Từ 36- 43kg Cao Dưới 1m65) ?Size 27 (Từ 40 - 50kg Cao Dưới 1m70) ? Size 28 (Từ 50 - 54kg Cao Dưới 1m75) ? Size 29 (Từ 54 - 58 kg Cao Dưới 1m80) ? Size 30 ( Từ 58- 63 kg Cao Dưới 1m80) ? Size 31 (Từ 63 - 68 kg Cao Dưới 1m80) ? Size 32 (Từ 68 - 73 kg Cao Dưới 1m80) ? Size 33 (Từ 73- 75 kg Cao Dưới 1m85) ? Size 34 (Từ 75 - 80 kg Cao Dưới 1m85) ? Size 35 (Từ 80 - 85 kg Cao Dưới 1m89) ? Size 36 (Từ 85 - 90 kg Cao Dưới 1m89) ? Size 37 ( Từ 90kg-100kg Cao Dưới 1m89) NOTE : Hãy nhắn tin cho shop để được tư vấn size chuẩn nhất với bạn.</p>\n', NULL, NULL, NULL, NULL, 'quan-jean-nam-baggy-ong-suong-tui-cheo-ong-rong-vua-hotrend-han-quoc-quan-bo-baggy-nam-dang-rong-maxstore-b015', 1200, 'Quần jean nam baggy ống suông túi chéo ống rộng vừa hotrend Hàn Quốc, Quần bò baggy nam dáng rộng MAXSTORE B015', '<p>✔️ Thông Tin Sản Phẩm: - Kiểu Dáng: quần jean baggy dành cho nam - Mầu Sắc: Xanh Sky. Xanh đậm, Xám khói, Đen - Chất liệu: jean cao cấp, ko phai mầu - Số lượng : hàng đủ size , xuất khẩu - gồm có đủ size: từ size 28 ( 40kg) -&gt; size 33 (78kg).</p>\n', 6, 10, NULL),
	(38, NULL, '2023-11-27 16:24:18', NULL, 'admin9193', 'ACTIVE', 280000, '<p>Chiều dài tay: tay dài</p>\n\n<p>Kiểu cổ: có mũ trùm đầu</p>\n\n<p>Mùa thích hợp: thu và đông winter</p>\n\n<p>Phiên bản: tiêu chuẩn</p>\n\n<p>Độ dài: Thông thường</p>\n\n<p>Phong cách cơ bản: phổ biến thích hợp cho giới trẻ</p>\n\n<p>Cách mặc: Áo khoác ngoài</p>\n\n<p>Xử lý theo quy trình: xử lý không ủi</p>\n\n<p>Thích hợp cho: giải trí</p>\n\n<p>Thích hợp cho: thanh thiếu niên</p>\n\n<p>Mẫu: đơn giản</p>\n\n<p>&nbsp;</p>\n\n<p>✨✨✨✨✨ ✨✨✨✨✨</p>\n', NULL, 1, NULL, NULL, 'yipinyouyou-ao-khoac-bong-chay-co-mu-trum-dau-thoi-trang-xuan-thu-cho-nam', 1200, 'YIPINYOUYOU Áo khoác bóng chày có mũ trùm đầu thời trang xuân thu cho nam', '<p>✅ ? Tất cả các sản phẩm đều được làm bằng vải chất lượng cao và tay nghề tinh tế để đảm bảo chất lượng sản phẩm.</p>\n\n<p>✅? Sản phẩm của chúng tôi là hàng mới 100%.</p>\n\n<p>✅ ? Hy vọng sẽ mang đến cho bạn trải nghiệm mua sắm tốt nhất.</p>\n', 5, 9, NULL),
	(39, NULL, '2023-11-27 16:29:03', NULL, 'admin9193', 'ACTIVE', 340000, '<p>Chi tiết kiểu dáng: in họa tiết</p>\n\n<p>Thiết kế viền áo: viền tròn</p>\n\n<p>Quy trình: xử lý không ủi</p>\n\n<p>Chiều dài: thông thường</p>\n\n<p>Kiểu túi áo: túi có đường may bên</p>\n\n<p>Cách mặc: Áo khoác ngoài</p>\n\n<p>Chiều dài tay: tay dài</p>\n\n<p>Màu sắc: mai</p>\n\n<p>&nbsp;</p>\n', NULL, NULL, NULL, NULL, 'ao-khoac-co-dung-dang-rong-thoi-trang-mua-thu-cho-nam', 1200, 'Áo khoác cổ đứng dáng rộng thời trang mùa thu cho nam', '<p>Loại sản phẩm: Áo khoác</p>\n\n<p>Loại sản phẩm: Nhật Bản</p>\n\n<p>Kiểu cổ: cổ đứng</p>\n\n<p>Độ vừa vặn: Dáng rộng</p>\n\n<p>Túi: dây kéo</p>\n\n<p>Có trùm đầu: Không trùm đầu</p>\n\n<p>Độ dày: mỏng</p>\n\n<p>Hoa văn: trơn</p>\n\n<p>Mùa phù hợp: xuân và thu</p>\n\n<p>Thích hợp cho đối tượng: thanh thiếu niên</p>\n\n<p>Thành phần vải chính: sợi polyester (polyester)</p>\n\n<p>Hàm lượng của chất vải chính: 85 (%)</p>\n\n<p>Dịp thích hợp: giải trí</p>\n', 5, 9, NULL),
	(40, NULL, '2023-11-27 16:34:33', NULL, 'admin9193', 'ACTIVE', 218400, '<p>M: Ngang áo: 102cm - Eo: 90cm - Dài tay: 64cm</p>\n\n<p>L: Ngang áo: 110cm - Eo: 98cm - Dài tay: 65cm</p>\n\n<p>XL: Ngang áo: 118cm - Eo: 107cm - Dài tay: 65.5cm</p>\n', 1, NULL, NULL, NULL, 'ao-khoac-jacket-local-brand-by-unispace-form-rong-unisex-nam-nu-freedom', 1200, 'Áo khoác jacket local brand By UniSpace form rộng unisex nam nữ Freedom', '<p>Áo khoác dù Freedom được làm từ chất liệu vải dù thoáng mát, form oversize thoải mái cũng hình in full áo độc đáo, cá tính. Áo Jacket này tuy phá cách, bụi bặm nhưng vẫn unisex phù hợp với cả nam lẫn nữ nha, mặc đi học đi chơi thả ga luôn nhé. Nhanh tay đặt hàng để được tặng kèm quà và nhiều ưu đãi khác nha.</p>\n', 5, 7, NULL),
	(41, NULL, '2023-11-27 16:40:53', NULL, 'admin9193', 'ACTIVE', 350000, '<p>- Chất liệu được làm dạ 2 lớp và phối Tay da PU</p>\n\n<p>- Các chi tiết trên áo đều được THÊU cao cấp</p>\n\n<p>- DÁNG RỘNG TO OVERSIZE</p>\n\n<p>- Tay áo bo</p>\n', NULL, 1, 1, NULL, 'ao-khoac-bomber-lv-varsity-jacket-ao-bomber-jacket-lv-tho-hinh-theu-kunshopunisex', 1000, 'Áo Khoác bomber Lv Varsity Jacket Áo bomber jacket Lv thỏ hình thêu kunshopunisex', '<p>Size M từ 55-60kg : cao từ 1m6-1m5</p>\n\n<p>Size L từ 60-70kg : cao từ 1m7</p>\n\n<p>Size Xl từ 70-90kg : cao từ 1m8 trở xún</p>\n', 5, 7, NULL),
	(42, NULL, '2023-11-27 16:48:18', NULL, 'admin9193', 'ACTIVE', 199000, '<p>Cách giặt: Nên giặt tay để giữ được fom dáng của áo. Lúc phơi cần lộn ngược áo từ trong ra ngoài để tránh tình trạng bị bay màu, phai màu do ánh sáng mặt trời tiếp xúc trực tiếp vào áo và các hình in</p>\n\n<p>Bảo quản nơi khô ráo, nên treo lên móc, giá để không bị nhăn</p>\n', 1, NULL, NULL, NULL, 'áo-thun-fafic-studio-boy-fa-áo-thun-tay-lõ-nam-nũ-oversize-chát-cotton-cao-cáp-kunshop-unisex', 1000, 'Áo thun Fafic studio Boy FA áo thun tay lỡ nam nữ oversize Chất cotton cao cấp KunShop Unisex', '<p>Có SIZE M L XL</p>\n\n<p>Size M từ 55-60kg : cao từ 1m6-1m5</p>\n\n<p>Size L từ 60-70kg : cao từ 1m7</p>\n\n<p>Size Xl từ 70-95kg : cao từ 1m8 trở xún</p>\n', 1, 7, NULL),
	(43, NULL, '2023-12-09 05:23:47', NULL, 'admin9193', 'ACTIVE', 379000, '<p>- Chất liệu được làm dạ 2 lớp và phối Tay da PU</p>\n\n<p>- Các chi tiết trên áo đều được THÊU cao cấp</p>\n\n<p>- DÁNG RỘNG TO OVERSIZE</p>\n\n<p>- Bo cổ , bo tay , gân dưới áo đều được dệt bo kim tuyến</p>\n', 1, NULL, 1, NULL, 'ao-khoac-bomber-off-white-ac-milan-varsity-jacket-ao-bomber-jacket-ow-x-ac-milan-kunshopunisex', 1200, 'Áo Khoác bomber O.f.f White Ac Milan Varsity Jacket Áo bomber jacket OW x AC Milan kunshopunisex', '<p>Size M từ 55-60kg : cao từ 1m6-1m5</p>\n\n<p>Size L từ 60-70kg : cao từ 1m7</p>\n\n<p>Size Xl từ 70-90kg : cao từ 1m8 trở xún</p>\n', 5, 7, NULL),
	(44, NULL, '2023-12-09 05:27:29', NULL, 'admin9193', 'ACTIVE', 225000, '<p>* Màu sắc chuẩn được nhuộm kỹ đến hai lần giúp hạn chế tối đa việc phai màu khi sử dụng.</p>\n\n<p>* Vài ảnh chụp cận cảnh để làm rõ thêm sự sắc nét của từng đường may, sớ vải.</p>\n', NULL, 1, 1, NULL, 'quan-jean-baggy-nam-unisex-han-quoc-quan-jeans-dang-suong-danh-cho-nam-nu-kunshop', 1000, 'Quần jean baggy nam unisex Hàn Quốc quần jeans dáng suông dành cho nam nữ Kunshop', '<p>* Quần jean nam nữ với thiết kế mới thời trang hơn, mang lại sự tự tin tối đa cho người mặc trước những người xung quanh</p>\n\n<p>* Quần may bằng vải denim nên rất mềm và thoải mái khi mặc, đảm bảo sẽ không hề cảm thấy gò bó ngay cả khi di chuyển nhiều.</p>\n\n<p>* Dáng quần jean baggy trẻ trung ôm body tạo nên form cực chuẩn cho người mặc túi quần lớn rất thuận tiện cho việc đựng smart phone hoặc ví cỡ bự.</p>\n', 6, 4, NULL),
	(45, NULL, '2023-12-09 05:29:47', NULL, 'admin9193', 'ACTIVE', 120000, '<p>? Cách chọn size: Shop có bảng size mẫu. Bạn NÊN INBOX, cung cấp chiều cao, cân nặng để SHOP TƯ VẤN SIZE</p>\n\n<p>? Mã sản phẩm đã có trong ảnh</p>\n\n<p>? Cách đặt hàng: Nếu bạn muốn mua 2 sản phẩm khác nhau hoặc 2 size khác nhau, để được freeship</p>\n\n<p>- Bạn chọn từng sản phẩm rồi thêm vào giỏ hàng</p>\n\n<p>- Khi giỏ hàng đã có đầy đủ các sản phẩm cần mua, bạn mới tiến hành ấn nút “ Thanh toán”</p>\n\n<p>? Shop luôn sẵn sàng trả lời inbox để tư vấn</p>\n', NULL, 1, NULL, 1, 'ao-giu-nhiet-nam-dai-tay-cao-cap-vesca-n', 1200, 'Áo Giữ Nhiệt Nam Dài Tay Cao Cấp VESCA N', '<p>? Đối với sản phẩm mới mua về, nên giặt tay lần đâu tiên để tránh phai màu sang quần áo khác</p>\n\n<p>? Khi giặt nên lộn mặt trái ra để đảm bảo độ bền của hình in/decal</p>\n\n<p>? Sản phẩm phù hợp cho giặt máy/giặt tay</p>\n', 4, 7, NULL),
	(46, NULL, '2023-12-09 05:33:09', NULL, 'admin9193', 'ACTIVE', 249000, '<p>? Khi nhận hàng và mờ hàng mong quý khách quay lại video rõ nét mã vận đơn và gói hàng chưa bóc để đảm bảo quyền lợi khách hàng. ? Hàng còn mới nguyên tem, mac và chưa qua sử dụng ? Được đổi trả trong vòng 3 ngày</p>\n', 1, NULL, NULL, 1, 'ao-thun-ao-thun-nam-thoi-trang-cao-cap-phong-cach-han-quoc-cuc-chat-va-ca-tinh-nang-dong-day-dan-thoang-mat', 1000, 'Áo thun, áo thun nam thời trang cáo cấp phông cách Hàn quốc cực chất và cá tính, năng động, dày dặn thoáng mát', '<p>? Áo với chất liệu vải nhập khẩu bền và mềm mịn , mặc cực thoải mái không lo bị nhăn hay mất phom áo ? Áo với thiết kế dày dặn ? Áo thun nam cao cấp cộc tay phong cách Hàn quốc cực thời trang và năng động kết hợp vừa cổ điển vừa hiện đại thiết kế độc quyền của Yuki ? Phong cách trẻ trung, năng động, thời thượng ? Phù hợp với mọi hoàn cảnh đi chơi, công sở hay dự tiệc,....</p>\n', 1, 4, NULL),
	(47, NULL, '2023-12-09 05:35:35', NULL, 'admin9193', 'ACTIVE', 279000, '<p>- Điều kiện áp dụng (trong vòng 3 ngày kể từ khi nhận sản phẩm)</p>\n\n<p>- Hàng hoá bị rách, in lỗi, bung chỉ, và các lỗi do vận chuyển hoặc do nhà sản xuất.</p>\n\n<p>1. Trường hợp được chấp nhận:</p>\n\n<p>- Hàng giao sai size khách đã đặt hàng</p>\n\n<p>- Giao thiếu hàng</p>\n\n<p>2. Trường hợp không đủ điều kiện áp dụng chính sách:</p>\n\n<p>- Quá 2 ngày kể từ khi Quý khách nhận hàng</p>\n\n<p>- Gửi lại hàng không đúng mẫu mã, không phải sản phẩm của Nice Clothes</p>\n\n<p>- Không thích, không hợp, đặt nhầm mã, nhầm màu,...</p>\n', 1, 1, NULL, NULL, 'ao-polo-unisex-phoi-mau-tuong-phan-co-keo-khoa-theu-chu-b-nguc-hoac-polo-spion-3-logo-chat-to-ong-nice-clothe', 1200, 'Áo Polo unisex phối màu tương phản cổ kéo khóa + thêu chữ B ngực hoặc POLO SPION 3 LOGO chất tổ ong, Nice Clothé', '<p>- Sản phẩm áo thun POLO tay lỡ xịn đét, form rộng giống mô tả 100%</p>\n\n<p>- Hình ảnh sản phẩm là ảnh thật, các hình hoàn toàn do shop tự thiết kế và chụp.</p>\n\n<p>- Kiểm tra cẩn thận trước khi gói hàng giao cho Quý Khách</p>\n\n<p>- Hàng có sẵn, giao hàng ngay khi nhận được đơn</p>\n\n<p>- Hoàn tiền nếu sản phẩm không giống với mô tả</p>\n\n<p>- Chấp nhận đổi hàng khi size không vừa trong 3 ngày.</p>\n', 3, 7, NULL),
	(48, NULL, '2023-12-09 05:42:31', NULL, 'admin9193', 'ACTIVE', 135000, '<p>HƯỚNG DẪN SỬ DỤNG: Lần đầu đem về chỉ xả nước lạnh rồi phơi khô để đảm bảo chất in trên áo không bong tróc nhé PHỐI ĐỒ: Cách đơn giản nhất là mặc áo thun với quần Jean, quần short, quần culottes, quần baggy hoặc dùng kèm theo các phụ kiện như đeo thắt lưng, túi đeo chéo, mũ lưỡi trai, nón bucket chuẩn phong cách trẻ trung, năng động.</p>\n', 1, NULL, NULL, 1, 'ao-thun-dai-tay-ao-longsleeve-chat-cotton-in-chu-to-banyi-mac-thoang-tham-hut-mo-hoi-de-phoi-do', 1200, 'Áo thun dài tay - Áo longsleeve chất cotton in chữ TO-BANYI mặc thoáng, thấm hút mồ hôi dễ phối đồ', '<p>- Kiểu dáng: Áo thun tay dài - Chất liệu: vải thun Cotton , mềm mịn, thoáng mát, không nhăn, không xù - Đường may tỉ mỉ, chắc chắn, không chỉ thừa - Hình in không bong tróc, sắc nét, không phai màu - Thiết kế hiện đại, trẻ trung, năng động</p>\n', 1, 2, NULL),
	(49, '2023-12-18 17:18:24', '2023-12-09 05:47:44', 'admin9193', 'admin9193', 'ACTIVE', 79000, '<p>- Điều kiện áp dụng (trong vòng 3 ngày kể từ khi nhận sản phẩm)</p>\n\n<p>- Hàng hoá bị rách, in lỗi, bung chỉ, và các lỗi do vận chuyển hoặc do nhà sản xuất.</p>\n\n<p>1. Trường hợp được chấp nhận:</p>\n\n<p>- Hàng giao sai size khách đã đặt hàng</p>\n\n<p>- Giao thiếu hàng</p>\n\n<p>2. Trường hợp không đủ điều kiện áp dụng chính sách:</p>\n\n<p>- Quá 2 ngày kể từ khi Quý khách nhận hàng</p>\n\n<p>- Gửi lại hàng không đúng mẫu mã, không phải sản phẩm của Nice Clothes</p>\n\n<p>- Không thích, không hợp, đặt nhầm mã, nhầm màu,...</p>\n', NULL, NULL, 1, 1, 'ao-thun-tay-lo-thoang-mat-va-mem-min-di-hoc-di-choi', 1000, 'Áo thun tay lỡ thoáng mát và mềm mịn đi học ,đi chơi', '<p>- Sản phẩm áo thun tay lỡ xịn đét, form rộng giống mô tả 100%</p>\n\n<p>- Hình ảnh sản phẩm là ảnh thật, các hình hoàn toàn do shop tự thiết kế và chụp.</p>\n\n<p>- Kiểm tra cẩn thận trước khi gói hàng giao cho Quý Khách</p>\n\n<p>- Hàng có sẵn, giao hàng ngay khi nhận được đơn</p>\n\n<p>- Hoàn tiền nếu sản phẩm không giống với mô tả</p>\n\n<p>- Chấp nhận đổi hàng khi size không vừa trong 3 ngày.</p>\n', 1, 2, NULL),
	(50, NULL, '2023-12-23 04:17:05', NULL, 'admin9193', 'ACTIVE', 180000, '<p>BL Fashion xin chào quý khách THÔNG TIN SẢN PHẨM size M 40-50kg Size L 50-60kg size XL 60-70kg size 2XL 70-80kg Áo Gió Nam Nữ 2 Lớp Vải gió, có lót lông, thoáng khí ️🗣️ LƯU Ý - Khi bạn gặp bất cứ vấn đề gì về sản phẩm, đừng vội đánh giá mà hãy liên hệ shop ngay để được hỗ trợ một cách tốt nhất nhé! Shop cam kết sẽ đem lại những giá trị tốt nhất cho các bạn. - Nếu sản phẩm tốt, đừng quên đánh giá shop 5 sao để nhận được nhiều ưu đãi hấp hơn nhé! Cảm ơn bạn đã tin tưởng và mua sắm #lkdenim #aogio #aogiodoi #aogiochongnuoc #aogiochongnang #aogiolotluoi #aogiolotlong #aogiodu #aokhoacnam #aokhoacnamnu #aokhoacdoi #aogiohaimat #aogiore #aogiogiare #aogiomuathu #aokhoacmuathu #aokhoacnammuathu #aokhoacmuadong --- Lưu ý QUAN TRỌNG: ✅ Bảng size chỉ mang tính chất tham khảo, tùy thuộc vào số đo cơ thể mỗi người và chất liệu vải khác nhau sẽ có sự chênh lệch nhất định từ 1 - 2cm ✅ Màu sắc vải/ sản phẩm quần kiểu nữ/ quần tây nữ có thể sẽ chênh lệch thực tế một phần nhỏ, do ảnh hưởng về độ lệch màu của ánh sáng nhưng vẫn đảm bảo chất lượng. ✅ CAM KẾT 100% hàng chính hãng từ BL Fashion ✅ CAM KẾT 100% đổi Size nếu sản phẩm khách đặt không vừa (hỗ trợ đổi size trong vòng 7 ngày) ✅ Sản phẩm đổi phải còn nguyên tem mác và chưa qua sử dụng. ✅ Nếu có bất kì khiếu nại cần Shop hỗ trợ về sản phẩm, khi mở sản phẩm các Chị vui lòng quay lại video quá trình mở sản phẩm để được đảm bảo 100% đổi lại sản phẩm mới nếu Shop giao bị lỗi. ✅ Khách hàng hài lòng về sản phẩm vui lòng đánh giá 5* giúp BL Fahion nhé ***BL Fashion cảm ơn quý khách hàng đã tin yêu sản phẩm và mua hàng tại shop, chúc bạn có một ngày mua sắm thật thoải mái.</p>\n', NULL, NULL, NULL, NULL, 'ao-gio-nam-nu-hai-lop-beleader-fashion-chat-gio-lot-long-thoang-khi', NULL, 'Áo Gió Nam Nữ Hai Lớp Beleader Fashion Chất Gió, Lót Lông Thoáng Khí', '', 5, 2, NULL),
	(51, NULL, '2023-12-23 04:58:53', NULL, 'admin9193', 'ACTIVE', 89000, '', NULL, NULL, NULL, NULL, 'ao-khoac-ni-nam-dai-tay-co-trum-hoa-tiet-in-chu-form-rong-phong-cach-han-quoc-thoi-trang-zenkonu-ao-khoac-nam-052', NULL, 'Áo Khoác Nỉ Nam Dài Tay Cổ Trùm Họa Tiết In Chữ Form Rộng Phong Cách Hàn Quốc Thời Trang Zenkonu AO KHOAC NAM 052', '<p>Áo Khoác Nỉ Nam Dài Tay Cổ Trùm Họa Tiết In Chữ Form Rộng Phong Cách Hàn Quốc Thời Trang Zenkonu AO KHOAC NAM 052</p>\n\n<p>* THÔNG TIN SẢN PHẨM:</p>\n\n<p>🔸Chât liệu: vải nỉ bông mềm mại, thấm hút mồ hôi.</p>\n\n<p>🔸 Kích thước: S M L XL</p>\n\n<p>🔸 Xuất xứ: Việt Nam</p>\n\n<p>Với thiết kế trẻ trung năng động, phù hợp nhiều hoàn cảnh, phong cách Ulzzang cập nhập xu hướng mới nhất.</p>\n\n<p>* Chi tiết Size:</p>\n\n<p>Size S: cho bạn có cân nặng từ 45 - 50kg tùy chiều cao</p>\n\n<p>Size M: cho bạn có cân nặng từ 50 - 55kg tùy chiều cao</p>\n\n<p>Size L: cho bạn có cân nặng từ 55 - 60kg tùy chiều cao</p>\n\n<p>Size XL: cho bạn có cân nặng từ 60 - 65kg tùy chiều cao</p>\n\n<p>🔰 Thông tin thêm:</p>\n\n<p>- Để bảo quản áo cũng như chất liệu hình in, shop khuyên bạn lộn mặt trái khi giặt và ủi nha</p>\n\n<p>- Bảng size chỉ mang tính chất tham khảo, tùy thuộc hình thể mỗi người và chất liệu nên có chênh lệch. Hãy ibox cho shop khi cần tư vấn cụ thể nha ^^</p>\n\n<p>Hãy theo dõi để ủng hộ shop và cập nhập các chương trình khuyến mãi cũng như các mẫu sản phẩm mới nhất của shop nhé!</p>\n\n<p>🔸 Lưu ý: Shop chỉ hỗ trợ xử lý đơn hàng đổi trả trong vòng 15 ngày kể từ khi giao hàng thành công!</p>\n\n<p>&nbsp;</p>\n', 5, 1, NULL),
	(52, '2023-12-27 17:40:06', '2023-12-23 08:13:50', 'admin9193', 'admin9193', 'ACTIVE', 99000, '', 1, NULL, NULL, NULL, 'ao-gio-nam-nu-lot-long-min-depvai-gio-trangkieu-mau-3-khoa-sieu-hot', NULL, 'Áo Gió Nam Nữ Lót Lông Mịn Đẹp,Vải Gió Tráng,Kiểu Mẫu 3 Khoá Siêu Hót', '', 5, 2, NULL),
	(67, NULL, '2023-12-27 15:37:31', NULL, 'admin9193', 'ACTIVE', 70000, '<p>👉CAM KẾT CỦA SHOP - Shop cam kết không bán hàng giả, hàng nhái, chất lượng luôn là hàng đầu để shop có thể phát triển thương hiệu và vươn xa. - Sản phẩm cam kết như hình thật 100% - Tư vấn nhiệt tình, chu đáo luôn lắng nghe khách hàng để phục vụ tốt. - Giao hàng nhanh đúng tiến độ không phải để quý khách chờ đợi lâu để nhận hàng. - Hàng được kiểm tra kĩ càng, cẩn thận và tư vấn nhiệt tình trước khi gói hàng giao cho Quý Khách - Hàng có sẵn, giao hàng ngay khi nhận được đơn - Hoàn tiền nếu sản phẩm không giống với mô tả. Chấp nhận đổi hàng khi size không vừa - Giao hàng trên toàn quốc, nhận hàng trả tiền - Hỗ trợ đổi trả theo quy định của Shopee 👉THÔNG TIN CHI TIẾT SẢN PHẨM - Chất liệu: vải gió lót lưới - Size: SIZE M 40 - 50 KG SIZE L 50 - 60 KG SIZE XL 60 - 70 KG SIZE 2XL 70 - 80 KG Bảng size chỉ mang tính tương đối. Khách hàng cân đối trước khi đặt hàng. Nếu còn thắc mắc về size số vui lòng inbox cho shop để được tư vấn - Màu sắc: 7 màu - Đường may tinh tế, tỉ mỉ trong từng chi tiết - Phong cách: trẻ trung, thanh lịch - Thiết kế dày dặn mặc rất thoải mái, dễ dàng vận động, phù hợp cho nhiều cân nặng khác nhau 👉 HƯỚNG DẪN BẢO QUẢN - Giặt sản phẩm với nước lạnh và các chất tẩy rửa có khả năng tẩy rửa nhẹ như dầu gội, sữa tắm,.. - Giặt sản phẩm bằng tay và phơi khô tự nhiên (tuyệt đối không sử dụng sản phẩm với máy giặt) - Lộn mặt trái trước khi giặt để đảm bảo độ bền của sản phẩm 👉 QUY ĐỊNH BẢO HÀNH VÀ ĐỔI TRẢ Đổi trả theo đúng quy định của Shopee 1. Điều kiện áp dụng (trong vòng 03 ngày kể từ khi nhận sản phẩm): - Hàng hoá vẫn còn mới, chưa qua sử dụng - Hàng hóa hư hỏng do vận chuyển hoặc do nhà sản xuất. 2 . Trường hợp được chấp nhận: - Hàng không đúng size, kiểu dáng như quý khách đặt hàng - Không đủ số lượng, không đủ bộ như trong đơn hàng 3. Trường hợp không đủ điều kiện áp dụng chính sách: - Quá 03 ngày kể từ khi Quý khách nhận hàng - Gửi lại hàng không đúng mẫu mã, không phải hàng của shop - Đặt nhầm sản phẩm, chủng loại, không thích, không hợp,... ☎️ Mua sỉ: 0️⃣9️⃣6️⃣9️⃣7️⃣5️⃣1️⃣4️⃣3️⃣1️⃣</p>\n', NULL, NULL, NULL, NULL, 'ao-khoac-gio-nam-nu-chong-nuoc-can-gio-can-bui-hang-cao-cap-chat-luong-xuong-may-9x', NULL, 'Áo khoác gió nam nữ ( chống nước) cản gió cản bụi hàng cao cấp chất lượng - Xưởng May 9X', '', 5, 6, NULL),
	(68, '2023-12-28 04:58:08', '2023-12-28 04:53:59', 'admin9193', 'admin9193', 'ACTIVE', 100000, '', 1, NULL, NULL, NULL, 'ao-so-mi-coc-tay-xop-nhun-forgirl-co-be-sieu-mat-phong-cach-han-quoc-fg044', NULL, 'Áo sơ mi cộc tay xốp nhún Forgirl cổ bẻ siêu mát phong cách Hàn Quốc FG044', '', 2, 3, NULL),
	(69, '2024-01-06 16:01:20', '2024-01-01 15:29:56', 'anonymous', 'admin9193', 'ACTIVE', 120000, '<p>Mô tả sản phẩm</p>\n', NULL, NULL, NULL, NULL, 'ao-noel', NULL, 'Áo noel', '', 4, 1, NULL);

-- Dumping structure for table duantotnghiep.slider
CREATE TABLE IF NOT EXISTS `slider` (
  `id` bigint NOT NULL AUTO_INCREMENT,
  `ngaysua` timestamp NULL DEFAULT NULL,
  `ngaytao` timestamp NULL DEFAULT NULL,
  `nguoisua` varchar(255) CHARACTER SET utf8mb4 COLLATE utf8mb4_unicode_ci DEFAULT NULL,
  `nguoitao` varchar(255) CHARACTER SET utf8mb4 COLLATE utf8mb4_unicode_ci DEFAULT NULL,
  `trangthai` varchar(255) CHARACTER SET utf8mb4 COLLATE utf8mb4_unicode_ci DEFAULT 'ACTIVE',
  `image` varchar(255) CHARACTER SET utf8mb4 COLLATE utf8mb4_unicode_ci DEFAULT NULL,
  PRIMARY KEY (`id`)
) ENGINE=InnoDB AUTO_INCREMENT=3 DEFAULT CHARSET=utf8mb4 COLLATE=utf8mb4_unicode_ci;

-- Dumping data for table duantotnghiep.slider: ~2 rows (approximately)
INSERT INTO `slider` (`id`, `ngaysua`, `ngaytao`, `nguoisua`, `nguoitao`, `trangthai`, `image`) VALUES
	(1, NULL, '2023-12-12 17:10:41', NULL, 'admin9193', 'ACTIVE', '2L02kJ.jpg'),
	(2, NULL, '2023-12-12 17:10:52', NULL, 'admin9193', 'ACTIVE', 'EPfLbE.jpg');

-- Dumping structure for procedure duantotnghiep.sp_update_price_hdct
DELIMITER //
CREATE PROCEDURE `sp_update_price_hdct`(IN p_idhd INT, IN p_idkh INT)
BEGIN
    UPDATE hoadonchitiet hdct 
    JOIN vw_pricesanpham sp ON hdct.idbienthe = sp.bientheid
    SET hdct.sotiengiam = IFNULL(sp.sotiengiam, 0)*hdct.soluong, hdct.gia = sp.gia*hdct.soluong
    WHERE hdct.idhoadon = p_idhd;

    UPDATE hoadonchitiet hdct 
    JOIN vw_pricesanpham sp ON hdct.idbienthe = sp.bientheid
    SET hdct.idkhuyenmai = sp.khuyenmaiid
    WHERE hdct.idhoadon = p_idhd;

    UPDATE hoadonchitiet hdct 
    JOIN vw_pricesanpham sp ON hdct.idbienthe = sp.bientheid
    SET thanhtien = thucte * soluong
    WHERE hdct.idhoadon = p_idhd;

    UPDATE giohangchitiet ghct
    JOIN giohang gh ON gh.id = ghct.idgiohang
    SET ghct.trangthai = 'DELETE'
    WHERE ghct.TRANGTHAI = 'PENDING' AND gh.idkhachhang = p_idkh;
        update bienthe bt
	 join hoadonchitiet hdct on bt.id = hdct.idbienthe 
	 set bt.soluong = (bt.soluong-hdct.soluong)
	where idhoadon = p_idhd;
    
     update khuyenmai km join vw_pricesanpham spkm on km.id = spkm.khuyenmaiid 
 join hoadonchitiet hdct on spkm.bientheid = hdct.idbienthe set km.soluong = km.soluong-hdct.soluong where hdct.idhoadon = p_idhd;
END//
DELIMITER ;

-- Dumping structure for table duantotnghiep.thongtinmuahang
CREATE TABLE IF NOT EXISTS `thongtinmuahang` (
  `id` bigint NOT NULL AUTO_INCREMENT,
  `ngaysua` timestamp NULL DEFAULT NULL,
  `ngaytao` timestamp NULL DEFAULT NULL,
  `nguoisua` varchar(255) DEFAULT NULL,
  `nguoitao` varchar(255) DEFAULT NULL,
  `trangthai` varchar(255) DEFAULT 'ACTIVE',
  `diachi` varchar(255) DEFAULT NULL,
  `idhuyen` int DEFAULT NULL,
  `idthanhpho` int DEFAULT NULL,
  `idxa` int DEFAULT NULL,
  `sodienthoai` varchar(255) DEFAULT NULL,
  `sonha` varchar(255) DEFAULT NULL,
  `ten` varchar(255) DEFAULT NULL,
  `idkhachhang` bigint DEFAULT NULL,
  PRIMARY KEY (`id`),
  KEY `FKdbn26ymw7iskh3x4obhqilti3` (`idkhachhang`),
  CONSTRAINT `FKdbn26ymw7iskh3x4obhqilti3` FOREIGN KEY (`idkhachhang`) REFERENCES `khachhang` (`id`)
) ENGINE=InnoDB AUTO_INCREMENT=6 DEFAULT CHARSET=utf8mb3;

-- Dumping data for table duantotnghiep.thongtinmuahang: ~5 rows (approximately)
INSERT INTO `thongtinmuahang` (`id`, `ngaysua`, `ngaytao`, `nguoisua`, `nguoitao`, `trangthai`, `diachi`, `idhuyen`, `idthanhpho`, `idxa`, `sodienthoai`, `sonha`, `ten`, `idkhachhang`) VALUES
	(1, '2023-12-12 05:14:38', '2023-11-28 14:58:13', 'dinhanhtuan0812', 'admin9193', 'ACTIVE', 'Hà Nội, Phường Mễ Trì, Quận Nam Từ Liêm, Hà Nội, Vietnam', 3440, 201, 907557, '09876543121', 'Hà Nội', 'admin', 2),
	(2, NULL, '2023-12-11 16:33:19', NULL, 'dinhtuananh0183', 'DEFAULT', 'Xóm ninh hoà, Xã Yên Trị, Huyện Yên Thủy, Hòa Bình, Vietnam', 2270, 267, 231013, '0977853450', 'Xóm ninh hoà', 'Đinh Tuấn Anh', 5),
	(3, '2023-12-12 05:30:58', '2023-12-12 05:11:56', 'dinhanhtuan0812', 'dinhanhtuan0812', 'ACTIVE', 'Hà Nội, Xã Vũ Chấn, Huyện Võ Nhai, Thái Nguyên, Vietnam', 2051, 244, 120515, '0384082003', 'Hà Nội', 'Tuấn', 2),
	(4, NULL, '2023-12-16 15:47:59', NULL, 'dinhanhtuan0812', NULL, 'Xuân Phương hihi, Phường Xuân Phương, Quận Nam Từ Liêm, Hà Nội, Vietnam', 3440, 201, 13010, '0987654322', 'Xuân Phương hihi', 'Tuấn', 2),
	(5, '2023-12-16 15:51:31', '2023-12-16 15:48:57', 'dinhanhtuan0812', 'dinhanhtuan0812', 'DEFAULT', 'Trịnh Văn Bô, Phường Xuân Phương, Quận Nam Từ Liêm, Hà Nội, Vietnam', 3440, 201, 13010, '0915812752', 'Trịnh Văn Bô', 'Linnh', 2);

-- Dumping structure for table duantotnghiep.thuoctinh
CREATE TABLE IF NOT EXISTS `thuoctinh` (
  `id` bigint NOT NULL AUTO_INCREMENT,
  `ngaysua` timestamp NULL DEFAULT NULL,
  `ngaytao` timestamp NULL DEFAULT NULL,
  `nguoisua` varchar(255) DEFAULT NULL,
  `nguoitao` varchar(255) DEFAULT NULL,
  `trangthai` varchar(255) DEFAULT 'ACTIVE',
  `slug` varchar(255) DEFAULT NULL,
  `ten` varchar(255) DEFAULT NULL,
  `idsanpham` bigint DEFAULT NULL,
  PRIMARY KEY (`id`),
  KEY `FKpe2rbqisgm92mmclx5ddxr5te` (`idsanpham`),
  CONSTRAINT `FKpe2rbqisgm92mmclx5ddxr5te` FOREIGN KEY (`idsanpham`) REFERENCES `sanpham` (`id`)
) ENGINE=InnoDB AUTO_INCREMENT=264 DEFAULT CHARSET=utf8mb3;

-- Dumping data for table duantotnghiep.thuoctinh: ~92 rows (approximately)
INSERT INTO `thuoctinh` (`id`, `ngaysua`, `ngaytao`, `nguoisua`, `nguoitao`, `trangthai`, `slug`, `ten`, `idsanpham`) VALUES
	(1, NULL, '2023-11-22 16:26:02', NULL, 'admin9193', 'ACTIVE', 'mau-sac', 'Màu Sắc', 1),
	(2, NULL, '2023-11-22 16:26:03', NULL, 'admin9193', 'ACTIVE', 'size', 'Size', 1),
	(3, NULL, '2023-11-22 16:30:53', NULL, 'admin9193', 'ACTIVE', 'mau-sac', 'Màu Sắc', 2),
	(4, NULL, '2023-11-22 16:30:53', NULL, 'admin9193', 'ACTIVE', 'size', 'Size', 2),
	(5, NULL, '2023-11-22 16:34:35', NULL, 'admin9193', 'ACTIVE', 'mau-sac', 'Màu Sắc', 3),
	(6, NULL, '2023-11-22 16:34:35', NULL, 'admin9193', 'ACTIVE', 'size', 'Size', 3),
	(7, NULL, '2023-11-22 18:33:37', NULL, 'admin9193', 'ACTIVE', 'mau-sac', 'Màu Sắc', 4),
	(8, NULL, '2023-11-22 18:33:37', NULL, 'admin9193', 'ACTIVE', 'size', 'Size', 4),
	(9, NULL, '2023-11-27 02:22:02', NULL, 'admin9193', 'ACTIVE', 'mau-sac', 'Màu Sắc', 5),
	(10, NULL, '2023-11-27 02:22:06', NULL, 'admin9193', 'ACTIVE', 'size', 'Size', 5),
	(11, NULL, '2023-11-27 02:39:52', NULL, 'admin9193', 'ACTIVE', 'mau-sac', 'Màu Sắc', 7),
	(12, NULL, '2023-11-27 02:39:52', NULL, 'admin9193', 'ACTIVE', 'size', 'Size', 7),
	(13, NULL, '2023-11-27 02:43:46', NULL, 'admin9193', 'ACTIVE', 'mau-sac', 'Màu Sắc', 8),
	(14, NULL, '2023-11-27 02:43:46', NULL, 'admin9193', 'ACTIVE', 'size', 'Size', 8),
	(15, NULL, '2023-11-27 02:46:17', NULL, 'admin9193', 'ACTIVE', 'mau-sac', 'Màu Sắc', 9),
	(16, NULL, '2023-11-27 02:46:17', NULL, 'admin9193', 'ACTIVE', 'size', 'Size', 9),
	(17, NULL, '2023-11-27 02:48:58', NULL, 'admin9193', 'ACTIVE', 'mau-sac', 'Màu Sắc', 10),
	(18, NULL, '2023-11-27 02:48:58', NULL, 'admin9193', 'ACTIVE', 'size', 'Size', 10),
	(19, NULL, '2023-11-27 02:53:09', NULL, 'admin9193', 'ACTIVE', 'mau-sac', 'Màu Sắc', 11),
	(20, NULL, '2023-11-27 02:53:09', NULL, 'admin9193', 'ACTIVE', 'size', 'Size', 11),
	(21, NULL, '2023-11-27 02:56:20', NULL, 'admin9193', 'ACTIVE', 'mau-sac', 'Màu Sắc', 12),
	(22, NULL, '2023-11-27 02:56:20', NULL, 'admin9193', 'ACTIVE', 'size', 'Size', 12),
	(25, NULL, '2023-11-27 03:00:35', NULL, 'admin9193', 'ACTIVE', 'mau-sac', 'Màu Sắc', 14),
	(26, NULL, '2023-11-27 03:00:35', NULL, 'admin9193', 'ACTIVE', 'size', 'Size', 14),
	(33, NULL, '2023-11-27 03:03:37', NULL, 'admin9193', 'ACTIVE', 'mau-sac', 'Màu Sắc', 18),
	(34, NULL, '2023-11-27 03:03:37', NULL, 'admin9193', 'ACTIVE', 'size', 'Size', 18),
	(35, NULL, '2023-11-27 03:06:11', NULL, 'admin9193', 'ACTIVE', 'mau-sac', 'Màu Sắc', 19),
	(40, NULL, '2023-11-27 03:16:46', NULL, 'admin9193', 'ACTIVE', 'mau-sac', 'Màu Sắc', 22),
	(41, NULL, '2023-11-27 03:16:46', NULL, 'admin9193', 'ACTIVE', 'size', 'Size', 22),
	(42, NULL, '2023-11-27 03:20:51', NULL, 'admin9193', 'ACTIVE', 'mau-sac', 'Màu Sắc', 23),
	(43, NULL, '2023-11-27 03:25:03', NULL, 'admin9193', 'ACTIVE', 'mau-sac', 'Màu Sắc', 24),
	(44, NULL, '2023-11-27 03:25:03', NULL, 'admin9193', 'ACTIVE', 'size', 'Size', 24),
	(45, NULL, '2023-11-27 03:29:29', NULL, 'admin9193', 'ACTIVE', 'mau-sac', 'Màu Sắc', 25),
	(46, NULL, '2023-11-27 03:29:29', NULL, 'admin9193', 'ACTIVE', 'size', 'Size', 25),
	(47, NULL, '2023-11-27 03:36:20', NULL, 'admin9193', 'ACTIVE', 'mau-sac', 'Màu Sắc', 26),
	(48, NULL, '2023-11-27 03:36:20', NULL, 'admin9193', 'ACTIVE', 'size', 'Size', 26),
	(49, NULL, '2023-11-27 03:40:53', NULL, 'admin9193', 'ACTIVE', 'mau-sac', 'Màu Sắc', 27),
	(50, NULL, '2023-11-27 03:40:53', NULL, 'admin9193', 'ACTIVE', 'size', 'Size', 27),
	(51, NULL, '2023-11-27 15:27:16', NULL, 'admin9193', 'ACTIVE', 'mau-sac', 'Màu Sắc', 28),
	(52, NULL, '2023-11-27 15:27:16', NULL, 'admin9193', 'ACTIVE', 'size', 'Size', 28),
	(53, NULL, '2023-11-27 15:39:14', NULL, 'admin9193', 'ACTIVE', 'mau-sac', 'Màu Sắc', 29),
	(54, NULL, '2023-11-27 15:39:14', NULL, 'admin9193', 'ACTIVE', 'size', 'Size', 29),
	(55, NULL, '2023-11-27 15:42:19', NULL, 'admin9193', 'ACTIVE', 'mau-sac', 'Màu Sắc', 30),
	(56, NULL, '2023-11-27 15:42:19', NULL, 'admin9193', 'ACTIVE', 'size', 'Size', 30),
	(57, NULL, '2023-11-27 15:44:42', NULL, 'admin9193', 'ACTIVE', 'size', 'Size', 31),
	(58, NULL, '2023-11-27 15:47:45', NULL, 'admin9193', 'ACTIVE', 'mau-sac', 'Màu Sắc', 32),
	(59, NULL, '2023-11-27 15:47:45', NULL, 'admin9193', 'ACTIVE', 'size', 'Size', 32),
	(60, NULL, '2023-11-27 15:55:39', NULL, 'admin9193', 'ACTIVE', 'mau-sac', 'Màu Sắc', 33),
	(61, NULL, '2023-11-27 15:55:39', NULL, 'admin9193', 'ACTIVE', 'size', 'Size', 33),
	(62, NULL, '2023-11-27 16:02:20', NULL, 'admin9193', 'ACTIVE', 'mau-sac', 'Màu Sắc', 34),
	(63, NULL, '2023-11-27 16:02:20', NULL, 'admin9193', 'ACTIVE', 'size', 'Size', 34),
	(64, NULL, '2023-11-27 16:07:29', NULL, 'admin9193', 'ACTIVE', 'mau-sac', 'Màu Sắc', 35),
	(65, NULL, '2023-11-27 16:07:29', NULL, 'admin9193', 'ACTIVE', 'size', 'Size', 35),
	(66, NULL, '2023-11-27 16:11:30', NULL, 'admin9193', 'ACTIVE', 'mau-sac', 'Màu Sắc', 36),
	(67, NULL, '2023-11-27 16:11:30', NULL, 'admin9193', 'ACTIVE', 'size', 'Size', 36),
	(68, NULL, '2023-11-27 16:18:34', NULL, 'admin9193', 'ACTIVE', 'size', 'Size', 37),
	(69, NULL, '2023-11-27 16:24:18', NULL, 'admin9193', 'ACTIVE', 'mau-sac', 'Màu Sắc', 38),
	(70, NULL, '2023-11-27 16:24:18', NULL, 'admin9193', 'ACTIVE', 'size', 'Size', 38),
	(71, NULL, '2023-11-27 16:29:04', NULL, 'admin9193', 'ACTIVE', 'size', 'Size', 39),
	(72, NULL, '2023-11-27 16:40:54', NULL, 'admin9193', 'ACTIVE', 'size', 'Size', 41),
	(73, NULL, '2023-11-27 16:48:19', NULL, 'admin9193', 'ACTIVE', 'size', 'Size', 42),
	(74, NULL, '2023-12-09 05:23:48', NULL, 'admin9193', 'ACTIVE', 'mau-sac', 'Màu Sắc', 43),
	(75, NULL, '2023-12-09 05:23:49', NULL, 'admin9193', 'ACTIVE', 'size', 'Size', 43),
	(76, NULL, '2023-12-09 05:23:49', NULL, 'admin9193', 'ACTIVE', 'mau-hinh', 'Mẫu Hình', 43),
	(77, NULL, '2023-12-09 05:27:29', NULL, 'admin9193', 'ACTIVE', 'mau-sac', 'Màu Sắc', 44),
	(78, NULL, '2023-12-09 05:27:29', NULL, 'admin9193', 'ACTIVE', 'size', 'Size', 44),
	(79, NULL, '2023-12-09 05:27:29', NULL, 'admin9193', 'ACTIVE', 'kieu-dang', 'Kiểu Dáng', 44),
	(80, NULL, '2023-12-09 05:29:47', NULL, 'admin9193', 'ACTIVE', 'mau-sac', 'Màu Sắc', 45),
	(81, NULL, '2023-12-09 05:29:47', NULL, 'admin9193', 'ACTIVE', 'size', 'Size', 45),
	(82, NULL, '2023-12-09 05:29:47', NULL, 'admin9193', 'ACTIVE', 'kieu-co-ao', 'Kiểu Cổ Áo', 45),
	(83, NULL, '2023-12-09 05:33:09', NULL, 'admin9193', 'ACTIVE', 'mau-sac', 'Màu Sắc', 46),
	(84, NULL, '2023-12-09 05:33:09', NULL, 'admin9193', 'ACTIVE', 'size', 'Size', 46),
	(85, NULL, '2023-12-09 05:33:09', NULL, 'admin9193', 'ACTIVE', 'chat-lieu', 'Chất Liệu', 46),
	(86, NULL, '2023-12-09 05:35:35', NULL, 'admin9193', 'ACTIVE', 'mau-sac', 'Màu Sắc', 47),
	(87, NULL, '2023-12-09 05:35:35', NULL, 'admin9193', 'ACTIVE', 'size', 'Size', 47),
	(88, NULL, '2023-12-09 05:35:35', NULL, 'admin9193', 'ACTIVE', 'bieu-tuong', 'Biểu Tượng', 47),
	(89, NULL, '2023-12-09 05:42:31', NULL, 'admin9193', 'ACTIVE', 'mau-sac', 'Màu Sắc', 48),
	(90, NULL, '2023-12-09 05:42:32', NULL, 'admin9193', 'ACTIVE', 'size', 'Size', 48),
	(91, NULL, '2023-12-09 05:42:32', NULL, 'admin9193', 'ACTIVE', 'chat-lieu', 'Chất Liệu', 48),
	(92, NULL, '2023-12-09 05:42:32', NULL, 'admin9193', 'ACTIVE', 'mau-hinh', 'Mẫu Hình', 48),
	(93, NULL, '2023-12-09 05:47:44', NULL, 'admin9193', 'ACTIVE', 'mau-sac', 'Màu Sắc', 49),
	(94, NULL, '2023-12-09 05:47:44', NULL, 'admin9193', 'ACTIVE', 'size', 'Size', 49),
	(95, NULL, '2023-12-09 05:47:44', NULL, 'admin9193', 'ACTIVE', 'chat-lieu', 'Chất Liệu', 49),
	(96, NULL, '2023-12-09 05:47:44', NULL, 'admin9193', 'ACTIVE', 'kieu-dang', 'Kiểu Dáng', 49),
	(97, NULL, '2023-12-23 04:17:05', NULL, 'admin9193', 'ACTIVE', 'size', 'Size', 50),
	(98, NULL, '2023-12-23 04:17:05', NULL, 'admin9193', 'ACTIVE', 'mau-sac', 'Màu Sắc', 50),
	(99, NULL, '2023-12-23 04:58:53', NULL, 'admin9193', 'ACTIVE', 'size', 'Size', 51),
	(100, NULL, '2023-12-23 04:58:53', NULL, 'admin9193', 'ACTIVE', 'mau-sac', 'Màu Sắc', 51),
	(189, NULL, '2023-12-27 15:37:32', NULL, 'admin9193', 'ACTIVE', 'mau-sac', 'Màu Sắc', 67),
	(190, NULL, '2023-12-27 15:37:32', NULL, 'admin9193', 'ACTIVE', 'size', 'Size', 67),
	(254, NULL, '2023-12-27 17:40:06', NULL, 'admin9193', 'ACTIVE', 'mau-sac', 'Màu Sắc', 52),
	(255, NULL, '2023-12-27 17:40:06', NULL, 'admin9193', 'ACTIVE', 'size', 'Size', 52),
	(257, NULL, '2023-12-28 04:58:08', NULL, 'admin9193', 'ACTIVE', 'mau-sac', 'Màu Sắc', 68),
	(258, NULL, '2023-12-28 04:58:08', NULL, 'admin9193', 'ACTIVE', 'size', 'Size', 68),
	(261, NULL, '2024-01-06 16:01:20', NULL, 'anonymous', 'ACTIVE', 'size', 'Size', 69),
	(262, NULL, '2024-01-06 16:01:20', NULL, 'anonymous', 'ACTIVE', 'mau-sac', 'Màu Sắc', 69),
	(263, NULL, '2024-01-06 16:01:20', NULL, 'anonymous', 'ACTIVE', 'chat-lieu', 'Chất Liệu', 69);

-- Dumping structure for table duantotnghiep.thuonghieu
CREATE TABLE IF NOT EXISTS `thuonghieu` (
  `id` bigint NOT NULL AUTO_INCREMENT,
  `ngaysua` timestamp NULL DEFAULT NULL,
  `ngaytao` timestamp NULL DEFAULT NULL,
  `nguoisua` varchar(255) DEFAULT NULL,
  `nguoitao` varchar(255) DEFAULT NULL,
  `trangthai` varchar(255) DEFAULT 'ACTIVE',
  `slug` varchar(255) DEFAULT NULL,
  `ten` varchar(255) DEFAULT NULL,
  PRIMARY KEY (`id`),
  UNIQUE KEY `UK_s0mvror9u635ragoc5rwiuueh` (`slug`)
) ENGINE=InnoDB AUTO_INCREMENT=11 DEFAULT CHARSET=utf8mb3;

-- Dumping data for table duantotnghiep.thuonghieu: ~10 rows (approximately)
INSERT INTO `thuonghieu` (`id`, `ngaysua`, `ngaytao`, `nguoisua`, `nguoitao`, `trangthai`, `slug`, `ten`) VALUES
	(1, NULL, '2023-11-19 17:04:30', NULL, 'admin9193', 'ACTIVE', 'lovito', 'Lovito'),
	(2, NULL, '2023-11-19 17:05:06', NULL, 'admin9193', 'ACTIVE', 'miucho', 'Miucho'),
	(3, NULL, '2023-11-19 17:08:28', NULL, 'admin9193', 'ACTIVE', 'tingoan', 'tingoan'),
	(4, NULL, '2023-11-19 17:08:28', NULL, 'admin9193', 'ACTIVE', 'zhu-xia', 'Zhu Xia'),
	(5, NULL, '2023-11-19 17:08:29', NULL, 'admin9193', 'ACTIVE', 'boo', 'boo'),
	(6, NULL, '2023-11-19 17:08:30', NULL, 'admin9193', 'ACTIVE', 'miaa', 'MIAA'),
	(7, NULL, '2023-11-19 17:08:30', NULL, 'admin9193', 'ACTIVE', 'avocado', 'AVOCADO'),
	(8, NULL, '2023-11-19 17:08:31', NULL, 'admin9193', 'ACTIVE', 'choobe', 'Choobe'),
	(9, NULL, '2023-11-19 17:08:32', NULL, 'admin9193', 'ACTIVE', 'h-m', 'H&M'),
	(10, NULL, '2023-11-19 17:08:32', NULL, 'admin9193', 'ACTIVE', 'm2', 'M2');

-- Dumping structure for table duantotnghiep.tichdiem
CREATE TABLE IF NOT EXISTS `tichdiem` (
  `id` bigint NOT NULL AUTO_INCREMENT,
  `ngaysua` timestamp NULL DEFAULT NULL,
  `ngaytao` timestamp NULL DEFAULT NULL,
  `nguoisua` varchar(255) DEFAULT NULL,
  `nguoitao` varchar(255) DEFAULT NULL,
  `trangthai` varchar(255) DEFAULT 'ACTIVE',
  `sodiem` int DEFAULT NULL,
  `idkhachhang` bigint DEFAULT NULL,
  PRIMARY KEY (`id`),
  KEY `FK3cn0i0s6nyyqp3m7fb1uwyqv0` (`idkhachhang`),
  CONSTRAINT `FK3cn0i0s6nyyqp3m7fb1uwyqv0` FOREIGN KEY (`idkhachhang`) REFERENCES `khachhang` (`id`)
) ENGINE=InnoDB AUTO_INCREMENT=10 DEFAULT CHARSET=utf8mb3;

-- Dumping data for table duantotnghiep.tichdiem: ~1 rows (approximately)

-- Dumping structure for table duantotnghiep.timkiemsanpham
CREATE TABLE IF NOT EXISTS `timkiemsanpham` (
  `id` bigint NOT NULL AUTO_INCREMENT,
  `ngaysua` timestamp NULL DEFAULT NULL,
  `ngaytao` timestamp NULL DEFAULT NULL,
  `nguoisua` varchar(255) DEFAULT NULL,
  `nguoitao` varchar(255) DEFAULT NULL,
  `trangthai` varchar(255) DEFAULT 'ACTIVE',
  `timkiem` varchar(255) DEFAULT NULL,
  `idkhachhang` bigint DEFAULT NULL,
  PRIMARY KEY (`id`),
  KEY `FK161yq4goo29oj75tlqc3xkfq1` (`idkhachhang`),
  CONSTRAINT `FK161yq4goo29oj75tlqc3xkfq1` FOREIGN KEY (`idkhachhang`) REFERENCES `khachhang` (`id`)
) ENGINE=InnoDB AUTO_INCREMENT=5 DEFAULT CHARSET=utf8mb3;

-- Dumping data for table duantotnghiep.timkiemsanpham: ~4 rows (approximately)
INSERT INTO `timkiemsanpham` (`id`, `ngaysua`, `ngaytao`, `nguoisua`, `nguoitao`, `trangthai`, `timkiem`, `idkhachhang`) VALUES
	(1, NULL, '2023-11-21 04:39:08', NULL, 'dangngocthanh0133', 'ACTIVE', 'áo thun', 1),
	(2, NULL, '2023-11-21 04:39:59', NULL, 'dangngocthanh0133', 'ACTIVE', 'áo khoác', 1),
	(3, NULL, '2023-11-21 04:39:59', NULL, 'dangngocthanh0133', 'ACTIVE', 'quần âu', 1),
	(4, NULL, '2023-11-21 04:40:08', NULL, 'dangngocthanh0133', 'ACTIVE', 'quần bó', 1);

-- Dumping structure for table duantotnghiep.trangthaigiaohang
CREATE TABLE IF NOT EXISTS `trangthaigiaohang` (
  `id` bigint NOT NULL AUTO_INCREMENT,
  `ngaysua` timestamp NULL DEFAULT NULL,
  `ngaytao` timestamp NULL DEFAULT NULL,
  `nguoisua` varchar(255) CHARACTER SET utf8mb4 COLLATE utf8mb4_unicode_ci DEFAULT NULL,
  `nguoitao` varchar(255) CHARACTER SET utf8mb4 COLLATE utf8mb4_unicode_ci DEFAULT NULL,
  `trangthai` varchar(255) CHARACTER SET utf8mb4 COLLATE utf8mb4_unicode_ci DEFAULT 'ACTIVE',
  `tentrangthai` varchar(255) CHARACTER SET utf8mb4 COLLATE utf8mb4_unicode_ci DEFAULT NULL,
  `idgiaohang` bigint DEFAULT NULL,
  `magiaohang` bigint DEFAULT NULL,
  `trangthaihoadon` varchar(255) CHARACTER SET utf8mb4 COLLATE utf8mb4_unicode_ci DEFAULT NULL,
  PRIMARY KEY (`id`),
  KEY `FK5xq4329do0ec9v495gnmyv157` (`idgiaohang`),
  KEY `FKjjhu2d0nug7uqy9qqbaqjqf0a` (`magiaohang`),
  CONSTRAINT `FK5xq4329do0ec9v495gnmyv157` FOREIGN KEY (`idgiaohang`) REFERENCES `hoadon` (`id`),
  CONSTRAINT `FKjjhu2d0nug7uqy9qqbaqjqf0a` FOREIGN KEY (`magiaohang`) REFERENCES `hoadon` (`id`)
) ENGINE=InnoDB AUTO_INCREMENT=7 DEFAULT CHARSET=utf8mb4 COLLATE=utf8mb4_unicode_ci;

-- Dumping data for table duantotnghiep.trangthaigiaohang: ~0 rows (approximately)

-- Dumping structure for table duantotnghiep.vidientu
CREATE TABLE IF NOT EXISTS `vidientu` (
  `id` bigint NOT NULL AUTO_INCREMENT,
  `ngaysua` timestamp NULL DEFAULT NULL,
  `ngaytao` timestamp NULL DEFAULT NULL,
  `nguoisua` varchar(255) DEFAULT NULL,
  `nguoitao` varchar(255) DEFAULT NULL,
  `trangthai` varchar(255) DEFAULT 'ACTIVE',
  `sotien` double DEFAULT NULL,
  `idkhachhang` bigint DEFAULT NULL,
  PRIMARY KEY (`id`),
  KEY `FK67k6ih1yc8wc22q9qxgly084r` (`idkhachhang`),
  CONSTRAINT `FK67k6ih1yc8wc22q9qxgly084r` FOREIGN KEY (`idkhachhang`) REFERENCES `khachhang` (`id`)
) ENGINE=InnoDB AUTO_INCREMENT=8 DEFAULT CHARSET=utf8mb3;

-- Dumping data for table duantotnghiep.vidientu: ~0 rows (approximately)

-- Dumping structure for view duantotnghiep.vw_doanhthunam
-- Creating temporary table to overcome VIEW dependency errors
CREATE TABLE `vw_doanhthunam` (
	`doanhThuOnline` DOUBLE NULL,
	`doanhThuOffline` DOUBLE NULL,
	`tongSoSanPhamDaBan` DECIMAL(54,0) NULL,
	`soLuongKhuyenMaiDaBan` DECIMAL(45,0) NULL
) ENGINE=MyISAM;

-- Dumping structure for view duantotnghiep.vw_doanhthungay
-- Creating temporary table to overcome VIEW dependency errors
CREATE TABLE `vw_doanhthungay` (
	`doanhThuOnline` DOUBLE NULL,
	`doanhThuOffline` DOUBLE NULL,
	`tongSoSanPhamDaBan` DECIMAL(54,0) NULL,
	`soLuongKhuyenMaiDaBan` DECIMAL(45,0) NULL
) ENGINE=MyISAM;

-- Dumping structure for view duantotnghiep.vw_doanhthuthang
-- Creating temporary table to overcome VIEW dependency errors
CREATE TABLE `vw_doanhthuthang` (
	`doanhThuOnline` DOUBLE NULL,
	`doanhThuOffline` DOUBLE NULL,
	`tongSoSanPhamDaBan` DECIMAL(54,0) NULL,
	`soLuongKhuyenMaiDaBan` DECIMAL(45,0) NULL
) ENGINE=MyISAM;

-- Dumping structure for view duantotnghiep.vw_doanhthutuan
-- Creating temporary table to overcome VIEW dependency errors
CREATE TABLE `vw_doanhthutuan` (
	`doanhThuOnline` DOUBLE NULL,
	`doanhThuOffline` DOUBLE NULL,
	`tongSoSanPhamDaBan` DECIMAL(54,0) NULL,
	`soLuongKhuyenMaiDaBan` DECIMAL(45,0) NULL
) ENGINE=MyISAM;

-- Dumping structure for view duantotnghiep.vw_giohangchitiet_summary
-- Creating temporary table to overcome VIEW dependency errors
CREATE TABLE `vw_giohangchitiet_summary` (
	`id` BIGINT(19) NOT NULL,
	`giagoc` DOUBLE NULL,
	`giagiam` DOUBLE NULL,
	`thucte` DOUBLE NULL
) ENGINE=MyISAM;

-- Dumping structure for view duantotnghiep.vw_hoadonchitiet_summary
-- Creating temporary table to overcome VIEW dependency errors
CREATE TABLE `vw_hoadonchitiet_summary` (
	`idhoadon` BIGINT(19) NULL,
	`giagoc` DOUBLE NULL,
	`giagiam` DOUBLE NULL,
	`thucte` DOUBLE NULL,
	`tienship` DOUBLE NULL,
	`tienkhachtra` DOUBLE NULL
) ENGINE=MyISAM;

-- Dumping structure for view duantotnghiep.vw_pricesanpham
-- Creating temporary table to overcome VIEW dependency errors
CREATE TABLE `vw_pricesanpham` (
	`bientheid` BIGINT(19) NOT NULL,
	`sanphamid` BIGINT(19) NOT NULL,
	`gia` DOUBLE NULL,
	`sotiengiam` DOUBLE NULL,
	`khuyenmaiid` BIGINT(19) NULL,
	`thucte` DOUBLE NULL
) ENGINE=MyISAM;

-- Dumping structure for view duantotnghiep.vw_thongkedshoadon
-- Creating temporary table to overcome VIEW dependency errors
CREATE TABLE `vw_thongkedshoadon` (
	`ngay` DATE NULL,
	`tonghoadonbanduoc` BIGINT(19) NOT NULL,
	`tongtienhang` DOUBLE NULL,
	`soluong` DECIMAL(32,0) NULL
) ENGINE=MyISAM;

-- Dumping structure for view duantotnghiep.vw_thongkedssp
-- Creating temporary table to overcome VIEW dependency errors
CREATE TABLE `vw_thongkedssp` (
	`id` BIGINT(19) NOT NULL,
	`ten` VARCHAR(255) NULL COLLATE 'utf8mb4_unicode_ci',
	`ngaydat` DATE NULL,
	`tong` DECIMAL(32,0) NULL
) ENGINE=MyISAM;

-- Dumping structure for table duantotnghiep.xoabienthe
CREATE TABLE IF NOT EXISTS `xoabienthe` (
  `id` bigint NOT NULL AUTO_INCREMENT,
  `ngaysua` timestamp NULL DEFAULT NULL,
  `ngaytao` timestamp NULL DEFAULT NULL,
  `nguoisua` varchar(255) COLLATE utf8mb4_unicode_ci DEFAULT NULL,
  `nguoitao` varchar(255) COLLATE utf8mb4_unicode_ci DEFAULT NULL,
  `trangthai` varchar(255) COLLATE utf8mb4_unicode_ci DEFAULT 'ACTIVE',
  `anh` varchar(255) COLLATE utf8mb4_unicode_ci DEFAULT NULL,
  `giagoc` double DEFAULT NULL,
  `giamua` double DEFAULT NULL,
  `soluong` int DEFAULT NULL,
  `giatribienthe` varchar(255) COLLATE utf8mb4_unicode_ci DEFAULT NULL,
  `ten` varchar(255) COLLATE utf8mb4_unicode_ci DEFAULT NULL,
  `mahoadon` varchar(255) COLLATE utf8mb4_unicode_ci DEFAULT NULL,
  `makhachhang` varchar(255) COLLATE utf8mb4_unicode_ci DEFAULT NULL,
  `url` varchar(255) COLLATE utf8mb4_unicode_ci DEFAULT NULL,
  PRIMARY KEY (`id`)
) ENGINE=InnoDB AUTO_INCREMENT=146 DEFAULT CHARSET=utf8mb4 COLLATE=utf8mb4_unicode_ci;

-- Dumping data for table duantotnghiep.xoabienthe: ~2 rows (approximately)
INSERT INTO `xoabienthe` (`id`, `ngaysua`, `ngaytao`, `nguoisua`, `nguoitao`, `trangthai`, `anh`, `giagoc`, `giamua`, `soluong`, `giatribienthe`, `ten`, `mahoadon`, `makhachhang`, `url`) VALUES
	(144, NULL, '2024-01-06 16:01:19', NULL, 'anonymous', NULL, '1FP7PQ.jpg', 200000, 200000, 1, 'S,Trắng', 'Áo noel', NULL, 'dangngocthanh0133', NULL),
	(145, NULL, '2024-01-06 16:01:19', NULL, 'anonymous', NULL, '1FP7PQ.jpg', 190000, 190000, 1, 'S,Đỏ', 'Áo noel', NULL, 'dangngocthanh0133', NULL);

-- Dumping structure for trigger duantotnghiep.bienthe_saukhi_insert
SET @OLDTMP_SQL_MODE=@@SQL_MODE, SQL_MODE='STRICT_TRANS_TABLES,NO_ZERO_IN_DATE,NO_ZERO_DATE,ERROR_FOR_DIVISION_BY_ZERO,NO_ENGINE_SUBSTITUTION';
DELIMITER //
CREATE TRIGGER `bienthe_saukhi_insert` AFTER INSERT ON `bienthe` FOR EACH ROW BEGIN
	INSERT INTO giatrithuoctinhbienthe (idbienthe, idgiatrithuoctinh) (SELECT 
						bienthe.id AS idbienthe,
						giatrithuoctinh.id AS idgiatrithuoctinh
					FROM bienthe, giatrithuoctinh
					WHERE 
						bienthe.id = NEW.id
						AND giatrithuoctinh.idsanpham = NEW.idsanpham
						AND FIND_IN_SET(giatrithuoctinh.giatri, NEW.ten));
END//
DELIMITER ;
SET SQL_MODE=@OLDTMP_SQL_MODE;

-- Removing temporary table and create final VIEW structure
DROP TABLE IF EXISTS `vw_doanhthunam`;
CREATE ALGORITHM=UNDEFINED SQL SECURITY DEFINER VIEW `vw_doanhthunam` AS select sum(`tbl`.`doanhThuOnline`) AS `doanhThuOnline`,sum(`tbl`.`doanhThuOffline`) AS `doanhThuOffline`,sum(`tbl`.`tongSoSanPhamDaBan`) AS `tongSoSanPhamDaBan`,sum(`tbl`.`soLuongKhuyenMaiDaBan`) AS `soLuongKhuyenMaiDaBan` from (select sum((case when (`hd`.`loai` = 'Online') then `hd`.`tongtienhang` else 0 end)) AS `doanhThuOnline`,sum((case when (`hd`.`loai` = 'Ofline') then `hd`.`tongtienhang` else 0 end)) AS `doanhThuOffline`,`hoadonchitiet_summary`.`tongSoSanPhamDaBan` AS `tongSoSanPhamDaBan`,`hoadonchitiet_summary`.`soLuongKhuyenMaiDaBan` AS `soLuongKhuyenMaiDaBan` from (`hoadon` `hd` join (select sum(`hdct`.`soluong`) AS `tongSoSanPhamDaBan`,sum((case when (`hdct`.`idkhuyenmai` is not null) then 1 else 0 end)) AS `soLuongKhuyenMaiDaBan`,`hdct`.`idhoadon` AS `idhoadon` from `hoadonchitiet` `hdct` group by `hdct`.`idhoadon`) `hoadonchitiet_summary` on((`hd`.`id` = `hoadonchitiet_summary`.`idhoadon`))) where ((year(`hd`.`ngaydat`) = year(curdate())) and (`hd`.`trangthai` <> 'HUYDON') and ((`hd`.`phuongthucthanhtoan` in ('VIDIENTU','CHUYENKHOAN')) or (`hd`.`trangthai` = 'DANHANHANG'))) group by `hoadonchitiet_summary`.`tongSoSanPhamDaBan`,`hoadonchitiet_summary`.`soLuongKhuyenMaiDaBan`) `tbl`;

-- Removing temporary table and create final VIEW structure
DROP TABLE IF EXISTS `vw_doanhthungay`;
CREATE ALGORITHM=UNDEFINED SQL SECURITY DEFINER VIEW `vw_doanhthungay` AS select sum(`tbl`.`doanhThuOnline`) AS `doanhThuOnline`,sum(`tbl`.`doanhThuOffline`) AS `doanhThuOffline`,sum(`tbl`.`tongSoSanPhamDaBan`) AS `tongSoSanPhamDaBan`,sum(`tbl`.`soLuongKhuyenMaiDaBan`) AS `soLuongKhuyenMaiDaBan` from (select sum((case when (`hd`.`loai` = 'Online') then `hd`.`tongtienhang` else 0 end)) AS `doanhThuOnline`,sum((case when (`hd`.`loai` = 'Ofline') then `hd`.`tongtienhang` else 0 end)) AS `doanhThuOffline`,`hoadonchitiet_summary`.`tongSoSanPhamDaBan` AS `tongSoSanPhamDaBan`,`hoadonchitiet_summary`.`soLuongKhuyenMaiDaBan` AS `soLuongKhuyenMaiDaBan` from (`hoadon` `hd` join (select sum(`hdct`.`soluong`) AS `tongSoSanPhamDaBan`,sum((case when (`hdct`.`idkhuyenmai` is not null) then 1 else 0 end)) AS `soLuongKhuyenMaiDaBan`,`hdct`.`idhoadon` AS `idhoadon` from `hoadonchitiet` `hdct` group by `hdct`.`idhoadon`) `hoadonchitiet_summary` on((`hd`.`id` = `hoadonchitiet_summary`.`idhoadon`))) where ((cast(`hd`.`ngaydat` as date) = curdate()) and (`hd`.`trangthai` <> 'HUYDON') and ((`hd`.`phuongthucthanhtoan` in ('VIDIENTU','CHUYENKHOAN')) or (`hd`.`trangthai` = 'DANHANHANG'))) group by `hoadonchitiet_summary`.`tongSoSanPhamDaBan`,`hoadonchitiet_summary`.`soLuongKhuyenMaiDaBan`) `tbl`;

-- Removing temporary table and create final VIEW structure
DROP TABLE IF EXISTS `vw_doanhthuthang`;
CREATE ALGORITHM=UNDEFINED SQL SECURITY DEFINER VIEW `vw_doanhthuthang` AS select sum(`tbl`.`doanhThuOnline`) AS `doanhThuOnline`,sum(`tbl`.`doanhThuOffline`) AS `doanhThuOffline`,sum(`tbl`.`tongSoSanPhamDaBan`) AS `tongSoSanPhamDaBan`,sum(`tbl`.`soLuongKhuyenMaiDaBan`) AS `soLuongKhuyenMaiDaBan` from (select sum((case when (`hd`.`loai` = 'Online') then `hd`.`tongtienhang` else 0 end)) AS `doanhThuOnline`,sum((case when (`hd`.`loai` = 'Ofline') then `hd`.`tongtienhang` else 0 end)) AS `doanhThuOffline`,`hoadonchitiet_summary`.`tongSoSanPhamDaBan` AS `tongSoSanPhamDaBan`,`hoadonchitiet_summary`.`soLuongKhuyenMaiDaBan` AS `soLuongKhuyenMaiDaBan` from (`hoadon` `hd` join (select sum(`hdct`.`soluong`) AS `tongSoSanPhamDaBan`,sum((case when (`hdct`.`idkhuyenmai` is not null) then 1 else 0 end)) AS `soLuongKhuyenMaiDaBan`,`hdct`.`idhoadon` AS `idhoadon` from `hoadonchitiet` `hdct` group by `hdct`.`idhoadon`) `hoadonchitiet_summary` on((`hd`.`id` = `hoadonchitiet_summary`.`idhoadon`))) where ((year(`hd`.`ngaydat`) = year(curdate())) and (month(`hd`.`ngaydat`) = month(curdate())) and (`hd`.`trangthai` <> 'HUYDON') and ((`hd`.`phuongthucthanhtoan` in ('VIDIENTU','CHUYENKHOAN')) or (`hd`.`trangthai` = 'DANHANHANG'))) group by `hoadonchitiet_summary`.`tongSoSanPhamDaBan`,`hoadonchitiet_summary`.`soLuongKhuyenMaiDaBan`) `tbl`;

-- Removing temporary table and create final VIEW structure
DROP TABLE IF EXISTS `vw_doanhthutuan`;
CREATE ALGORITHM=UNDEFINED SQL SECURITY DEFINER VIEW `vw_doanhthutuan` AS select sum(`tbl`.`doanhThuOnline`) AS `doanhThuOnline`,sum(`tbl`.`doanhThuOffline`) AS `doanhThuOffline`,sum(`tbl`.`tongSoSanPhamDaBan`) AS `tongSoSanPhamDaBan`,sum(`tbl`.`soLuongKhuyenMaiDaBan`) AS `soLuongKhuyenMaiDaBan` from (select sum((case when (`hd`.`loai` = 'Online') then `hd`.`tongtienhang` else 0 end)) AS `doanhThuOnline`,sum((case when (`hd`.`loai` = 'Ofline') then `hd`.`tongtienhang` else 0 end)) AS `doanhThuOffline`,`hoadonchitiet_summary`.`tongSoSanPhamDaBan` AS `tongSoSanPhamDaBan`,`hoadonchitiet_summary`.`soLuongKhuyenMaiDaBan` AS `soLuongKhuyenMaiDaBan` from (`hoadon` `hd` join (select sum(`hdct`.`soluong`) AS `tongSoSanPhamDaBan`,sum((case when (`hdct`.`idkhuyenmai` is not null) then 1 else 0 end)) AS `soLuongKhuyenMaiDaBan`,`hdct`.`idhoadon` AS `idhoadon` from `hoadonchitiet` `hdct` group by `hdct`.`idhoadon`) `hoadonchitiet_summary` on((`hd`.`id` = `hoadonchitiet_summary`.`idhoadon`))) where ((yearweek(`hd`.`ngaydat`,0) = yearweek(curdate(),0)) and (year(`hd`.`ngaydat`) = year(curdate())) and (`hd`.`trangthai` <> 'HUYDON') and ((`hd`.`phuongthucthanhtoan` in ('VIDIENTU','CHUYENKHOAN')) or (`hd`.`trangthai` = 'DANHANHANG'))) group by `hoadonchitiet_summary`.`tongSoSanPhamDaBan`,`hoadonchitiet_summary`.`soLuongKhuyenMaiDaBan`) `tbl`;

-- Removing temporary table and create final VIEW structure
DROP TABLE IF EXISTS `vw_giohangchitiet_summary`;
CREATE ALGORITHM=UNDEFINED SQL SECURITY DEFINER VIEW `vw_giohangchitiet_summary` AS select `ghct`.`id` AS `id`,sum((`sp`.`gia` * `ghct`.`soluong`)) AS `giagoc`,sum((`sp`.`sotiengiam` * `ghct`.`soluong`)) AS `giagiam`,sum((`sp`.`thucte` * `ghct`.`soluong`)) AS `thucte` from (`giohangchitiet` `ghct` join (select `vw_pricesanpham`.`bientheid` AS `bientheid`,`vw_pricesanpham`.`sanphamid` AS `sanphamid`,`vw_pricesanpham`.`gia` AS `gia`,`vw_pricesanpham`.`sotiengiam` AS `sotiengiam`,`vw_pricesanpham`.`thucte` AS `thucte` from `vw_pricesanpham`) `sp` on((`sp`.`bientheid` = `ghct`.`idbienthe`))) group by `ghct`.`id`;

-- Removing temporary table and create final VIEW structure
DROP TABLE IF EXISTS `vw_hoadonchitiet_summary`;
CREATE ALGORITHM=UNDEFINED SQL SECURITY DEFINER VIEW `vw_hoadonchitiet_summary` AS select `hd`.`idhoadon` AS `idhoadon`,sum(`hd`.`giagoc`) AS `giagoc`,sum(`hd`.`giagiam`) AS `giagiam`,sum(`hd`.`thucte`) AS `thucte`,`ho`.`tienship` AS `tienship`,(sum(`hd`.`thucte`) + `ho`.`tienship`) AS `tienkhachtra` from ((select `hdct`.`idhoadon` AS `idhoadon`,sum((`sp`.`gia` * `hdct`.`soluong`)) AS `giagoc`,ifnull(sum((`sp`.`sotiengiam` * `hdct`.`soluong`)),0) AS `giagiam`,sum((`sp`.`thucte` * `hdct`.`soluong`)) AS `thucte` from (`hoadonchitiet` `hdct` join `vw_pricesanpham` `sp` on((`sp`.`bientheid` = `hdct`.`idbienthe`))) group by `hdct`.`idhoadon`) `hd` left join `hoadon` `ho` on((`hd`.`idhoadon` = `ho`.`id`))) group by `hd`.`idhoadon`;

-- Removing temporary table and create final VIEW structure
DROP TABLE IF EXISTS `vw_pricesanpham`;
CREATE ALGORITHM=UNDEFINED SQL SECURITY DEFINER VIEW `vw_pricesanpham` AS select `outer_query`.`bientheid` AS `bientheid`,`outer_query`.`sanphamid` AS `sanphamid`,`outer_query`.`gia` AS `gia`,`outer_query`.`sotiengiam` AS `sotiengiam`,`outer_query`.`khuyenmaiid` AS `khuyenmaiid`,(case when (`outer_query`.`sotiengiam` is null) then `outer_query`.`gia` else (`outer_query`.`gia` - `outer_query`.`sotiengiam`) end) AS `thucte` from (select `inner_query`.`bientheid` AS `bientheid`,`inner_query`.`sanphamid` AS `sanphamid`,`inner_query`.`gia` AS `gia`,(case when (`inner_query`.`khuyenmaiid` is null) then NULL when (`inner_query`.`loai` = 1) then (`inner_query`.`gia` * (`inner_query`.`giatri` / 100)) else (`inner_query`.`gia` - (`inner_query`.`gia` - `inner_query`.`giatri`)) end) AS `sotiengiam`,`inner_query`.`khuyenmaiid` AS `khuyenmaiid` from (select `bt`.`id` AS `bientheid`,`sp`.`id` AS `sanphamid`,(case when (`bt`.`gia` is null) then `sp`.`gia` else `bt`.`gia` end) AS `gia`,`km`.`id` AS `khuyenmaiid`,`km`.`giatri` AS `giatri`,`km`.`loai` AS `loai` from (((`bienthe` `bt` join `sanpham` `sp` on((`sp`.`id` = `bt`.`idsanpham`))) left join `khuyenmaisanpham` `kmsp` on((`kmsp`.`idsanpham` = `sp`.`id`))) left join `khuyenmai` `km` on(((`km`.`id` = `kmsp`.`idkhuyenmai`) and (`km`.`ngaybatdau` <= curdate()) and (`km`.`ngayketthuc` >= curdate()))))) `inner_query`) `outer_query`;

-- Removing temporary table and create final VIEW structure
DROP TABLE IF EXISTS `vw_thongkedshoadon`;
CREATE ALGORITHM=UNDEFINED SQL SECURITY DEFINER VIEW `vw_thongkedshoadon` AS select cast(`hd`.`ngaythanhtoan` as date) AS `ngay`,count(`hd`.`id`) AS `tonghoadonbanduoc`,sum(`hd`.`tongtienhang`) AS `tongtienhang`,sum(`hdct`.`soluong`) AS `soluong` from (`hoadon` `hd` join `hoadonchitiet` `hdct` on((`hd`.`id` = `hdct`.`idhoadon`))) where ((`hd`.`trangthai` <> 'HUYDON') and ((`hd`.`phuongthucthanhtoan` in ('VIDIENTU','CHUYENKHOAN')) or (`hd`.`trangthai` = 'DANHANHANG'))) group by `ngay` order by `ngay` desc;

-- Removing temporary table and create final VIEW structure
DROP TABLE IF EXISTS `vw_thongkedssp`;
CREATE ALGORITHM=UNDEFINED SQL SECURITY DEFINER VIEW `vw_thongkedssp` AS select `sp`.`id` AS `id`,`sp`.`ten` AS `ten`,cast(`hd`.`ngaydat` as date) AS `ngaydat`,sum(`hdct`.`soluong`) AS `tong` from ((((`hoadonchitiet` `hdct` join `bienthe` `bt` on((`hdct`.`idbienthe` = `bt`.`id`))) join `sanpham` `sp` on((`sp`.`id` = `bt`.`idsanpham`))) join `hoadon` `hd` on((`hd`.`id` = `hdct`.`idhoadon`))) join (select count(`hdct`.`soluong`) AS `tongsospban`,`sp`.`id` AS `idsp` from (((`hoadonchitiet` `hdct` join `bienthe` `bt` on((`hdct`.`idbienthe` = `bt`.`id`))) join `sanpham` `sp` on((`sp`.`id` = `bt`.`idsanpham`))) join `hoadon` `hd` on((`hd`.`id` = `hdct`.`idhoadon`))) group by `sp`.`id` order by `tongsospban` desc limit 5) `spbannhieunhat` on((`sp`.`id` = `spbannhieunhat`.`idsp`))) group by `sp`.`id`,`sp`.`ten`,cast(`hd`.`ngaydat` as date) order by cast(`hd`.`ngaydat` as date);

/*!40103 SET TIME_ZONE=IFNULL(@OLD_TIME_ZONE, 'system') */;
/*!40101 SET SQL_MODE=IFNULL(@OLD_SQL_MODE, '') */;
/*!40014 SET FOREIGN_KEY_CHECKS=IFNULL(@OLD_FOREIGN_KEY_CHECKS, 1) */;
/*!40101 SET CHARACTER_SET_CLIENT=@OLD_CHARACTER_SET_CLIENT */;
/*!40111 SET SQL_NOTES=IFNULL(@OLD_SQL_NOTES, 1) */;
