-- --------------------------------------------------------
-- Host:                         127.0.0.1
-- Server version:               8.0.35 - MySQL Community Server - GPL
-- Server OS:                    Win64
-- HeidiSQL Version:             12.6.0.6765
-- --------------------------------------------------------

/*!40101 SET @OLD_CHARACTER_SET_CLIENT=@@CHARACTER_SET_CLIENT */;
/*!40101 SET NAMES utf8 */;
/*!50503 SET NAMES utf8mb4 */;
/*!40103 SET @OLD_TIME_ZONE=@@TIME_ZONE */;
/*!40103 SET TIME_ZONE='+00:00' */;
/*!40014 SET @OLD_FOREIGN_KEY_CHECKS=@@FOREIGN_KEY_CHECKS, FOREIGN_KEY_CHECKS=0 */;
/*!40101 SET @OLD_SQL_MODE=@@SQL_MODE, SQL_MODE='NO_AUTO_VALUE_ON_ZERO' */;
/*!40111 SET @OLD_SQL_NOTES=@@SQL_NOTES, SQL_NOTES=0 */;


-- Dumping database structure for duantotnghiep
CREATE DATABASE IF NOT EXISTS `duantotnghiep` /*!40100 DEFAULT CHARACTER SET utf8mb4 COLLATE utf8mb4_unicode_ci */ /*!80016 DEFAULT ENCRYPTION='N' */;
USE `duantotnghiep`;

-- Dumping structure for table duantotnghiep.anhsanpham
CREATE TABLE IF NOT EXISTS `anhsanpham` (
  `id` bigint NOT NULL AUTO_INCREMENT,
  `ngaysua` timestamp NULL DEFAULT NULL,
  `ngaytao` timestamp NULL DEFAULT NULL,
  `nguoisua` varchar(255) DEFAULT NULL,
  `nguoitao` varchar(255) DEFAULT NULL,
  `trangthai` varchar(255) DEFAULT 'ACTIVE',
  `hinhanh` varchar(255) DEFAULT NULL,
  `idsanpham` bigint DEFAULT NULL,
  PRIMARY KEY (`id`),
  KEY `FKl2yrbw1jmokavcq0mcl2215j3` (`idsanpham`),
  CONSTRAINT `FKl2yrbw1jmokavcq0mcl2215j3` FOREIGN KEY (`idsanpham`) REFERENCES `sanpham` (`id`)
) ENGINE=InnoDB AUTO_INCREMENT=195 DEFAULT CHARSET=utf8mb3;

-- Dumping data for table duantotnghiep.anhsanpham: ~177 rows (approximately)
INSERT INTO `anhsanpham` (`id`, `ngaysua`, `ngaytao`, `nguoisua`, `nguoitao`, `trangthai`, `hinhanh`, `idsanpham`) VALUES
	(1, NULL, '2023-11-22 16:26:02', NULL, 'admin9193', 'ACTIVE', 'TBpuvQ.jpg', 1),
	(2, NULL, '2023-11-22 16:26:02', NULL, 'admin9193', 'ACTIVE', 'hCuy1c.jpg', 1),
	(3, NULL, '2023-11-22 16:26:02', NULL, 'admin9193', 'ACTIVE', 'DuM6xt.jpg', 1),
	(4, NULL, '2023-11-22 16:26:02', NULL, 'admin9193', 'ACTIVE', 'AL49cu.jpg', 1),
	(5, NULL, '2023-11-22 16:26:03', NULL, 'admin9193', 'ACTIVE', 'PrSCiL.jpg', 1),
	(6, NULL, '2023-11-22 16:26:04', NULL, 'admin9193', 'ACTIVE', 'jrrNFi.jpg', 1),
	(7, NULL, '2023-11-22 16:30:53', NULL, 'admin9193', 'ACTIVE', 'v9zdxP.jpg', 2),
	(8, NULL, '2023-11-22 16:30:53', NULL, 'admin9193', 'ACTIVE', 'cBbfyB.jpg', 2),
	(9, NULL, '2023-11-22 16:34:35', NULL, 'admin9193', 'ACTIVE', 'yhWYZs.jpg', 3),
	(10, NULL, '2023-11-27 02:22:00', NULL, 'admin9193', 'ACTIVE', 'U46jBA.jpg', 5),
	(11, NULL, '2023-11-27 02:22:01', NULL, 'admin9193', 'ACTIVE', 'sYhGqW.jpg', 5),
	(12, NULL, '2023-11-27 02:22:02', NULL, 'admin9193', 'ACTIVE', 'DOl52o.jpg', 5),
	(13, NULL, '2023-11-27 02:22:06', NULL, 'admin9193', 'ACTIVE', 'l92XG2.jpg', 5),
	(14, NULL, '2023-11-27 02:22:06', NULL, 'admin9193', 'ACTIVE', 'uroRYO.jpg', 5),
	(15, NULL, '2023-11-27 02:22:06', NULL, 'admin9193', 'ACTIVE', 'hpVTxM.jpg', 5),
	(16, NULL, '2023-11-27 02:22:06', NULL, 'admin9193', 'ACTIVE', 'mQNIOC.jpg', 5),
	(17, NULL, '2023-11-27 02:39:52', NULL, 'admin9193', 'ACTIVE', 'ip5I39.jpg', 7),
	(18, NULL, '2023-11-27 02:39:53', NULL, 'admin9193', 'ACTIVE', 'SjTivi.jpg', 7),
	(19, NULL, '2023-11-27 02:39:53', NULL, 'admin9193', 'ACTIVE', 'pzkpct.jpg', 7),
	(20, NULL, '2023-11-27 02:39:53', NULL, 'admin9193', 'ACTIVE', '4SmTyN.jpg', 7),
	(21, NULL, '2023-11-27 02:39:53', NULL, 'admin9193', 'ACTIVE', 'RCvnAR.jpg', 7),
	(22, NULL, '2023-11-27 02:43:46', NULL, 'admin9193', 'ACTIVE', 'FM5GCd.jpg', 8),
	(23, NULL, '2023-11-27 02:43:46', NULL, 'admin9193', 'ACTIVE', '9RRyJv.jpg', 8),
	(24, NULL, '2023-11-27 02:43:46', NULL, 'admin9193', 'ACTIVE', 'x6F7PO.jpg', 8),
	(25, NULL, '2023-11-27 02:43:46', NULL, 'admin9193', 'ACTIVE', '6r6Bxo.jpg', 8),
	(26, NULL, '2023-11-27 02:46:17', NULL, 'admin9193', 'ACTIVE', 'FWNrxX.jpg', 9),
	(27, NULL, '2023-11-27 02:46:17', NULL, 'admin9193', 'ACTIVE', 'ophxa5.jpg', 9),
	(28, NULL, '2023-11-27 02:46:17', NULL, 'admin9193', 'ACTIVE', 'oxjvWV.jpg', 9),
	(29, NULL, '2023-11-27 02:48:58', NULL, 'admin9193', 'ACTIVE', 'csdSj8.jpg', 10),
	(30, NULL, '2023-11-27 02:48:58', NULL, 'admin9193', 'ACTIVE', 'cm8ljf.jpg', 10),
	(31, NULL, '2023-11-27 02:48:58', NULL, 'admin9193', 'ACTIVE', 'FPiM4F.jpg', 10),
	(32, NULL, '2023-11-27 02:48:58', NULL, 'admin9193', 'ACTIVE', 'i4mTHm.jpg', 10),
	(33, NULL, '2023-11-27 02:48:58', NULL, 'admin9193', 'ACTIVE', 'ycg5P2.jpg', 10),
	(34, NULL, '2023-11-27 02:53:09', NULL, 'admin9193', 'ACTIVE', 'uI6kAj.jpg', 11),
	(35, NULL, '2023-11-27 02:53:09', NULL, 'admin9193', 'ACTIVE', 'b2LLFO.jpg', 11),
	(36, NULL, '2023-11-27 02:53:09', NULL, 'admin9193', 'ACTIVE', 'oX72hg.jpg', 11),
	(37, NULL, '2023-11-27 02:53:09', NULL, 'admin9193', 'ACTIVE', 'cd7KVX.jpg', 11),
	(38, NULL, '2023-11-27 02:53:09', NULL, 'admin9193', 'ACTIVE', 'W4x7fM.jpg', 11),
	(39, NULL, '2023-11-27 02:53:09', NULL, 'admin9193', 'ACTIVE', 'FSFhCo.jpg', 11),
	(40, NULL, '2023-11-27 02:56:20', NULL, 'admin9193', 'ACTIVE', 'TMd7lV.jpg', 12),
	(41, NULL, '2023-11-27 02:56:20', NULL, 'admin9193', 'ACTIVE', 'JQPutc.jpg', 12),
	(42, NULL, '2023-11-27 02:56:20', NULL, 'admin9193', 'ACTIVE', 'ihTckW.jpg', 12),
	(43, NULL, '2023-11-27 02:56:20', NULL, 'admin9193', 'ACTIVE', 'HT85Ez.jpg', 12),
	(48, NULL, '2023-11-27 03:00:35', NULL, 'admin9193', 'ACTIVE', 'vUVVgV.jpg', 14),
	(49, NULL, '2023-11-27 03:00:35', NULL, 'admin9193', 'ACTIVE', 'vPZ6Sa.jpg', 14),
	(50, NULL, '2023-11-27 03:00:35', NULL, 'admin9193', 'ACTIVE', 'vDKK7L.jpg', 14),
	(51, NULL, '2023-11-27 03:00:35', NULL, 'admin9193', 'ACTIVE', '7s7eme.jpg', 14),
	(52, NULL, '2023-11-27 03:00:35', NULL, 'admin9193', 'ACTIVE', 'meBYJW.jpg', 14),
	(53, NULL, '2023-11-27 03:00:35', NULL, 'admin9193', 'ACTIVE', '5gZVdq.jpg', 14),
	(54, NULL, '2023-11-27 03:00:35', NULL, 'admin9193', 'ACTIVE', 'lQiHsi.jpg', 14),
	(64, NULL, '2023-11-27 03:03:37', NULL, 'admin9193', 'ACTIVE', 'n1TBoD.jpg', 18),
	(65, NULL, '2023-11-27 03:03:37', NULL, 'admin9193', 'ACTIVE', 'IBr0v1.jpg', 18),
	(66, NULL, '2023-11-27 03:03:37', NULL, 'admin9193', 'ACTIVE', 'Q49i7t.jpg', 18),
	(67, NULL, '2023-11-27 03:03:37', NULL, 'admin9193', 'ACTIVE', 'u9TqOO.jpg', 18),
	(68, NULL, '2023-11-27 03:03:37', NULL, 'admin9193', 'ACTIVE', 'DjrOcD.jpg', 18),
	(69, NULL, '2023-11-27 03:06:11', NULL, 'admin9193', 'ACTIVE', 'LxCoV2.jpg', 19),
	(70, NULL, '2023-11-27 03:06:11', NULL, 'admin9193', 'ACTIVE', 'WxN7l1.jpg', 19),
	(71, NULL, '2023-11-27 03:06:11', NULL, 'admin9193', 'ACTIVE', 'lVnaqp.jpg', 19),
	(72, NULL, '2023-11-27 03:06:11', NULL, 'admin9193', 'ACTIVE', 'KrremL.jpg', 19),
	(73, NULL, '2023-11-27 03:06:11', NULL, 'admin9193', 'ACTIVE', 'pAs5se.jpg', 19),
	(74, NULL, '2023-11-27 03:06:11', NULL, 'admin9193', 'ACTIVE', '5fcPg7.jpg', 19),
	(79, NULL, '2023-11-27 03:16:46', NULL, 'admin9193', 'ACTIVE', 'dpBMPp.jpg', 22),
	(80, NULL, '2023-11-27 03:16:46', NULL, 'admin9193', 'ACTIVE', '2KWt6x.jpg', 22),
	(81, NULL, '2023-11-27 03:16:46', NULL, 'admin9193', 'ACTIVE', 'SFNcEp.jpg', 22),
	(82, NULL, '2023-11-27 03:16:46', NULL, 'admin9193', 'ACTIVE', 'gBeeje.jpg', 22),
	(83, NULL, '2023-11-27 03:16:46', NULL, 'admin9193', 'ACTIVE', 'MXjCuc.jpg', 22),
	(84, NULL, '2023-11-27 03:16:46', NULL, 'admin9193', 'ACTIVE', 'Agig87.jpg', 22),
	(85, NULL, '2023-11-27 03:16:46', NULL, 'admin9193', 'ACTIVE', 'dxcYK1.jpg', 22),
	(86, NULL, '2023-11-27 03:16:46', NULL, 'admin9193', 'ACTIVE', 'EmU376.jpg', 22),
	(87, NULL, '2023-11-27 03:20:51', NULL, 'admin9193', 'ACTIVE', 'e8831p.jpg', 23),
	(88, NULL, '2023-11-27 03:20:51', NULL, 'admin9193', 'ACTIVE', 'A6faO2.jpg', 23),
	(89, NULL, '2023-11-27 03:20:51', NULL, 'admin9193', 'ACTIVE', 'YZcXMk.jpg', 23),
	(90, NULL, '2023-11-27 03:20:51', NULL, 'admin9193', 'ACTIVE', '7BEBAD.jpg', 23),
	(91, NULL, '2023-11-27 03:20:51', NULL, 'admin9193', 'ACTIVE', 'IZnU21.jpg', 23),
	(92, NULL, '2023-11-27 03:20:51', NULL, 'admin9193', 'ACTIVE', '0PQldf.jpg', 23),
	(93, NULL, '2023-11-27 03:20:51', NULL, 'admin9193', 'ACTIVE', 'B4S4VY.jpg', 23),
	(94, NULL, '2023-11-27 03:25:03', NULL, 'admin9193', 'ACTIVE', 'zsMhnX.jpg', 24),
	(95, NULL, '2023-11-27 03:25:03', NULL, 'admin9193', 'ACTIVE', 'MlsycO.jpg', 24),
	(96, NULL, '2023-11-27 03:25:03', NULL, 'admin9193', 'ACTIVE', 'LWWcLv.jpg', 24),
	(97, NULL, '2023-11-27 03:25:03', NULL, 'admin9193', 'ACTIVE', 'cGhYcg.jpg', 24),
	(98, NULL, '2023-11-27 03:25:03', NULL, 'admin9193', 'ACTIVE', '0sECSg.jpg', 24),
	(99, NULL, '2023-11-27 03:25:03', NULL, 'admin9193', 'ACTIVE', 'rdDDQU.jpg', 24),
	(100, NULL, '2023-11-27 03:25:03', NULL, 'admin9193', 'ACTIVE', 'gICuWg.jpg', 24),
	(101, NULL, '2023-11-27 03:29:29', NULL, 'admin9193', 'ACTIVE', 'OaURFy.jpg', 25),
	(102, NULL, '2023-11-27 03:29:29', NULL, 'admin9193', 'ACTIVE', 'Mh241Q.jpg', 25),
	(103, NULL, '2023-11-27 03:29:29', NULL, 'admin9193', 'ACTIVE', 'MTQ0ap.jpg', 25),
	(104, NULL, '2023-11-27 03:29:29', NULL, 'admin9193', 'ACTIVE', 'cJHtPH.jpg', 25),
	(105, NULL, '2023-11-27 03:29:29', NULL, 'admin9193', 'ACTIVE', 'h8BW6o.jpg', 25),
	(106, NULL, '2023-11-27 03:29:29', NULL, 'admin9193', 'ACTIVE', 'gpOUel.jpg', 25),
	(107, NULL, '2023-11-27 03:36:20', NULL, 'admin9193', 'ACTIVE', '2EMmJL.jpg', 26),
	(108, NULL, '2023-11-27 03:36:20', NULL, 'admin9193', 'ACTIVE', '0aYoUR.jpg', 26),
	(109, NULL, '2023-11-27 03:36:20', NULL, 'admin9193', 'ACTIVE', 'uSzSzd.jpg', 26),
	(110, NULL, '2023-11-27 03:36:20', NULL, 'admin9193', 'ACTIVE', '8Jy9S2.jpg', 26),
	(111, NULL, '2023-11-27 03:36:20', NULL, 'admin9193', 'ACTIVE', 'dMujyb.jpg', 26),
	(112, NULL, '2023-11-27 03:36:20', NULL, 'admin9193', 'ACTIVE', '8LeWen.jpg', 26),
	(113, NULL, '2023-11-27 03:36:20', NULL, 'admin9193', 'ACTIVE', 'AYGmIJ.jpg', 26),
	(114, NULL, '2023-11-27 03:36:20', NULL, 'admin9193', 'ACTIVE', 'fhOJeO.jpg', 26),
	(115, NULL, '2023-11-27 03:36:20', NULL, 'admin9193', 'ACTIVE', 'XP9QRH.jpg', 26),
	(116, NULL, '2023-11-27 03:36:20', NULL, 'admin9193', 'ACTIVE', 'F4RiKD.jpg', 26),
	(117, NULL, '2023-11-27 03:36:20', NULL, 'admin9193', 'ACTIVE', 'ofgi0L.jpg', 26),
	(118, NULL, '2023-11-27 03:36:20', NULL, 'admin9193', 'ACTIVE', 'CcjjZF.jpg', 26),
	(119, NULL, '2023-11-27 03:36:20', NULL, 'admin9193', 'ACTIVE', 'roRFHP.jpg', 26),
	(120, NULL, '2023-11-27 03:36:20', NULL, 'admin9193', 'ACTIVE', 'MTsxTs.jpg', 26),
	(121, NULL, '2023-11-27 03:40:53', NULL, 'admin9193', 'ACTIVE', 'CfPLqs.jpg', 27),
	(122, NULL, '2023-11-27 03:40:53', NULL, 'admin9193', 'ACTIVE', 'NcjlTD.jpg', 27),
	(123, NULL, '2023-11-27 03:40:53', NULL, 'admin9193', 'ACTIVE', 'v8BWDf.jpg', 27),
	(124, NULL, '2023-11-27 03:40:53', NULL, 'admin9193', 'ACTIVE', 'Cqi7J9.jpg', 27),
	(125, NULL, '2023-11-27 03:40:54', NULL, 'admin9193', 'ACTIVE', 'Qu5Dfr.jpg', 27),
	(126, NULL, '2023-11-27 03:40:54', NULL, 'admin9193', 'ACTIVE', 'V8cEZ9.jpg', 27),
	(127, NULL, '2023-11-27 03:40:54', NULL, 'admin9193', 'ACTIVE', 'EH2Ipn.jpg', 27),
	(128, NULL, '2023-11-27 03:40:54', NULL, 'admin9193', 'ACTIVE', 'kneBzi.jpg', 27),
	(129, NULL, '2023-11-27 03:40:54', NULL, 'admin9193', 'ACTIVE', 'j6AV1M.jpg', 27),
	(130, NULL, '2023-11-27 03:40:54', NULL, 'admin9193', 'ACTIVE', 'rYDsmj.jpg', 27),
	(131, NULL, '2023-11-27 03:40:54', NULL, 'admin9193', 'ACTIVE', '7L2jsK.jpg', 27),
	(132, NULL, '2023-11-27 15:27:15', NULL, 'admin9193', 'ACTIVE', 'X5uN3z.jpg', 28),
	(133, NULL, '2023-11-27 15:27:15', NULL, 'admin9193', 'ACTIVE', 'e5Av7L.jpg', 28),
	(134, NULL, '2023-11-27 15:27:17', NULL, 'admin9193', 'ACTIVE', 'n3Ruv5.jpg', 28),
	(135, NULL, '2023-11-27 15:27:17', NULL, 'admin9193', 'ACTIVE', 'IQznid.jpg', 28),
	(136, NULL, '2023-11-27 15:27:17', NULL, 'admin9193', 'ACTIVE', 'a5oLH5.jpg', 28),
	(137, NULL, '2023-11-27 15:27:17', NULL, 'admin9193', 'ACTIVE', 'LroLXy.jpg', 28),
	(138, NULL, '2023-11-27 15:27:17', NULL, 'admin9193', 'ACTIVE', 'EnDNcr.jpg', 28),
	(139, NULL, '2023-11-27 15:39:14', NULL, 'admin9193', 'ACTIVE', 'VGpvOl.jpg', 29),
	(140, NULL, '2023-11-27 15:39:14', NULL, 'admin9193', 'ACTIVE', 'f9OGFD.jpg', 29),
	(141, NULL, '2023-11-27 15:39:14', NULL, 'admin9193', 'ACTIVE', 'NF6lF0.jpg', 29),
	(142, NULL, '2023-11-27 15:39:14', NULL, 'admin9193', 'ACTIVE', '9Lz8Xt.jpg', 29),
	(143, NULL, '2023-11-27 15:39:14', NULL, 'admin9193', 'ACTIVE', 'rHEdhF.jpg', 29),
	(144, NULL, '2023-11-27 15:42:19', NULL, 'admin9193', 'ACTIVE', '7YSCvY.jpg', 30),
	(145, NULL, '2023-11-27 15:42:19', NULL, 'admin9193', 'ACTIVE', 'JrZTEg.jpg', 30),
	(146, NULL, '2023-11-27 15:42:19', NULL, 'admin9193', 'ACTIVE', 'QuZsDu.jpg', 30),
	(147, NULL, '2023-11-27 15:42:19', NULL, 'admin9193', 'ACTIVE', 'J4idhU.jpg', 30),
	(148, NULL, '2023-11-27 15:42:19', NULL, 'admin9193', 'ACTIVE', 'S5N2qF.jpg', 30),
	(149, NULL, '2023-11-27 15:42:19', NULL, 'admin9193', 'ACTIVE', 'zdtBq0.jpg', 30),
	(150, NULL, '2023-11-27 15:44:42', NULL, 'admin9193', 'ACTIVE', 'dCZtlT.jpg', 31),
	(151, NULL, '2023-11-27 15:44:42', NULL, 'admin9193', 'ACTIVE', 'xNXTT5.jpg', 31),
	(152, NULL, '2023-11-27 15:44:42', NULL, 'admin9193', 'ACTIVE', 'WHJ9Wq.jpg', 31),
	(153, NULL, '2023-11-27 15:44:42', NULL, 'admin9193', 'ACTIVE', '9xfOOF.jpg', 31),
	(154, NULL, '2023-11-27 15:47:45', NULL, 'admin9193', 'ACTIVE', 'hpW0Tz.jpg', 32),
	(155, NULL, '2023-11-27 15:47:45', NULL, 'admin9193', 'ACTIVE', 'xfTHTO.jpg', 32),
	(156, NULL, '2023-11-27 15:47:45', NULL, 'admin9193', 'ACTIVE', 'nJ8fjr.jpg', 32),
	(157, NULL, '2023-11-27 15:47:45', NULL, 'admin9193', 'ACTIVE', 'xlYvAU.jpg', 32),
	(158, NULL, '2023-11-27 15:55:39', NULL, 'admin9193', 'ACTIVE', 'dBsDAL.jpg', 33),
	(159, NULL, '2023-11-27 15:55:39', NULL, 'admin9193', 'ACTIVE', 's9L1EA.jpg', 33),
	(160, NULL, '2023-11-27 16:02:20', NULL, 'admin9193', 'ACTIVE', '9E2Doz.jpg', 34),
	(161, NULL, '2023-11-27 16:02:20', NULL, 'admin9193', 'ACTIVE', 'WffmaK.jpg', 34),
	(162, NULL, '2023-11-27 16:02:20', NULL, 'admin9193', 'ACTIVE', 'rY3INa.jpg', 34),
	(163, NULL, '2023-11-27 16:02:20', NULL, 'admin9193', 'ACTIVE', 'QRBefx.jpg', 34),
	(164, NULL, '2023-11-27 16:07:29', NULL, 'admin9193', 'ACTIVE', 'fM9IuO.jpg', 35),
	(165, NULL, '2023-11-27 16:07:29', NULL, 'admin9193', 'ACTIVE', 'J0DSJz.jpg', 35),
	(166, NULL, '2023-11-27 16:07:29', NULL, 'admin9193', 'ACTIVE', '0qu6GE.jpg', 35),
	(167, NULL, '2023-11-27 16:07:29', NULL, 'admin9193', 'ACTIVE', '3IPzsz.jpg', 35),
	(168, NULL, '2023-11-27 16:11:30', NULL, 'admin9193', 'ACTIVE', 'x6geKz.jpg', 36),
	(169, NULL, '2023-11-27 16:11:30', NULL, 'admin9193', 'ACTIVE', 'Bf5IEM.jpg', 36),
	(170, NULL, '2023-11-27 16:11:30', NULL, 'admin9193', 'ACTIVE', 'XUHmHC.jpg', 36),
	(171, NULL, '2023-11-27 16:11:30', NULL, 'admin9193', 'ACTIVE', 'UbKQrH.jpg', 36),
	(172, NULL, '2023-11-27 16:11:30', NULL, 'admin9193', 'ACTIVE', 'YGsMrj.jpg', 36),
	(173, NULL, '2023-11-27 16:18:34', NULL, 'admin9193', 'ACTIVE', 'O5AJV9.jpg', 37),
	(174, NULL, '2023-11-27 16:18:34', NULL, 'admin9193', 'ACTIVE', 'WgaEVZ.jpg', 37),
	(175, NULL, '2023-11-27 16:18:34', NULL, 'admin9193', 'ACTIVE', 'PbILh2.jpg', 37),
	(176, NULL, '2023-11-27 16:24:18', NULL, 'admin9193', 'ACTIVE', 'VsPFmY.jpg', 38),
	(177, NULL, '2023-11-27 16:24:18', NULL, 'admin9193', 'ACTIVE', 'oRq9yK.jpg', 38),
	(178, NULL, '2023-11-27 16:24:18', NULL, 'admin9193', 'ACTIVE', 'AT5UCS.jpg', 38),
	(179, NULL, '2023-11-27 16:24:18', NULL, 'admin9193', 'ACTIVE', '6Tuepb.jpg', 38),
	(180, NULL, '2023-11-27 16:29:03', NULL, 'admin9193', 'ACTIVE', '6TyyOi.jpg', 39),
	(181, NULL, '2023-11-27 16:29:04', NULL, 'admin9193', 'ACTIVE', 'mBqv2j.jpg', 39),
	(182, NULL, '2023-11-27 16:29:04', NULL, 'admin9193', 'ACTIVE', 'esLARM.jpg', 39),
	(183, NULL, '2023-11-27 16:34:34', NULL, 'admin9193', 'ACTIVE', 'aGInKg.jpg', 40),
	(184, NULL, '2023-11-27 16:34:34', NULL, 'admin9193', 'ACTIVE', 'vYiyv9.jpg', 40),
	(185, NULL, '2023-11-27 16:34:34', NULL, 'admin9193', 'ACTIVE', 'aauo4r.jpg', 40),
	(186, NULL, '2023-11-27 16:40:53', NULL, 'admin9193', 'ACTIVE', 'qYAytq.jpg', 41),
	(187, NULL, '2023-11-27 16:40:53', NULL, 'admin9193', 'ACTIVE', 'IrxMV7.jpg', 41),
	(188, NULL, '2023-11-27 16:40:54', NULL, 'admin9193', 'ACTIVE', 'ADGxfb.jpg', 41),
	(189, NULL, '2023-11-27 16:40:54', NULL, 'admin9193', 'ACTIVE', 'VstsxP.jpg', 41),
	(190, NULL, '2023-11-27 16:48:18', NULL, 'admin9193', 'ACTIVE', 'xajp6S.jpg', 42),
	(191, NULL, '2023-11-27 16:48:18', NULL, 'admin9193', 'ACTIVE', 'xf5leQ.jpg', 42),
	(192, NULL, '2023-11-27 16:48:18', NULL, 'admin9193', 'ACTIVE', 'VWqTz7.jpg', 42),
	(193, NULL, '2023-11-27 16:48:19', NULL, 'admin9193', 'ACTIVE', 'BBgWxe.jpg', 42),
	(194, NULL, '2023-12-03 10:21:38', NULL, 'admin9193', 'ACTIVE', 'vItfsB.jpg', 43);

-- Dumping structure for table duantotnghiep.bienthe
CREATE TABLE IF NOT EXISTS `bienthe` (
  `id` bigint NOT NULL AUTO_INCREMENT,
  `ngaysua` timestamp NULL DEFAULT NULL,
  `ngaytao` timestamp NULL DEFAULT NULL,
  `nguoisua` varchar(255) DEFAULT NULL,
  `nguoitao` varchar(255) DEFAULT NULL,
  `trangthai` varchar(255) DEFAULT 'ACTIVE',
  `gia` double DEFAULT NULL,
  `hinhanh` varchar(255) DEFAULT NULL,
  `ma` varchar(255) DEFAULT NULL,
  `soluong` int DEFAULT NULL,
  `ten` varchar(255) DEFAULT NULL,
  `idsanpham` bigint DEFAULT NULL,
  PRIMARY KEY (`id`),
  UNIQUE KEY `UK_1i0avoe2xfvbl86pcd6fltolm` (`ma`),
  KEY `FK5wqyagvu9na935be2xsh2a9xv` (`idsanpham`),
  CONSTRAINT `FK5wqyagvu9na935be2xsh2a9xv` FOREIGN KEY (`idsanpham`) REFERENCES `sanpham` (`id`)
) ENGINE=InnoDB AUTO_INCREMENT=240 DEFAULT CHARSET=utf8mb3;

-- Dumping data for table duantotnghiep.bienthe: ~232 rows (approximately)
INSERT INTO `bienthe` (`id`, `ngaysua`, `ngaytao`, `nguoisua`, `nguoitao`, `trangthai`, `gia`, `hinhanh`, `ma`, `soluong`, `ten`, `idsanpham`) VALUES
	(1, NULL, '2023-11-22 16:26:03', NULL, 'admin9193', 'ACTIVE', NULL, 'PrSCiL.jpg', 'SLG3RP0y', NULL, 'Trắng,M', 1),
	(2, NULL, '2023-11-22 16:26:03', NULL, 'admin9193', 'ACTIVE', NULL, NULL, 'Ilbl9LXU', NULL, 'Trắng,L', 1),
	(3, NULL, '2023-11-22 16:26:04', NULL, 'admin9193', 'ACTIVE', NULL, NULL, 'IYvcotTc', NULL, 'Trắng,XL', 1),
	(4, NULL, '2023-11-22 16:26:04', NULL, 'admin9193', 'ACTIVE', NULL, NULL, 'cJ0mSx6a', NULL, 'Trắng,XXL', 1),
	(5, NULL, '2023-11-22 16:26:04', NULL, 'admin9193', 'ACTIVE', NULL, 'jrrNFi.jpg', 'R1Mm3yT8', NULL, 'Đen,M', 1),
	(6, NULL, '2023-11-22 16:26:04', NULL, 'admin9193', 'ACTIVE', NULL, NULL, 'mAgmWSWv', NULL, 'Đen,L', 1),
	(7, NULL, '2023-11-22 16:26:04', NULL, 'admin9193', 'ACTIVE', NULL, NULL, 'eVCL5INo', NULL, 'Đen,XL', 1),
	(8, NULL, '2023-11-22 16:26:04', NULL, 'admin9193', 'ACTIVE', NULL, NULL, 'yET689Fu', NULL, 'Đen,XXL', 1),
	(9, NULL, '2023-11-22 16:30:53', NULL, 'admin9193', 'ACTIVE', NULL, NULL, '1h6rxzON', NULL, 'Trắng,S', 2),
	(10, NULL, '2023-11-22 16:30:53', NULL, 'admin9193', 'ACTIVE', NULL, NULL, 'MOGfI13J', NULL, 'Trắng,M', 2),
	(11, NULL, '2023-11-22 16:30:53', NULL, 'admin9193', 'ACTIVE', NULL, NULL, 'OgBHCPm5', NULL, 'Trắng,L', 2),
	(12, NULL, '2023-11-22 16:30:53', NULL, 'admin9193', 'ACTIVE', NULL, NULL, 'bLjasLCa', NULL, 'Trắng,XL', 2),
	(13, NULL, '2023-11-22 16:30:53', NULL, 'admin9193', 'ACTIVE', NULL, NULL, 'rs06CGuT', NULL, 'Trắng,XXL', 2),
	(14, NULL, '2023-11-22 16:30:53', NULL, 'admin9193', 'ACTIVE', NULL, NULL, 'QoZBbqR5', NULL, 'Đen,S', 2),
	(15, NULL, '2023-11-22 16:30:53', NULL, 'admin9193', 'ACTIVE', NULL, NULL, 'hbSnrd9L', NULL, 'Đen,M', 2),
	(16, NULL, '2023-11-22 16:30:53', NULL, 'admin9193', 'ACTIVE', NULL, NULL, 'gNlYjXWx', NULL, 'Đen,L', 2),
	(17, NULL, '2023-11-22 16:30:53', NULL, 'admin9193', 'ACTIVE', NULL, NULL, '6djdscf9', NULL, 'Đen,XL', 2),
	(18, NULL, '2023-11-22 16:30:53', NULL, 'admin9193', 'ACTIVE', NULL, NULL, '3CJFOKx1', NULL, 'Đen,XXL', 2),
	(19, NULL, '2023-11-22 16:30:53', NULL, 'admin9193', 'ACTIVE', NULL, 'v9zdxP.jpg', 'rY6JQ1HF', NULL, 'Xanh,S', 2),
	(20, NULL, '2023-11-22 16:30:53', NULL, 'admin9193', 'ACTIVE', NULL, NULL, 'AVhfeUhO', NULL, 'Xanh,M', 2),
	(21, NULL, '2023-11-22 16:30:53', NULL, 'admin9193', 'ACTIVE', NULL, NULL, '105eZl4q', NULL, 'Xanh,L', 2),
	(22, NULL, '2023-11-22 16:30:53', NULL, 'admin9193', 'ACTIVE', NULL, NULL, 'kbURf1Ns', NULL, 'Xanh,XL', 2),
	(23, NULL, '2023-11-22 16:30:53', NULL, 'admin9193', 'ACTIVE', NULL, NULL, 'eSpAJyCq', NULL, 'Xanh,XXL', 2),
	(24, NULL, '2023-11-22 16:30:53', NULL, 'admin9193', 'ACTIVE', NULL, 'cBbfyB.jpg', 'kaKXq7JS', NULL, 'Nâu,S', 2),
	(25, NULL, '2023-11-22 16:30:53', NULL, 'admin9193', 'ACTIVE', NULL, NULL, 'AYWr6bjp', NULL, 'Nâu,M', 2),
	(26, NULL, '2023-11-22 16:30:53', NULL, 'admin9193', 'ACTIVE', NULL, NULL, 'sFGLaSuf', NULL, 'Nâu,L', 2),
	(27, NULL, '2023-11-22 16:30:53', NULL, 'admin9193', 'ACTIVE', NULL, NULL, 'oNCMFR6o', NULL, 'Nâu,XL', 2),
	(28, NULL, '2023-11-22 16:30:53', NULL, 'admin9193', 'ACTIVE', NULL, NULL, 'lSHggH7J', NULL, 'Nâu,XXL', 2),
	(29, NULL, '2023-11-22 16:34:35', NULL, 'admin9193', 'ACTIVE', NULL, NULL, 'scpzEOvt', NULL, 'Xanh,M', 3),
	(30, NULL, '2023-11-22 16:34:35', NULL, 'admin9193', 'ACTIVE', NULL, NULL, 'OrfLn0m9', NULL, 'Xanh,L', 3),
	(31, NULL, '2023-11-22 16:34:35', NULL, 'admin9193', 'ACTIVE', NULL, NULL, 'sK4siOz0', NULL, 'Xanh,XL', 3),
	(32, NULL, '2023-11-22 16:34:35', NULL, 'admin9193', 'ACTIVE', NULL, NULL, 'vPmsDQLQ', NULL, 'Trắng,M', 3),
	(33, NULL, '2023-11-22 16:34:35', NULL, 'admin9193', 'ACTIVE', NULL, NULL, 'D7XeB76D', NULL, 'Trắng,L', 3),
	(34, NULL, '2023-11-22 16:34:35', NULL, 'admin9193', 'ACTIVE', NULL, NULL, 'mh1IOJZ7', NULL, 'Trắng,XL', 3),
	(35, NULL, '2023-11-22 16:34:35', NULL, 'admin9193', 'ACTIVE', NULL, NULL, 'Td6U3esL', NULL, 'Đen,M', 3),
	(36, NULL, '2023-11-22 16:34:35', NULL, 'admin9193', 'ACTIVE', NULL, NULL, 'fYzF4Bs8', NULL, 'Đen,L', 3),
	(37, NULL, '2023-11-22 16:34:35', NULL, 'admin9193', 'ACTIVE', NULL, NULL, 'WSLbE1v9', NULL, 'Đen,XL', 3),
	(38, NULL, '2023-11-22 18:33:38', NULL, 'admin9193', 'ACTIVE', NULL, NULL, 'E5TjaGfR', NULL, 'Trắng,S', 4),
	(39, NULL, '2023-11-22 18:33:38', NULL, 'admin9193', 'ACTIVE', NULL, NULL, '6aBB097c', NULL, 'Trắng,M', 4),
	(40, NULL, '2023-11-22 18:33:38', NULL, 'admin9193', 'ACTIVE', NULL, NULL, 'CiFJF2K7', NULL, 'Trắng,L', 4),
	(41, NULL, '2023-11-22 18:33:38', NULL, 'admin9193', 'ACTIVE', NULL, NULL, '2bsBNuMF', NULL, 'Trắng,XL', 4),
	(42, NULL, '2023-11-22 18:33:38', NULL, 'admin9193', 'ACTIVE', NULL, NULL, 'Ok8koyFr', NULL, 'Đen,S', 4),
	(43, NULL, '2023-11-22 18:33:38', NULL, 'admin9193', 'ACTIVE', NULL, NULL, 'jQaM3mg4', NULL, 'Đen,M', 4),
	(44, NULL, '2023-11-22 18:33:38', NULL, 'admin9193', 'ACTIVE', NULL, NULL, 'dkVvR2A4', NULL, 'Đen,L', 4),
	(45, NULL, '2023-11-22 18:33:38', NULL, 'admin9193', 'ACTIVE', NULL, NULL, 'L9H5Wt8H', NULL, 'Đen,XL', 4),
	(46, NULL, '2023-11-22 18:33:38', NULL, 'admin9193', 'ACTIVE', NULL, NULL, 'nxMhhPBO', NULL, 'Hồng,S', 4),
	(47, NULL, '2023-11-22 18:33:38', NULL, 'admin9193', 'ACTIVE', NULL, NULL, 'aEsPfNK2', NULL, 'Hồng,M', 4),
	(48, NULL, '2023-11-22 18:33:38', NULL, 'admin9193', 'ACTIVE', NULL, NULL, 'Wr4yYD5Q', NULL, 'Hồng,L', 4),
	(49, NULL, '2023-11-22 18:33:38', NULL, 'admin9193', 'ACTIVE', NULL, NULL, 'ZKpYzHqV', NULL, 'Hồng,XL', 4),
	(50, NULL, '2023-11-27 02:22:06', NULL, 'admin9193', 'ACTIVE', 160000, 'l92XG2.jpg', 'NSU8YGbC', NULL, 'Trắng,M', 5),
	(51, NULL, '2023-11-27 02:22:06', NULL, 'admin9193', 'ACTIVE', 170000, 'uroRYO.jpg', 'MHGx1FX1', NULL, 'Trắng,XL', 5),
	(52, NULL, '2023-11-27 02:22:06', NULL, 'admin9193', 'ACTIVE', 150000, 'hpVTxM.jpg', 'Ta0lvAkn', NULL, 'Đen,M', 5),
	(53, NULL, '2023-11-27 02:22:06', NULL, 'admin9193', 'ACTIVE', 160000, 'mQNIOC.jpg', 'jLGHMNXD', NULL, 'Đen,XL', 5),
	(54, NULL, '2023-11-27 02:39:53', NULL, 'admin9193', 'ACTIVE', 279000, 'SjTivi.jpg', '5ry5kBL0', NULL, 'Be,M', 7),
	(55, NULL, '2023-11-27 02:39:53', NULL, 'admin9193', 'ACTIVE', 279000, 'pzkpct.jpg', 'NbYLxVn5', NULL, 'Be,L', 7),
	(56, NULL, '2023-11-27 02:39:53', NULL, 'admin9193', 'ACTIVE', 279000, '4SmTyN.jpg', 'GmCQtQqt', NULL, 'Đen,M', 7),
	(57, NULL, '2023-11-27 02:39:53', NULL, 'admin9193', 'ACTIVE', 279000, 'RCvnAR.jpg', 'xGV66qLe', NULL, 'Đen,L', 7),
	(58, NULL, '2023-11-27 02:43:46', NULL, 'admin9193', 'ACTIVE', 259000, 'x6F7PO.jpg', '9tJJJBr3', NULL, 'Đen,L', 8),
	(59, NULL, '2023-11-27 02:43:46', NULL, 'admin9193', 'ACTIVE', 269000, '6r6Bxo.jpg', '6ubTfoUS', NULL, 'Đen,XL', 8),
	(60, NULL, '2023-11-27 02:46:17', NULL, 'admin9193', 'ACTIVE', 345000, 'ophxa5.jpg', 'sGxcr8Ap', NULL, 'Đen,L', 9),
	(61, NULL, '2023-11-27 02:46:17', NULL, 'admin9193', 'ACTIVE', 345000, 'oxjvWV.jpg', 'X8JncyDE', NULL, 'Đen,XL', 9),
	(62, NULL, '2023-11-27 02:48:58', NULL, 'admin9193', 'ACTIVE', 345000, 'i4mTHm.jpg', 'SCFdtGr5', NULL, 'Đen,M', 10),
	(63, NULL, '2023-11-27 02:48:58', NULL, 'admin9193', 'ACTIVE', 345000, 'ycg5P2.jpg', '6fzo9LCS', NULL, 'Đen,L', 10),
	(64, NULL, '2023-11-27 02:53:09', NULL, 'admin9193', 'ACTIVE', 155000, 'oX72hg.jpg', 'TGod8s6H', NULL, 'Đen,M', 11),
	(65, NULL, '2023-11-27 02:53:09', NULL, 'admin9193', 'ACTIVE', 165000, 'cd7KVX.jpg', 'OmjkFhP1', NULL, 'Đen,XL', 11),
	(66, NULL, '2023-11-27 02:53:09', NULL, 'admin9193', 'ACTIVE', 145000, 'W4x7fM.jpg', 'GirCZsxV', NULL, 'Be,M', 11),
	(67, NULL, '2023-11-27 02:53:09', NULL, 'admin9193', 'ACTIVE', 155000, 'FSFhCo.jpg', 'ZpBR22Kz', NULL, 'Be,XL', 11),
	(68, NULL, '2023-11-27 02:56:20', NULL, 'admin9193', 'ACTIVE', 169000, 'ihTckW.jpg', 'CBCrFbC7', NULL, 'Đen,M', 12),
	(69, NULL, '2023-11-27 02:56:20', NULL, 'admin9193', 'ACTIVE', 179000, 'HT85Ez.jpg', '9x1Iyyef', NULL, 'Đen,XL', 12),
	(72, NULL, '2023-11-27 03:00:35', NULL, 'admin9193', 'ACTIVE', 179000, '7s7eme.jpg', 'RzV3aLzA', NULL, 'Đen,M', 14),
	(73, NULL, '2023-11-27 03:00:35', NULL, 'admin9193', 'ACTIVE', 189000, 'meBYJW.jpg', '3pex9fkh', NULL, 'Đen,XL', 14),
	(74, NULL, '2023-11-27 03:00:35', NULL, 'admin9193', 'ACTIVE', 179000, '5gZVdq.jpg', 'jm7AvABa', NULL, 'Trắng,M', 14),
	(75, NULL, '2023-11-27 03:00:35', NULL, 'admin9193', 'ACTIVE', 189000, 'lQiHsi.jpg', 'grPcKRYd', NULL, 'Trắng,XL', 14),
	(79, NULL, '2023-11-27 03:03:37', NULL, 'admin9193', 'ACTIVE', 178000, 'u9TqOO.jpg', 'BvHrlC5C', NULL, 'Đen,M', 18),
	(80, NULL, '2023-11-27 03:03:37', NULL, 'admin9193', 'ACTIVE', 178000, 'DjrOcD.jpg', 'FqqZoJpg', NULL, 'Đen,XL', 18),
	(81, NULL, '2023-11-27 03:06:11', NULL, 'admin9193', 'ACTIVE', 149000, 'pAs5se.jpg', 'ygeRHcYy', NULL, 'Be', 19),
	(82, NULL, '2023-11-27 03:06:11', NULL, 'admin9193', 'ACTIVE', 149000, '5fcPg7.jpg', '9KNFu2ps', NULL, 'Đen', 19),
	(85, NULL, '2023-11-27 03:16:46', NULL, 'admin9193', 'ACTIVE', NULL, 'SFNcEp.jpg', 'mC0vHt8M', NULL, 'Be,M', 22),
	(86, NULL, '2023-11-27 03:16:46', NULL, 'admin9193', 'ACTIVE', NULL, 'gBeeje.jpg', 'QKsYDHuQ', NULL, 'Be,XL', 22),
	(87, NULL, '2023-11-27 03:16:46', NULL, 'admin9193', 'ACTIVE', NULL, 'MXjCuc.jpg', 'hnLh3iPX', NULL, 'Xanh,M', 22),
	(88, NULL, '2023-11-27 03:16:46', NULL, 'admin9193', 'ACTIVE', NULL, 'Agig87.jpg', 'RKA6ZX1d', NULL, 'Xanh,XL', 22),
	(89, NULL, '2023-11-27 03:16:46', NULL, 'admin9193', 'ACTIVE', NULL, 'dxcYK1.jpg', 'HbVo72zr', NULL, 'Xám,M', 22),
	(90, NULL, '2023-11-27 03:16:46', NULL, 'admin9193', 'ACTIVE', NULL, 'EmU376.jpg', 'Jq9yqoVM', NULL, 'Xám,XL', 22),
	(91, NULL, '2023-11-27 03:20:51', NULL, 'admin9193', 'ACTIVE', 129000, 'IZnU21.jpg', 'Yd0HSDhe', NULL, 'Trắng', 23),
	(92, NULL, '2023-11-27 03:20:51', NULL, 'admin9193', 'ACTIVE', 129000, '0PQldf.jpg', '8tHKHQEX', NULL, 'Xanh', 23),
	(93, NULL, '2023-11-27 03:20:51', NULL, 'admin9193', 'ACTIVE', 129000, 'B4S4VY.jpg', 'Qpdfpsad', NULL, 'Xám', 23),
	(94, NULL, '2023-11-27 03:25:03', NULL, 'admin9193', 'ACTIVE', NULL, 'cGhYcg.jpg', 'IZMfKTRq', NULL, 'Be', 24),
	(95, NULL, '2023-11-27 03:25:03', NULL, 'admin9193', 'ACTIVE', NULL, '0sECSg.jpg', '1jqXfagn', NULL, 'Nâu', 24),
	(96, NULL, '2023-11-27 03:25:03', NULL, 'admin9193', 'ACTIVE', NULL, 'rdDDQU.jpg', 'l8DhIXQO', NULL, 'Xám', 24),
	(97, NULL, '2023-11-27 03:25:03', NULL, 'admin9193', 'ACTIVE', NULL, 'gICuWg.jpg', 'yuUDjETB', NULL, 'Đen', 24),
	(98, NULL, '2023-11-27 03:29:29', NULL, 'admin9193', 'ACTIVE', 75000, 'cJHtPH.jpg', '2kxiGZgM', NULL, 'Xanh dương', 25),
	(99, NULL, '2023-11-27 03:29:29', NULL, 'admin9193', 'ACTIVE', 75000, 'h8BW6o.jpg', 'TQ2l1agE', NULL, 'Đen', 25),
	(100, NULL, '2023-11-27 03:29:29', NULL, 'admin9193', 'ACTIVE', 75000, 'gpOUel.jpg', 'JcRzcARr', NULL, 'Trắng', 25),
	(101, NULL, '2023-11-27 03:36:20', NULL, 'admin9193', 'ACTIVE', 95870, 'uSzSzd.jpg', 'vyL2eQyb', NULL, 'Xanh,M', 26),
	(102, NULL, '2023-11-27 03:36:20', NULL, 'admin9193', 'ACTIVE', 99000, '8Jy9S2.jpg', '98DoIYno', NULL, 'Xanh,XL', 26),
	(103, NULL, '2023-11-27 03:36:20', NULL, 'admin9193', 'ACTIVE', 99000, 'dMujyb.jpg', 'a7Y8UyeE', NULL, 'Xanh,S', 26),
	(104, NULL, '2023-11-27 03:36:20', NULL, 'admin9193', 'ACTIVE', 99000, '8LeWen.jpg', '6UsOKZGR', NULL, 'Đen,M', 26),
	(105, NULL, '2023-11-27 03:36:20', NULL, 'admin9193', 'ACTIVE', 99000, 'AYGmIJ.jpg', 'yZ0UTQZJ', NULL, 'Đen,XL', 26),
	(106, NULL, '2023-11-27 03:36:20', NULL, 'admin9193', 'ACTIVE', 99000, 'fhOJeO.jpg', 'AuSxSsGI', NULL, 'Đen,S', 26),
	(107, NULL, '2023-11-27 03:36:20', NULL, 'admin9193', 'ACTIVE', 99000, 'XP9QRH.jpg', 'SIK295VG', NULL, 'Trắng,M', 26),
	(108, NULL, '2023-11-27 03:36:20', NULL, 'admin9193', 'ACTIVE', 99000, 'F4RiKD.jpg', '7ZALC6YR', NULL, 'Trắng,XL', 26),
	(109, NULL, '2023-11-27 03:36:20', NULL, 'admin9193', 'ACTIVE', 99000, 'ofgi0L.jpg', 'LRXlyWOZ', NULL, 'Trắng,S', 26),
	(110, NULL, '2023-11-27 03:36:20', NULL, 'admin9193', 'ACTIVE', 99000, 'CcjjZF.jpg', 'dAaSCDML', NULL, 'Xám,M', 26),
	(111, NULL, '2023-11-27 03:36:20', NULL, 'admin9193', 'ACTIVE', 99000, 'roRFHP.jpg', 'qI4SYp7j', NULL, 'Xám,XL', 26),
	(112, NULL, '2023-11-27 03:36:20', NULL, 'admin9193', 'ACTIVE', 99000, 'MTsxTs.jpg', 'bcNflxkx', NULL, 'Xám,S', 26),
	(113, NULL, '2023-11-27 03:40:53', NULL, 'admin9193', 'ACTIVE', 145000, 'v8BWDf.jpg', '6oECdTP1', NULL, 'Đen,30', 27),
	(114, NULL, '2023-11-27 03:40:53', NULL, 'admin9193', 'ACTIVE', 145000, 'Cqi7J9.jpg', 'J6qmtyFd', NULL, 'Đen,31', 27),
	(115, NULL, '2023-11-27 03:40:53', NULL, 'admin9193', 'ACTIVE', 145000, 'Qu5Dfr.jpg', 'zMenZ27U', NULL, 'Đen,32', 27),
	(116, NULL, '2023-11-27 03:40:54', NULL, 'admin9193', 'ACTIVE', 145000, 'V8cEZ9.jpg', 'uJtJiCsK', NULL, 'Xám,30', 27),
	(117, NULL, '2023-11-27 03:40:54', NULL, 'admin9193', 'ACTIVE', 145000, 'EH2Ipn.jpg', 'NKoVYBTg', NULL, 'Xám,31', 27),
	(118, NULL, '2023-11-27 03:40:54', NULL, 'admin9193', 'ACTIVE', 145000, 'kneBzi.jpg', 'Ri6rupx0', NULL, 'Xám,32', 27),
	(119, NULL, '2023-11-27 03:40:54', NULL, 'admin9193', 'ACTIVE', 145000, 'j6AV1M.jpg', 'kXGXPgfz', NULL, 'Xanh nhạt,30', 27),
	(120, NULL, '2023-11-27 03:40:54', NULL, 'admin9193', 'ACTIVE', 145000, 'rYDsmj.jpg', 'RClaP2Ep', NULL, 'Xanh nhạt,31', 27),
	(121, NULL, '2023-11-27 03:40:54', NULL, 'admin9193', 'ACTIVE', 145000, '7L2jsK.jpg', 'iiORoPSu', NULL, 'Xanh nhạt,32', 27),
	(122, NULL, '2023-11-27 15:27:17', NULL, 'admin9193', 'ACTIVE', NULL, 'n3Ruv5.jpg', 'i6Uz7hHs', NULL, 'Đen,M', 28),
	(123, NULL, '2023-11-27 15:27:17', NULL, 'admin9193', 'ACTIVE', NULL, NULL, '6UrMjZS0', NULL, 'Đen,L', 28),
	(124, NULL, '2023-11-27 15:27:17', NULL, 'admin9193', 'ACTIVE', NULL, NULL, 'l7pSmtWP', NULL, 'Đen,XL', 28),
	(125, NULL, '2023-11-27 15:27:17', NULL, 'admin9193', 'ACTIVE', NULL, 'IQznid.jpg', 'lDfUy6Q8', NULL, 'Vàng,M', 28),
	(126, NULL, '2023-11-27 15:27:17', NULL, 'admin9193', 'ACTIVE', NULL, NULL, '0IE9b6r8', NULL, 'Vàng,L', 28),
	(127, NULL, '2023-11-27 15:27:17', NULL, 'admin9193', 'ACTIVE', NULL, NULL, 'otYCcJjf', NULL, 'Vàng,XL', 28),
	(128, NULL, '2023-11-27 15:27:17', NULL, 'admin9193', 'ACTIVE', NULL, 'a5oLH5.jpg', 'ZXclTqAs', NULL, 'Xanh Đậm,M', 28),
	(129, NULL, '2023-11-27 15:27:17', NULL, 'admin9193', 'ACTIVE', NULL, NULL, 't2LME52r', NULL, 'Xanh Đậm,L', 28),
	(130, NULL, '2023-11-27 15:27:17', NULL, 'admin9193', 'ACTIVE', NULL, NULL, 'xfULYpi1', NULL, 'Xanh Đậm,XL', 28),
	(131, NULL, '2023-11-27 15:27:17', NULL, 'admin9193', 'ACTIVE', NULL, 'LroLXy.jpg', 'zIf4hkZs', NULL, 'Xanh Nhạt,M', 28),
	(132, NULL, '2023-11-27 15:27:17', NULL, 'admin9193', 'ACTIVE', NULL, NULL, 'XxM3UrWd', NULL, 'Xanh Nhạt,L', 28),
	(133, NULL, '2023-11-27 15:27:17', NULL, 'admin9193', 'ACTIVE', NULL, NULL, 'tqBGS7I2', NULL, 'Xanh Nhạt,XL', 28),
	(134, NULL, '2023-11-27 15:27:17', NULL, 'admin9193', 'ACTIVE', NULL, 'EnDNcr.jpg', 'qDlkhqII', NULL, 'Xám,M', 28),
	(135, NULL, '2023-11-27 15:27:17', NULL, 'admin9193', 'ACTIVE', NULL, NULL, 'm4ILz0B0', NULL, 'Xám,L', 28),
	(136, NULL, '2023-11-27 15:27:17', NULL, 'admin9193', 'ACTIVE', NULL, NULL, 'p3mpT8sr', NULL, 'Xám,XL', 28),
	(137, NULL, '2023-11-27 15:39:14', NULL, 'admin9193', 'ACTIVE', NULL, '9Lz8Xt.jpg', 'XedAEYd4', NULL, 'Be,M', 29),
	(138, NULL, '2023-11-27 15:39:14', NULL, 'admin9193', 'ACTIVE', NULL, NULL, 'FReNal7z', NULL, 'Be,L', 29),
	(139, NULL, '2023-11-27 15:39:14', NULL, 'admin9193', 'ACTIVE', NULL, NULL, '5MZR6rvJ', NULL, 'Be,XL', 29),
	(140, NULL, '2023-11-27 15:39:14', NULL, 'admin9193', 'ACTIVE', NULL, NULL, 'pumSvb38', NULL, 'Be,2XL', 29),
	(141, NULL, '2023-11-27 15:39:14', NULL, 'admin9193', 'ACTIVE', NULL, 'rHEdhF.jpg', 'bJueL7Dj', NULL, 'Đen,M', 29),
	(142, NULL, '2023-11-27 15:39:14', NULL, 'admin9193', 'ACTIVE', NULL, NULL, 'oJpRirli', NULL, 'Đen,L', 29),
	(143, NULL, '2023-11-27 15:39:14', NULL, 'admin9193', 'ACTIVE', NULL, NULL, 'vej8OjrA', NULL, 'Đen,XL', 29),
	(144, NULL, '2023-11-27 15:39:14', NULL, 'admin9193', 'ACTIVE', NULL, NULL, '3ecc7dNI', NULL, 'Đen,2XL', 29),
	(145, NULL, '2023-11-27 15:42:19', NULL, 'admin9193', 'ACTIVE', 400000, 'J4idhU.jpg', 'K4va0TkC', NULL, 'Đen,M', 30),
	(146, NULL, '2023-11-27 15:42:19', NULL, 'admin9193', 'ACTIVE', NULL, NULL, '0KOoRPe9', NULL, 'Đen,L', 30),
	(147, NULL, '2023-11-27 15:42:19', NULL, 'admin9193', 'ACTIVE', NULL, NULL, 'KEYGlKC1', NULL, 'Đen,XL', 30),
	(148, NULL, '2023-11-27 15:42:19', NULL, 'admin9193', 'ACTIVE', 420000, NULL, '39xy9dEF', NULL, 'Đen,2XL', 30),
	(149, NULL, '2023-11-27 15:42:19', NULL, 'admin9193', 'ACTIVE', 350000, NULL, 'e8xCK07d', NULL, 'Đen,3XL', 30),
	(150, NULL, '2023-11-27 15:42:19', NULL, 'admin9193', 'ACTIVE', NULL, 'S5N2qF.jpg', '71dj2hmN', NULL, 'Xanh Lá,M', 30),
	(151, NULL, '2023-11-27 15:42:19', NULL, 'admin9193', 'ACTIVE', NULL, NULL, 'SqpJ9tDa', NULL, 'Xanh Lá,L', 30),
	(152, NULL, '2023-11-27 15:42:19', NULL, 'admin9193', 'ACTIVE', NULL, NULL, 'UfRJmqn0', NULL, 'Xanh Lá,XL', 30),
	(153, NULL, '2023-11-27 15:42:19', NULL, 'admin9193', 'ACTIVE', NULL, NULL, 'BcOjZYAT', NULL, 'Xanh Lá,2XL', 30),
	(154, NULL, '2023-11-27 15:42:19', NULL, 'admin9193', 'ACTIVE', NULL, NULL, 'MQSA17Sm', NULL, 'Xanh Lá,3XL', 30),
	(155, NULL, '2023-11-27 15:42:19', NULL, 'admin9193', 'ACTIVE', NULL, NULL, 'P42SPzF3', NULL, 'Kaki,M', 30),
	(156, NULL, '2023-11-27 15:42:19', NULL, 'admin9193', 'ACTIVE', NULL, 'zdtBq0.jpg', 'jCOVdgBD', NULL, 'Kaki,L', 30),
	(157, NULL, '2023-11-27 15:42:19', NULL, 'admin9193', 'ACTIVE', NULL, NULL, 'eor0jhdL', NULL, 'Kaki,XL', 30),
	(158, NULL, '2023-11-27 15:42:19', NULL, 'admin9193', 'ACTIVE', NULL, NULL, 'a7pjhL7j', NULL, 'Kaki,2XL', 30),
	(159, NULL, '2023-11-27 15:42:19', NULL, 'admin9193', 'ACTIVE', NULL, NULL, 'GdMGS25O', NULL, 'Kaki,3XL', 30),
	(160, NULL, '2023-11-27 15:44:42', NULL, 'admin9193', 'ACTIVE', NULL, NULL, 'UUbau3nz', NULL, 'M', 31),
	(161, NULL, '2023-11-27 15:44:42', NULL, 'admin9193', 'ACTIVE', NULL, NULL, 'qPuX32nb', NULL, 'L', 31),
	(162, NULL, '2023-11-27 15:44:42', NULL, 'admin9193', 'ACTIVE', NULL, NULL, 'bvnKKJoQ', NULL, 'XL', 31),
	(163, NULL, '2023-11-27 15:44:42', NULL, 'admin9193', 'ACTIVE', NULL, NULL, 'GFgDBBPA', NULL, '2XL', 31),
	(164, NULL, '2023-11-27 15:44:42', NULL, 'admin9193', 'ACTIVE', NULL, NULL, 'ITZtpWjr', NULL, '3XL', 31),
	(165, NULL, '2023-11-27 15:47:45', NULL, 'admin9193', 'ACTIVE', 380000, 'nJ8fjr.jpg', 'QJM4A2jt', NULL, 'Đen,M', 32),
	(166, NULL, '2023-11-27 15:47:45', NULL, 'admin9193', 'ACTIVE', 400000, NULL, 'f3v02BXs', NULL, 'Đen,L', 32),
	(167, NULL, '2023-11-27 15:47:45', NULL, 'admin9193', 'ACTIVE', 380000, NULL, 'xDhCyjid', NULL, 'Đen,XL', 32),
	(168, NULL, '2023-11-27 15:47:45', NULL, 'admin9193', 'ACTIVE', 380000, NULL, 'uECbiq1r', NULL, 'Đen,XXL', 32),
	(169, NULL, '2023-11-27 15:47:45', NULL, 'admin9193', 'ACTIVE', 400000, NULL, 'mZlWvfKN', NULL, 'Đen,3XL', 32),
	(170, NULL, '2023-11-27 15:47:45', NULL, 'admin9193', 'ACTIVE', 400000, 'xlYvAU.jpg', 'oGKe8aXP', NULL, 'Be,M', 32),
	(171, NULL, '2023-11-27 15:47:45', NULL, 'admin9193', 'ACTIVE', 380000, NULL, '0B7KKZtT', NULL, 'Be,L', 32),
	(172, NULL, '2023-11-27 15:47:45', NULL, 'admin9193', 'ACTIVE', 400000, NULL, 'ndySIrU4', NULL, 'Be,XL', 32),
	(173, NULL, '2023-11-27 15:47:45', NULL, 'admin9193', 'ACTIVE', 380000, NULL, 'Y6BDZ2A2', NULL, 'Be,XXL', 32),
	(174, NULL, '2023-11-27 15:47:45', NULL, 'admin9193', 'ACTIVE', 380000, NULL, 'GudWxV10', NULL, 'Be,3XL', 32),
	(175, NULL, '2023-11-27 15:55:39', NULL, 'admin9193', 'ACTIVE', 120000, 'dBsDAL.jpg', 'sLInczYe', NULL, 'Xám,M', 33),
	(176, NULL, '2023-11-27 15:55:39', NULL, 'admin9193', 'ACTIVE', 130000, NULL, 'QMmHBVIT', NULL, 'Xám,L', 33),
	(177, NULL, '2023-11-27 15:55:39', NULL, 'admin9193', 'ACTIVE', 120000, NULL, 'uHkkQ8Rg', NULL, 'Xám,XL', 33),
	(178, NULL, '2023-11-27 15:55:39', NULL, 'admin9193', 'ACTIVE', 140000, NULL, 'ZCnddVpq', NULL, 'Xám,2XL', 33),
	(179, NULL, '2023-11-27 15:55:39', NULL, 'admin9193', 'ACTIVE', 120000, 's9L1EA.jpg', '3xAUlKmh', NULL, 'Xanh nhạt,M', 33),
	(180, NULL, '2023-11-27 15:55:39', NULL, 'admin9193', 'ACTIVE', 130000, NULL, 'tTW4c5ad', NULL, 'Xanh nhạt,L', 33),
	(181, NULL, '2023-11-27 15:55:39', NULL, 'admin9193', 'ACTIVE', 120000, NULL, 'YFu5WDrJ', NULL, 'Xanh nhạt,XL', 33),
	(182, NULL, '2023-11-27 15:55:39', NULL, 'admin9193', 'ACTIVE', 120000, NULL, 'tcAQuj6J', NULL, 'Xanh nhạt,2XL', 33),
	(183, NULL, '2023-11-27 16:02:20', NULL, 'admin9193', 'ACTIVE', NULL, 'rY3INa.jpg', 'eRnEmdqB', NULL, 'JX:90,M', 34),
	(184, NULL, '2023-11-27 16:02:20', NULL, 'admin9193', 'ACTIVE', NULL, NULL, 'xafvvjmC', NULL, 'JX:90,L', 34),
	(185, NULL, '2023-11-27 16:02:20', NULL, 'admin9193', 'ACTIVE', NULL, NULL, 'EZ84qEmo', NULL, 'JX:90,XL', 34),
	(186, NULL, '2023-11-27 16:02:20', NULL, 'admin9193', 'ACTIVE', NULL, NULL, '7zGvvx4h', NULL, 'JX:90,XXL', 34),
	(187, NULL, '2023-11-27 16:02:20', NULL, 'admin9193', 'ACTIVE', NULL, 'QRBefx.jpg', 'eVF570vu', NULL, 'JX:92,M', 34),
	(188, NULL, '2023-11-27 16:02:20', NULL, 'admin9193', 'ACTIVE', NULL, NULL, 'AaiPPv3q', NULL, 'JX:92,L', 34),
	(189, NULL, '2023-11-27 16:02:20', NULL, 'admin9193', 'ACTIVE', NULL, NULL, 'rmmZzSTv', NULL, 'JX:92,XL', 34),
	(190, NULL, '2023-11-27 16:02:20', NULL, 'admin9193', 'ACTIVE', NULL, NULL, 'oZ4tnoDS', NULL, 'JX:92,XXL', 34),
	(191, NULL, '2023-11-27 16:07:29', NULL, 'admin9193', 'ACTIVE', NULL, '0qu6GE.jpg', 'vDxkdfr5', NULL, 'Xanh,30', 35),
	(192, NULL, '2023-11-27 16:07:29', NULL, 'admin9193', 'ACTIVE', NULL, NULL, 'eygiJPA2', NULL, 'Xanh,31', 35),
	(193, NULL, '2023-11-27 16:07:29', NULL, 'admin9193', 'ACTIVE', NULL, NULL, 'qM4cg4JC', NULL, 'Xanh,32', 35),
	(194, NULL, '2023-11-27 16:07:29', NULL, 'admin9193', 'ACTIVE', NULL, NULL, 'ZusUs2aB', NULL, 'Xanh,33', 35),
	(195, NULL, '2023-11-27 16:07:29', NULL, 'admin9193', 'ACTIVE', NULL, NULL, 'PVK5RaAI', NULL, 'Xanh,29', 35),
	(196, NULL, '2023-11-27 16:07:29', NULL, 'admin9193', 'ACTIVE', NULL, NULL, 'REAxb1AU', NULL, 'Xanh,28', 35),
	(197, NULL, '2023-11-27 16:07:29', NULL, 'admin9193', 'ACTIVE', NULL, '3IPzsz.jpg', '2ficnYvk', NULL, 'Đen,30', 35),
	(198, NULL, '2023-11-27 16:07:29', NULL, 'admin9193', 'ACTIVE', NULL, NULL, 'OS4dlimG', NULL, 'Đen,31', 35),
	(199, NULL, '2023-11-27 16:07:29', NULL, 'admin9193', 'ACTIVE', NULL, NULL, 'ybzPILXZ', NULL, 'Đen,32', 35),
	(200, NULL, '2023-11-27 16:07:29', NULL, 'admin9193', 'ACTIVE', NULL, NULL, 'PmyCqFUq', NULL, 'Đen,33', 35),
	(201, NULL, '2023-11-27 16:07:29', NULL, 'admin9193', 'ACTIVE', NULL, NULL, 'ECZjNm5J', NULL, 'Đen,29', 35),
	(202, NULL, '2023-11-27 16:07:29', NULL, 'admin9193', 'ACTIVE', NULL, NULL, '5UB21nGV', NULL, 'Đen,28', 35),
	(203, NULL, '2023-11-27 16:11:30', NULL, 'admin9193', 'ACTIVE', NULL, 'XUHmHC.jpg', 'VofyUQnD', NULL, 'Be,S', 36),
	(204, NULL, '2023-11-27 16:11:30', NULL, 'admin9193', 'ACTIVE', NULL, NULL, 'HACvqqtB', NULL, 'Be,M', 36),
	(205, NULL, '2023-11-27 16:11:30', NULL, 'admin9193', 'ACTIVE', NULL, NULL, 'CocxCGHu', NULL, 'Be,L', 36),
	(206, NULL, '2023-11-27 16:11:30', NULL, 'admin9193', 'ACTIVE', NULL, NULL, 'ReCaVMLK', NULL, 'Be,XL', 36),
	(207, NULL, '2023-11-27 16:11:30', NULL, 'admin9193', 'ACTIVE', NULL, 'UbKQrH.jpg', 'qterenDc', NULL, 'Đen,S', 36),
	(208, NULL, '2023-11-27 16:11:30', NULL, 'admin9193', 'ACTIVE', NULL, NULL, 'vUBp6Aa7', NULL, 'Đen,M', 36),
	(209, NULL, '2023-11-27 16:11:30', NULL, 'admin9193', 'ACTIVE', NULL, NULL, 'cE6KVytS', NULL, 'Đen,L', 36),
	(210, NULL, '2023-11-27 16:11:30', NULL, 'admin9193', 'ACTIVE', NULL, NULL, 'uIA1TURq', NULL, 'Đen,XL', 36),
	(211, NULL, '2023-11-27 16:11:30', NULL, 'admin9193', 'ACTIVE', NULL, 'YGsMrj.jpg', 'y3OdrzgB', NULL, 'Nâu,S', 36),
	(212, NULL, '2023-11-27 16:11:31', NULL, 'admin9193', 'ACTIVE', NULL, NULL, '9e4OLO7C', NULL, 'Nâu,M', 36),
	(213, NULL, '2023-11-27 16:11:31', NULL, 'admin9193', 'ACTIVE', NULL, NULL, '19BqoCpx', NULL, 'Nâu,L', 36),
	(214, NULL, '2023-11-27 16:11:31', NULL, 'admin9193', 'ACTIVE', NULL, NULL, 'YiNK8mMt', NULL, 'Nâu,XL', 36),
	(215, NULL, '2023-11-27 16:18:34', NULL, 'admin9193', 'ACTIVE', 145000, NULL, 'QbWUJyCR', NULL, '28', 37),
	(216, NULL, '2023-11-27 16:18:34', NULL, 'admin9193', 'ACTIVE', 155000, NULL, 'T9UiqrPz', NULL, '29', 37),
	(217, NULL, '2023-11-27 16:18:34', NULL, 'admin9193', 'ACTIVE', 165000, NULL, 'kUBBv6bg', NULL, '30', 37),
	(218, NULL, '2023-11-27 16:18:34', NULL, 'admin9193', 'ACTIVE', 150000, NULL, 'LtqrnVuS', NULL, '31', 37),
	(219, NULL, '2023-11-27 16:18:34', NULL, 'admin9193', 'ACTIVE', 145000, NULL, 'C5skX4fu', NULL, '32', 37),
	(220, NULL, '2023-11-27 16:24:18', NULL, 'admin9193', 'ACTIVE', 280000, 'AT5UCS.jpg', 'AX6rfZrI', NULL, 'Đen,M', 38),
	(221, NULL, '2023-11-27 16:24:18', NULL, 'admin9193', 'ACTIVE', 300000, NULL, 'Ej2UJdZu', NULL, 'Đen,L', 38),
	(222, NULL, '2023-11-27 16:24:18', NULL, 'admin9193', 'ACTIVE', 280000, NULL, 'jyp0CUPu', NULL, 'Đen,XL', 38),
	(223, NULL, '2023-11-27 16:24:18', NULL, 'admin9193', 'ACTIVE', 280000, NULL, 'mrjeIbjy', NULL, 'Đen,2XL', 38),
	(224, NULL, '2023-11-27 16:24:18', NULL, 'admin9193', 'ACTIVE', 290000, '6Tuepb.jpg', 'Z5GQgpnt', NULL, 'Xanh Nhạt,M', 38),
	(225, NULL, '2023-11-27 16:24:18', NULL, 'admin9193', 'ACTIVE', 280000, NULL, 'uOclT0YA', NULL, 'Xanh Nhạt,L', 38),
	(226, NULL, '2023-11-27 16:24:18', NULL, 'admin9193', 'ACTIVE', 285000, NULL, '8Kao0oZy', NULL, 'Xanh Nhạt,XL', 38),
	(227, NULL, '2023-11-27 16:24:18', NULL, 'admin9193', 'ACTIVE', 280000, NULL, 'GeUKsaro', NULL, 'Xanh Nhạt,2XL', 38),
	(228, NULL, '2023-11-27 16:29:04', NULL, 'admin9193', 'ACTIVE', NULL, NULL, '9bLopIMV', NULL, 'M', 39),
	(229, NULL, '2023-11-27 16:29:04', NULL, 'admin9193', 'ACTIVE', NULL, NULL, 'oT2NUFkP', NULL, 'L', 39),
	(230, NULL, '2023-11-27 16:29:04', NULL, 'admin9193', 'ACTIVE', NULL, NULL, 'yROZb6Qf', NULL, 'XL', 39),
	(231, NULL, '2023-11-27 16:29:04', NULL, 'admin9193', 'ACTIVE', NULL, NULL, 'Pd6GJvX5', NULL, '2XL', 39),
	(232, NULL, '2023-11-27 16:40:54', NULL, 'admin9193', 'ACTIVE', NULL, NULL, 'O3uPAKHW', NULL, 'M', 41),
	(233, NULL, '2023-11-27 16:40:54', NULL, 'admin9193', 'ACTIVE', NULL, NULL, 'oCxrPLde', NULL, 'L', 41),
	(234, NULL, '2023-11-27 16:40:54', NULL, 'admin9193', 'ACTIVE', NULL, NULL, 's1QP6QW6', NULL, 'XL', 41),
	(235, NULL, '2023-11-27 16:48:19', NULL, 'admin9193', 'ACTIVE', NULL, NULL, 'vlQCrYkp', NULL, 'M', 42),
	(236, NULL, '2023-11-27 16:48:19', NULL, 'admin9193', 'ACTIVE', NULL, NULL, 'nn7nRUEe', NULL, 'L', 42),
	(237, NULL, '2023-11-27 16:48:19', NULL, 'admin9193', 'ACTIVE', NULL, NULL, 'DHnGDkeX', NULL, 'XL', 42),
	(238, NULL, '2023-12-03 10:21:39', NULL, 'admin9193', 'ACTIVE', NULL, NULL, 'Tas9Mq2Q', NULL, 'Đen,X', 43),
	(239, NULL, '2023-12-03 10:21:40', NULL, 'admin9193', 'ACTIVE', NULL, NULL, 'Jqxv1Jcf', NULL, 'Đen,XL', 43);

-- Dumping structure for table duantotnghiep.calam
CREATE TABLE IF NOT EXISTS `calam` (
  `id` bigint NOT NULL AUTO_INCREMENT,
  `ngaysua` timestamp NULL DEFAULT NULL,
  `ngaytao` timestamp NULL DEFAULT NULL,
  `nguoisua` varchar(255) DEFAULT NULL,
  `nguoitao` varchar(255) DEFAULT NULL,
  `trangthai` varchar(255) DEFAULT 'ACTIVE',
  `sotiencuoica` double DEFAULT NULL,
  `sotiendauca` double DEFAULT NULL,
  `idnhanvien` bigint DEFAULT NULL,
  PRIMARY KEY (`id`),
  KEY `FKqwajinxv270ke9tysey6xigop` (`idnhanvien`),
  CONSTRAINT `FKqwajinxv270ke9tysey6xigop` FOREIGN KEY (`idnhanvien`) REFERENCES `nhanvien` (`id`)
) ENGINE=InnoDB AUTO_INCREMENT=3 DEFAULT CHARSET=utf8mb3;

-- Dumping data for table duantotnghiep.calam: ~0 rows (approximately)
INSERT INTO `calam` (`id`, `ngaysua`, `ngaytao`, `nguoisua`, `nguoitao`, `trangthai`, `sotiencuoica`, `sotiendauca`, `idnhanvien`) VALUES
	(2, NULL, '2023-11-21 18:00:50', NULL, 'nguyenvana0183', 'ACTIVE', NULL, 100000, 1);

-- Dumping structure for table duantotnghiep.chitietcalam
CREATE TABLE IF NOT EXISTS `chitietcalam` (
  `id` bigint NOT NULL AUTO_INCREMENT,
  `ngaysua` timestamp NULL DEFAULT NULL,
  `ngaytao` timestamp NULL DEFAULT NULL,
  `nguoisua` varchar(255) DEFAULT NULL,
  `nguoitao` varchar(255) DEFAULT NULL,
  `trangthai` varchar(255) DEFAULT 'ACTIVE',
  `idcalam` bigint DEFAULT NULL,
  `idhoadon` bigint DEFAULT NULL,
  PRIMARY KEY (`id`),
  KEY `FK3pypfn1y99kakj3xfnjpjk8pn` (`idcalam`),
  KEY `FKas009v8q6c9ut5hv8ko0x508d` (`idhoadon`),
  CONSTRAINT `FK3pypfn1y99kakj3xfnjpjk8pn` FOREIGN KEY (`idcalam`) REFERENCES `calam` (`id`),
  CONSTRAINT `FKas009v8q6c9ut5hv8ko0x508d` FOREIGN KEY (`idhoadon`) REFERENCES `hoadon` (`id`)
) ENGINE=InnoDB DEFAULT CHARSET=utf8mb3;

-- Dumping data for table duantotnghiep.chitietcalam: ~0 rows (approximately)

-- Dumping structure for table duantotnghiep.chitieu
CREATE TABLE IF NOT EXISTS `chitieu` (
  `id` bigint NOT NULL AUTO_INCREMENT,
  `ngaysua` timestamp NULL DEFAULT NULL,
  `ngaytao` timestamp NULL DEFAULT NULL,
  `nguoisua` varchar(255) DEFAULT NULL,
  `nguoitao` varchar(255) DEFAULT NULL,
  `trangthai` varchar(255) DEFAULT 'ACTIVE',
  `loaichitieu` int DEFAULT NULL,
  `sotien` double DEFAULT NULL,
  `idvidientu` bigint DEFAULT NULL,
  PRIMARY KEY (`id`),
  KEY `FK7fr74dox50p8nxx296nhl6740` (`idvidientu`),
  CONSTRAINT `FK7fr74dox50p8nxx296nhl6740` FOREIGN KEY (`idvidientu`) REFERENCES `vidientu` (`id`)
) ENGINE=InnoDB AUTO_INCREMENT=11 DEFAULT CHARSET=utf8mb3;

-- Dumping data for table duantotnghiep.chitieu: ~10 rows (approximately)
INSERT INTO `chitieu` (`id`, `ngaysua`, `ngaytao`, `nguoisua`, `nguoitao`, `trangthai`, `loaichitieu`, `sotien`, `idvidientu`) VALUES
	(1, NULL, '2023-11-19 16:59:26', NULL, 'doquochuy8173', 'ACTIVE', 1, 110000, 1),
	(2, NULL, '2023-11-18 16:59:26', NULL, 'doquochuy8173', 'ACTIVE', 0, 220000, 1),
	(3, NULL, '2023-11-19 16:59:26', NULL, 'doquochuy8173', 'ACTIVE', 1, 330000, 5),
	(4, NULL, '2023-11-18 16:59:26', NULL, 'doquochuy8173', 'ACTIVE', 0, 440000, 5),
	(5, NULL, '2023-11-19 16:59:26', NULL, 'doquochuy8173', 'ACTIVE', 0, 550000, 2),
	(6, NULL, '2023-11-18 16:59:26', NULL, 'doquochuy8173', 'ACTIVE', 1, 110000, 2),
	(7, NULL, '2023-11-19 16:59:26', NULL, 'doquochuy8173', 'ACTIVE', 0, 220000, 3),
	(8, NULL, '2023-11-18 16:59:26', NULL, 'doquochuy8173', 'ACTIVE', 1, 300000, 3),
	(9, NULL, '2023-11-19 16:59:26', NULL, 'doquochuy8173', 'ACTIVE', 1, 440000, 4),
	(10, NULL, '2023-11-18 16:59:26', NULL, 'doquochuy8173', 'ACTIVE', 0, 500000, 4);

-- Dumping structure for table duantotnghiep.chucvu
CREATE TABLE IF NOT EXISTS `chucvu` (
  `id` bigint NOT NULL AUTO_INCREMENT,
  `ngaysua` timestamp NULL DEFAULT NULL,
  `ngaytao` timestamp NULL DEFAULT NULL,
  `nguoisua` varchar(255) DEFAULT NULL,
  `nguoitao` varchar(255) DEFAULT NULL,
  `trangthai` varchar(255) DEFAULT 'ACTIVE',
  `ma` varchar(255) NOT NULL,
  `ten` varchar(255) DEFAULT NULL,
  PRIMARY KEY (`id`)
) ENGINE=InnoDB AUTO_INCREMENT=3 DEFAULT CHARSET=utf8mb3;

-- Dumping data for table duantotnghiep.chucvu: ~2 rows (approximately)
INSERT INTO `chucvu` (`id`, `ngaysua`, `ngaytao`, `nguoisua`, `nguoitao`, `trangthai`, `ma`, `ten`) VALUES
	(1, NULL, '2023-11-19 16:54:49', NULL, 'admin9193', 'ACTIVE', 'ADMIN', 'Quản lý hệ thống'),
	(2, NULL, '2023-11-19 16:54:50', NULL, 'admin9193', 'ACTIVE', 'STAFF', 'Nhân viên');

-- Dumping structure for table duantotnghiep.danhgiasanpham
CREATE TABLE IF NOT EXISTS `danhgiasanpham` (
  `id` bigint NOT NULL AUTO_INCREMENT,
  `ngaysua` timestamp NULL DEFAULT NULL,
  `ngaytao` timestamp NULL DEFAULT NULL,
  `nguoisua` varchar(255) DEFAULT NULL,
  `nguoitao` varchar(255) DEFAULT NULL,
  `trangthai` varchar(255) DEFAULT 'ACTIVE',
  `noidung` text,
  `sosao` int DEFAULT NULL,
  `idkhachhang` bigint DEFAULT NULL,
  `idsanpham` bigint DEFAULT NULL,
  PRIMARY KEY (`id`),
  KEY `FK3n3101mjmh45an8j6qkb82pon` (`idkhachhang`),
  KEY `FKnh67cfln5ihj5ownxeitn2vbb` (`idsanpham`),
  CONSTRAINT `FK3n3101mjmh45an8j6qkb82pon` FOREIGN KEY (`idkhachhang`) REFERENCES `khachhang` (`id`),
  CONSTRAINT `FKnh67cfln5ihj5ownxeitn2vbb` FOREIGN KEY (`idsanpham`) REFERENCES `sanpham` (`id`)
) ENGINE=InnoDB DEFAULT CHARSET=utf8mb3;

-- Dumping data for table duantotnghiep.danhgiasanpham: ~0 rows (approximately)

-- Dumping structure for table duantotnghiep.danhmuc
CREATE TABLE IF NOT EXISTS `danhmuc` (
  `id` bigint NOT NULL AUTO_INCREMENT,
  `ngaysua` timestamp NULL DEFAULT NULL,
  `ngaytao` timestamp NULL DEFAULT NULL,
  `nguoisua` varchar(255) DEFAULT NULL,
  `nguoitao` varchar(255) DEFAULT NULL,
  `trangthai` varchar(255) DEFAULT 'ACTIVE',
  `hienthi` int DEFAULT NULL,
  `slug` varchar(255) DEFAULT NULL,
  `ten` varchar(255) DEFAULT NULL,
  PRIMARY KEY (`id`),
  UNIQUE KEY `UK_sulfov08aud7rmuh75nxqn4fj` (`slug`)
) ENGINE=InnoDB AUTO_INCREMENT=11 DEFAULT CHARSET=utf8mb3;

-- Dumping data for table duantotnghiep.danhmuc: ~10 rows (approximately)
INSERT INTO `danhmuc` (`id`, `ngaysua`, `ngaytao`, `nguoisua`, `nguoitao`, `trangthai`, `hienthi`, `slug`, `ten`) VALUES
	(1, NULL, '2023-11-19 17:09:00', NULL, 'admin9193', 'ACTIVE', NULL, 'ao-thun', 'Áo thun'),
	(2, NULL, '2023-11-19 17:18:46', NULL, 'admin9193', 'ACTIVE', NULL, 'ao-so-mi', 'Áo sơ mi'),
	(3, NULL, '2023-11-19 17:18:46', NULL, 'admin9193', 'ACTIVE', NULL, 'ao-polo', 'Áo polo'),
	(4, NULL, '2023-11-19 17:18:47', NULL, 'admin9193', 'ACTIVE', NULL, 'ao-len-cardigan', 'Áo len & Cardigan'),
	(5, NULL, '2023-11-19 17:18:48', NULL, 'admin9193', 'ACTIVE', NULL, 'ao-khoac', 'Áo khoác'),
	(6, NULL, '2023-11-19 17:18:48', NULL, 'admin9193', 'ACTIVE', NULL, 'quan-jeans', 'Quần Jeans'),
	(7, NULL, '2023-11-19 17:18:49', NULL, 'admin9193', 'ACTIVE', NULL, 'quan-dai-quan-au', 'Quần dài / Quần Âu'),
	(8, NULL, '2023-11-19 17:18:49', NULL, 'admin9193', 'ACTIVE', NULL, 'quan-dui', 'Quần short'),
	(9, NULL, '2023-11-19 17:18:50', NULL, 'admin9193', 'ACTIVE', NULL, 'quan-ngu', 'Quần ngủ'),
	(10, NULL, '2023-11-19 17:18:51', NULL, 'admin9193', 'ACTIVE', NULL, 'quan-kaki', 'Quần  Kaki');

-- Dumping structure for table duantotnghiep.giatrithuoctinh
CREATE TABLE IF NOT EXISTS `giatrithuoctinh` (
  `id` bigint NOT NULL AUTO_INCREMENT,
  `ngaysua` timestamp NULL DEFAULT NULL,
  `ngaytao` timestamp NULL DEFAULT NULL,
  `nguoisua` varchar(255) DEFAULT NULL,
  `nguoitao` varchar(255) DEFAULT NULL,
  `trangthai` varchar(255) DEFAULT 'ACTIVE',
  `giatri` varchar(255) DEFAULT NULL,
  `idsanpham` bigint DEFAULT NULL,
  `idthuoctinh` bigint DEFAULT NULL,
  PRIMARY KEY (`id`),
  KEY `FKpm5svcqbt5m7ipbbihqu6d139` (`idsanpham`),
  KEY `FK6y4ueyayt8cgynk5a14wylvun` (`idthuoctinh`),
  CONSTRAINT `FK6y4ueyayt8cgynk5a14wylvun` FOREIGN KEY (`idthuoctinh`) REFERENCES `thuoctinh` (`id`),
  CONSTRAINT `FKpm5svcqbt5m7ipbbihqu6d139` FOREIGN KEY (`idsanpham`) REFERENCES `sanpham` (`id`)
) ENGINE=InnoDB AUTO_INCREMENT=198 DEFAULT CHARSET=utf8mb3;

-- Dumping data for table duantotnghiep.giatrithuoctinh: ~174 rows (approximately)
INSERT INTO `giatrithuoctinh` (`id`, `ngaysua`, `ngaytao`, `nguoisua`, `nguoitao`, `trangthai`, `giatri`, `idsanpham`, `idthuoctinh`) VALUES
	(1, NULL, '2023-11-22 16:26:03', NULL, 'admin9193', 'ACTIVE', 'Trắng', 1, 1),
	(2, NULL, '2023-11-22 16:26:03', NULL, 'admin9193', 'ACTIVE', 'Đen', 1, 1),
	(3, NULL, '2023-11-22 16:26:03', NULL, 'admin9193', 'ACTIVE', 'M', 1, 2),
	(4, NULL, '2023-11-22 16:26:03', NULL, 'admin9193', 'ACTIVE', 'L', 1, 2),
	(5, NULL, '2023-11-22 16:26:03', NULL, 'admin9193', 'ACTIVE', 'XL', 1, 2),
	(6, NULL, '2023-11-22 16:26:03', NULL, 'admin9193', 'ACTIVE', 'XXL', 1, 2),
	(7, NULL, '2023-11-22 16:30:53', NULL, 'admin9193', 'ACTIVE', 'Trắng', 2, 3),
	(8, NULL, '2023-11-22 16:30:53', NULL, 'admin9193', 'ACTIVE', 'Đen', 2, 3),
	(9, NULL, '2023-11-22 16:30:53', NULL, 'admin9193', 'ACTIVE', 'Xanh', 2, 3),
	(10, NULL, '2023-11-22 16:30:53', NULL, 'admin9193', 'ACTIVE', 'Nâu', 2, 3),
	(11, NULL, '2023-11-22 16:30:53', NULL, 'admin9193', 'ACTIVE', 'S', 2, 4),
	(12, NULL, '2023-11-22 16:30:53', NULL, 'admin9193', 'ACTIVE', 'M', 2, 4),
	(13, NULL, '2023-11-22 16:30:53', NULL, 'admin9193', 'ACTIVE', 'L', 2, 4),
	(14, NULL, '2023-11-22 16:30:53', NULL, 'admin9193', 'ACTIVE', 'XL', 2, 4),
	(15, NULL, '2023-11-22 16:30:53', NULL, 'admin9193', 'ACTIVE', 'XXL', 2, 4),
	(16, NULL, '2023-11-22 16:34:35', NULL, 'admin9193', 'ACTIVE', 'Xanh', 3, 5),
	(17, NULL, '2023-11-22 16:34:35', NULL, 'admin9193', 'ACTIVE', 'Trắng', 3, 5),
	(18, NULL, '2023-11-22 16:34:35', NULL, 'admin9193', 'ACTIVE', 'Đen', 3, 5),
	(19, NULL, '2023-11-22 16:34:35', NULL, 'admin9193', 'ACTIVE', 'M', 3, 6),
	(20, NULL, '2023-11-22 16:34:35', NULL, 'admin9193', 'ACTIVE', 'L', 3, 6),
	(21, NULL, '2023-11-22 16:34:35', NULL, 'admin9193', 'ACTIVE', 'XL', 3, 6),
	(22, NULL, '2023-11-22 18:33:37', NULL, 'admin9193', 'ACTIVE', 'Trắng', 4, 7),
	(23, NULL, '2023-11-22 18:33:37', NULL, 'admin9193', 'ACTIVE', 'Đen', 4, 7),
	(24, NULL, '2023-11-22 18:33:37', NULL, 'admin9193', 'ACTIVE', 'Hồng', 4, 7),
	(25, NULL, '2023-11-22 18:33:37', NULL, 'admin9193', 'ACTIVE', 'S', 4, 8),
	(26, NULL, '2023-11-22 18:33:37', NULL, 'admin9193', 'ACTIVE', 'M', 4, 8),
	(27, NULL, '2023-11-22 18:33:37', NULL, 'admin9193', 'ACTIVE', 'L', 4, 8),
	(28, NULL, '2023-11-22 18:33:37', NULL, 'admin9193', 'ACTIVE', 'XL', 4, 8),
	(29, NULL, '2023-11-27 02:22:04', NULL, 'admin9193', 'ACTIVE', 'Trắng', 5, 9),
	(30, NULL, '2023-11-27 02:22:06', NULL, 'admin9193', 'ACTIVE', 'Đen', 5, 9),
	(31, NULL, '2023-11-27 02:22:06', NULL, 'admin9193', 'ACTIVE', 'M', 5, 10),
	(32, NULL, '2023-11-27 02:22:06', NULL, 'admin9193', 'ACTIVE', 'XL', 5, 10),
	(33, NULL, '2023-11-27 02:39:52', NULL, 'admin9193', 'ACTIVE', 'Be', 7, 11),
	(34, NULL, '2023-11-27 02:39:52', NULL, 'admin9193', 'ACTIVE', 'Đen', 7, 11),
	(35, NULL, '2023-11-27 02:39:52', NULL, 'admin9193', 'ACTIVE', 'M', 7, 12),
	(36, NULL, '2023-11-27 02:39:52', NULL, 'admin9193', 'ACTIVE', 'L', 7, 12),
	(37, NULL, '2023-11-27 02:43:46', NULL, 'admin9193', 'ACTIVE', 'Đen', 8, 13),
	(38, NULL, '2023-11-27 02:43:46', NULL, 'admin9193', 'ACTIVE', 'L', 8, 14),
	(39, NULL, '2023-11-27 02:43:46', NULL, 'admin9193', 'ACTIVE', 'XL', 8, 14),
	(40, NULL, '2023-11-27 02:46:17', NULL, 'admin9193', 'ACTIVE', 'Đen', 9, 15),
	(41, NULL, '2023-11-27 02:46:17', NULL, 'admin9193', 'ACTIVE', 'L', 9, 16),
	(42, NULL, '2023-11-27 02:46:17', NULL, 'admin9193', 'ACTIVE', 'XL', 9, 16),
	(43, NULL, '2023-11-27 02:48:58', NULL, 'admin9193', 'ACTIVE', 'Đen', 10, 17),
	(44, NULL, '2023-11-27 02:48:58', NULL, 'admin9193', 'ACTIVE', 'M', 10, 18),
	(45, NULL, '2023-11-27 02:48:58', NULL, 'admin9193', 'ACTIVE', 'L', 10, 18),
	(46, NULL, '2023-11-27 02:53:09', NULL, 'admin9193', 'ACTIVE', 'Đen', 11, 19),
	(47, NULL, '2023-11-27 02:53:09', NULL, 'admin9193', 'ACTIVE', 'Be', 11, 19),
	(48, NULL, '2023-11-27 02:53:09', NULL, 'admin9193', 'ACTIVE', 'M', 11, 20),
	(49, NULL, '2023-11-27 02:53:09', NULL, 'admin9193', 'ACTIVE', 'XL', 11, 20),
	(50, NULL, '2023-11-27 02:56:20', NULL, 'admin9193', 'ACTIVE', 'Đen', 12, 21),
	(51, NULL, '2023-11-27 02:56:20', NULL, 'admin9193', 'ACTIVE', 'M', 12, 22),
	(52, NULL, '2023-11-27 02:56:20', NULL, 'admin9193', 'ACTIVE', 'XL', 12, 22),
	(57, NULL, '2023-11-27 03:00:35', NULL, 'admin9193', 'ACTIVE', 'Đen', 14, 25),
	(58, NULL, '2023-11-27 03:00:35', NULL, 'admin9193', 'ACTIVE', 'Trắng', 14, 25),
	(59, NULL, '2023-11-27 03:00:35', NULL, 'admin9193', 'ACTIVE', 'M', 14, 26),
	(60, NULL, '2023-11-27 03:00:35', NULL, 'admin9193', 'ACTIVE', 'XL', 14, 26),
	(70, NULL, '2023-11-27 03:03:37', NULL, 'admin9193', 'ACTIVE', 'Đen', 18, 33),
	(71, NULL, '2023-11-27 03:03:37', NULL, 'admin9193', 'ACTIVE', 'M', 18, 34),
	(72, NULL, '2023-11-27 03:03:37', NULL, 'admin9193', 'ACTIVE', 'XL', 18, 34),
	(73, NULL, '2023-11-27 03:06:11', NULL, 'admin9193', 'ACTIVE', 'Be', 19, 35),
	(74, NULL, '2023-11-27 03:06:11', NULL, 'admin9193', 'ACTIVE', 'Đen', 19, 35),
	(85, NULL, '2023-11-27 03:16:46', NULL, 'admin9193', 'ACTIVE', 'Be', 22, 40),
	(86, NULL, '2023-11-27 03:16:46', NULL, 'admin9193', 'ACTIVE', 'Xanh', 22, 40),
	(87, NULL, '2023-11-27 03:16:46', NULL, 'admin9193', 'ACTIVE', 'Xám', 22, 40),
	(88, NULL, '2023-11-27 03:16:46', NULL, 'admin9193', 'ACTIVE', 'M', 22, 41),
	(89, NULL, '2023-11-27 03:16:46', NULL, 'admin9193', 'ACTIVE', 'XL', 22, 41),
	(90, NULL, '2023-11-27 03:20:51', NULL, 'admin9193', 'ACTIVE', 'Trắng', 23, 42),
	(91, NULL, '2023-11-27 03:20:51', NULL, 'admin9193', 'ACTIVE', 'Xanh', 23, 42),
	(92, NULL, '2023-11-27 03:20:51', NULL, 'admin9193', 'ACTIVE', 'Xám', 23, 42),
	(93, NULL, '2023-11-27 03:25:03', NULL, 'admin9193', 'ACTIVE', 'Be', 24, 43),
	(94, NULL, '2023-11-27 03:25:03', NULL, 'admin9193', 'ACTIVE', 'Nâu', 24, 43),
	(95, NULL, '2023-11-27 03:25:03', NULL, 'admin9193', 'ACTIVE', 'Xám', 24, 43),
	(96, NULL, '2023-11-27 03:25:03', NULL, 'admin9193', 'ACTIVE', 'Đen', 24, 43),
	(97, NULL, '2023-11-27 03:29:29', NULL, 'admin9193', 'ACTIVE', 'Xanh dương', 25, 45),
	(98, NULL, '2023-11-27 03:29:29', NULL, 'admin9193', 'ACTIVE', 'Đen', 25, 45),
	(99, NULL, '2023-11-27 03:29:29', NULL, 'admin9193', 'ACTIVE', 'Trắng', 25, 45),
	(100, NULL, '2023-11-27 03:36:20', NULL, 'admin9193', 'ACTIVE', 'Xanh', 26, 47),
	(101, NULL, '2023-11-27 03:36:20', NULL, 'admin9193', 'ACTIVE', 'Đen', 26, 47),
	(102, NULL, '2023-11-27 03:36:20', NULL, 'admin9193', 'ACTIVE', 'Trắng', 26, 47),
	(103, NULL, '2023-11-27 03:36:20', NULL, 'admin9193', 'ACTIVE', 'Xám', 26, 47),
	(104, NULL, '2023-11-27 03:36:20', NULL, 'admin9193', 'ACTIVE', 'M', 26, 48),
	(105, NULL, '2023-11-27 03:36:20', NULL, 'admin9193', 'ACTIVE', 'XL', 26, 48),
	(106, NULL, '2023-11-27 03:36:20', NULL, 'admin9193', 'ACTIVE', 'S', 26, 48),
	(107, NULL, '2023-11-27 03:40:53', NULL, 'admin9193', 'ACTIVE', 'Đen', 27, 49),
	(108, NULL, '2023-11-27 03:40:53', NULL, 'admin9193', 'ACTIVE', 'Xám', 27, 49),
	(109, NULL, '2023-11-27 03:40:53', NULL, 'admin9193', 'ACTIVE', 'Xanh nhạt', 27, 49),
	(110, NULL, '2023-11-27 03:40:53', NULL, 'admin9193', 'ACTIVE', '30', 27, 50),
	(111, NULL, '2023-11-27 03:40:53', NULL, 'admin9193', 'ACTIVE', '31', 27, 50),
	(112, NULL, '2023-11-27 03:40:53', NULL, 'admin9193', 'ACTIVE', '32', 27, 50),
	(113, NULL, '2023-11-27 15:27:16', NULL, 'admin9193', 'ACTIVE', 'Đen', 28, 51),
	(114, NULL, '2023-11-27 15:27:16', NULL, 'admin9193', 'ACTIVE', 'Vàng', 28, 51),
	(115, NULL, '2023-11-27 15:27:16', NULL, 'admin9193', 'ACTIVE', 'Xanh Đậm', 28, 51),
	(116, NULL, '2023-11-27 15:27:16', NULL, 'admin9193', 'ACTIVE', 'Xanh Nhạt', 28, 51),
	(117, NULL, '2023-11-27 15:27:16', NULL, 'admin9193', 'ACTIVE', 'Xám', 28, 51),
	(118, NULL, '2023-11-27 15:27:16', NULL, 'admin9193', 'ACTIVE', 'M', 28, 52),
	(119, NULL, '2023-11-27 15:27:16', NULL, 'admin9193', 'ACTIVE', 'L', 28, 52),
	(120, NULL, '2023-11-27 15:27:16', NULL, 'admin9193', 'ACTIVE', 'XL', 28, 52),
	(121, NULL, '2023-11-27 15:39:14', NULL, 'admin9193', 'ACTIVE', 'Be', 29, 53),
	(122, NULL, '2023-11-27 15:39:14', NULL, 'admin9193', 'ACTIVE', 'Đen', 29, 53),
	(123, NULL, '2023-11-27 15:39:14', NULL, 'admin9193', 'ACTIVE', 'M', 29, 54),
	(124, NULL, '2023-11-27 15:39:14', NULL, 'admin9193', 'ACTIVE', 'L', 29, 54),
	(125, NULL, '2023-11-27 15:39:14', NULL, 'admin9193', 'ACTIVE', 'XL', 29, 54),
	(126, NULL, '2023-11-27 15:39:14', NULL, 'admin9193', 'ACTIVE', '2XL', 29, 54),
	(127, NULL, '2023-11-27 15:42:19', NULL, 'admin9193', 'ACTIVE', 'Đen', 30, 55),
	(128, NULL, '2023-11-27 15:42:19', NULL, 'admin9193', 'ACTIVE', 'Xanh Lá', 30, 55),
	(129, NULL, '2023-11-27 15:42:19', NULL, 'admin9193', 'ACTIVE', 'Kaki', 30, 55),
	(130, NULL, '2023-11-27 15:42:19', NULL, 'admin9193', 'ACTIVE', 'M', 30, 56),
	(131, NULL, '2023-11-27 15:42:19', NULL, 'admin9193', 'ACTIVE', 'L', 30, 56),
	(132, NULL, '2023-11-27 15:42:19', NULL, 'admin9193', 'ACTIVE', 'XL', 30, 56),
	(133, NULL, '2023-11-27 15:42:19', NULL, 'admin9193', 'ACTIVE', '2XL', 30, 56),
	(134, NULL, '2023-11-27 15:42:19', NULL, 'admin9193', 'ACTIVE', '3XL', 30, 56),
	(135, NULL, '2023-11-27 15:44:42', NULL, 'admin9193', 'ACTIVE', 'M', 31, 57),
	(136, NULL, '2023-11-27 15:44:42', NULL, 'admin9193', 'ACTIVE', 'L', 31, 57),
	(137, NULL, '2023-11-27 15:44:42', NULL, 'admin9193', 'ACTIVE', 'XL', 31, 57),
	(138, NULL, '2023-11-27 15:44:42', NULL, 'admin9193', 'ACTIVE', '2XL', 31, 57),
	(139, NULL, '2023-11-27 15:44:42', NULL, 'admin9193', 'ACTIVE', '3XL', 31, 57),
	(140, NULL, '2023-11-27 15:47:45', NULL, 'admin9193', 'ACTIVE', 'Đen', 32, 58),
	(141, NULL, '2023-11-27 15:47:45', NULL, 'admin9193', 'ACTIVE', 'Be', 32, 58),
	(142, NULL, '2023-11-27 15:47:45', NULL, 'admin9193', 'ACTIVE', 'M', 32, 59),
	(143, NULL, '2023-11-27 15:47:45', NULL, 'admin9193', 'ACTIVE', 'L', 32, 59),
	(144, NULL, '2023-11-27 15:47:45', NULL, 'admin9193', 'ACTIVE', 'XL', 32, 59),
	(145, NULL, '2023-11-27 15:47:45', NULL, 'admin9193', 'ACTIVE', 'XXL', 32, 59),
	(146, NULL, '2023-11-27 15:47:45', NULL, 'admin9193', 'ACTIVE', '3XL', 32, 59),
	(147, NULL, '2023-11-27 15:55:39', NULL, 'admin9193', 'ACTIVE', 'Xám', 33, 60),
	(148, NULL, '2023-11-27 15:55:39', NULL, 'admin9193', 'ACTIVE', 'Xanh nhạt', 33, 60),
	(149, NULL, '2023-11-27 15:55:39', NULL, 'admin9193', 'ACTIVE', 'M', 33, 61),
	(150, NULL, '2023-11-27 15:55:39', NULL, 'admin9193', 'ACTIVE', 'L', 33, 61),
	(151, NULL, '2023-11-27 15:55:39', NULL, 'admin9193', 'ACTIVE', 'XL', 33, 61),
	(152, NULL, '2023-11-27 15:55:39', NULL, 'admin9193', 'ACTIVE', '2XL', 33, 61),
	(153, NULL, '2023-11-27 16:02:20', NULL, 'admin9193', 'ACTIVE', 'JX:90', 34, 62),
	(154, NULL, '2023-11-27 16:02:20', NULL, 'admin9193', 'ACTIVE', 'JX:92', 34, 62),
	(155, NULL, '2023-11-27 16:02:20', NULL, 'admin9193', 'ACTIVE', 'M', 34, 63),
	(156, NULL, '2023-11-27 16:02:20', NULL, 'admin9193', 'ACTIVE', 'L', 34, 63),
	(157, NULL, '2023-11-27 16:02:20', NULL, 'admin9193', 'ACTIVE', 'XL', 34, 63),
	(158, NULL, '2023-11-27 16:02:20', NULL, 'admin9193', 'ACTIVE', 'XXL', 34, 63),
	(159, NULL, '2023-11-27 16:07:29', NULL, 'admin9193', 'ACTIVE', 'Xanh', 35, 64),
	(160, NULL, '2023-11-27 16:07:29', NULL, 'admin9193', 'ACTIVE', 'Đen', 35, 64),
	(161, NULL, '2023-11-27 16:07:29', NULL, 'admin9193', 'ACTIVE', '30', 35, 65),
	(162, NULL, '2023-11-27 16:07:29', NULL, 'admin9193', 'ACTIVE', '31', 35, 65),
	(163, NULL, '2023-11-27 16:07:29', NULL, 'admin9193', 'ACTIVE', '32', 35, 65),
	(164, NULL, '2023-11-27 16:07:29', NULL, 'admin9193', 'ACTIVE', '33', 35, 65),
	(165, NULL, '2023-11-27 16:07:29', NULL, 'admin9193', 'ACTIVE', '29', 35, 65),
	(166, NULL, '2023-11-27 16:07:29', NULL, 'admin9193', 'ACTIVE', '28', 35, 65),
	(167, NULL, '2023-11-27 16:11:30', NULL, 'admin9193', 'ACTIVE', 'Be', 36, 66),
	(168, NULL, '2023-11-27 16:11:30', NULL, 'admin9193', 'ACTIVE', 'Đen', 36, 66),
	(169, NULL, '2023-11-27 16:11:30', NULL, 'admin9193', 'ACTIVE', 'Nâu', 36, 66),
	(170, NULL, '2023-11-27 16:11:30', NULL, 'admin9193', 'ACTIVE', 'S', 36, 67),
	(171, NULL, '2023-11-27 16:11:30', NULL, 'admin9193', 'ACTIVE', 'M', 36, 67),
	(172, NULL, '2023-11-27 16:11:30', NULL, 'admin9193', 'ACTIVE', 'L', 36, 67),
	(173, NULL, '2023-11-27 16:11:30', NULL, 'admin9193', 'ACTIVE', 'XL', 36, 67),
	(174, NULL, '2023-11-27 16:18:34', NULL, 'admin9193', 'ACTIVE', '28', 37, 68),
	(175, NULL, '2023-11-27 16:18:34', NULL, 'admin9193', 'ACTIVE', '29', 37, 68),
	(176, NULL, '2023-11-27 16:18:34', NULL, 'admin9193', 'ACTIVE', '30', 37, 68),
	(177, NULL, '2023-11-27 16:18:34', NULL, 'admin9193', 'ACTIVE', '31', 37, 68),
	(178, NULL, '2023-11-27 16:18:34', NULL, 'admin9193', 'ACTIVE', '32', 37, 68),
	(179, NULL, '2023-11-27 16:24:18', NULL, 'admin9193', 'ACTIVE', 'Đen', 38, 69),
	(180, NULL, '2023-11-27 16:24:18', NULL, 'admin9193', 'ACTIVE', 'Xanh Nhạt', 38, 69),
	(181, NULL, '2023-11-27 16:24:18', NULL, 'admin9193', 'ACTIVE', 'M', 38, 70),
	(182, NULL, '2023-11-27 16:24:18', NULL, 'admin9193', 'ACTIVE', 'L', 38, 70),
	(183, NULL, '2023-11-27 16:24:18', NULL, 'admin9193', 'ACTIVE', 'XL', 38, 70),
	(184, NULL, '2023-11-27 16:24:18', NULL, 'admin9193', 'ACTIVE', '2XL', 38, 70),
	(185, NULL, '2023-11-27 16:29:04', NULL, 'admin9193', 'ACTIVE', 'M', 39, 71),
	(186, NULL, '2023-11-27 16:29:04', NULL, 'admin9193', 'ACTIVE', 'L', 39, 71),
	(187, NULL, '2023-11-27 16:29:04', NULL, 'admin9193', 'ACTIVE', 'XL', 39, 71),
	(188, NULL, '2023-11-27 16:29:04', NULL, 'admin9193', 'ACTIVE', '2XL', 39, 71),
	(189, NULL, '2023-11-27 16:40:54', NULL, 'admin9193', 'ACTIVE', 'M', 41, 72),
	(190, NULL, '2023-11-27 16:40:54', NULL, 'admin9193', 'ACTIVE', 'L', 41, 72),
	(191, NULL, '2023-11-27 16:40:54', NULL, 'admin9193', 'ACTIVE', 'XL', 41, 72),
	(192, NULL, '2023-11-27 16:48:19', NULL, 'admin9193', 'ACTIVE', 'M', 42, 73),
	(193, NULL, '2023-11-27 16:48:19', NULL, 'admin9193', 'ACTIVE', 'L', 42, 73),
	(194, NULL, '2023-11-27 16:48:19', NULL, 'admin9193', 'ACTIVE', 'XL', 42, 73),
	(195, NULL, '2023-12-03 10:21:39', NULL, 'admin9193', 'ACTIVE', 'Đen', 43, 74),
	(196, NULL, '2023-12-03 10:21:39', NULL, 'admin9193', 'ACTIVE', 'X', 43, 75),
	(197, NULL, '2023-12-03 10:21:39', NULL, 'admin9193', 'ACTIVE', 'XL', 43, 75);

-- Dumping structure for table duantotnghiep.giatrithuoctinhbienthe
CREATE TABLE IF NOT EXISTS `giatrithuoctinhbienthe` (
  `id` bigint NOT NULL AUTO_INCREMENT,
  `ngaysua` timestamp NULL DEFAULT NULL,
  `ngaytao` timestamp NULL DEFAULT NULL,
  `nguoisua` varchar(255) DEFAULT NULL,
  `nguoitao` varchar(255) DEFAULT NULL,
  `trangthai` varchar(255) DEFAULT 'ACTIVE',
  `idbienthe` bigint DEFAULT NULL,
  `idgiatrithuoctinh` bigint DEFAULT NULL,
  PRIMARY KEY (`id`),
  KEY `FKobw0qcs615au67nx2d0ktp41d` (`idbienthe`),
  KEY `FKnj57apbbxsmiwq7187rsgtp7s` (`idgiatrithuoctinh`),
  CONSTRAINT `FKnj57apbbxsmiwq7187rsgtp7s` FOREIGN KEY (`idgiatrithuoctinh`) REFERENCES `giatrithuoctinh` (`id`),
  CONSTRAINT `FKobw0qcs615au67nx2d0ktp41d` FOREIGN KEY (`idbienthe`) REFERENCES `bienthe` (`id`)
) ENGINE=InnoDB AUTO_INCREMENT=779 DEFAULT CHARSET=utf8mb3;

-- Dumping data for table duantotnghiep.giatrithuoctinhbienthe: ~432 rows (approximately)
INSERT INTO `giatrithuoctinhbienthe` (`id`, `ngaysua`, `ngaytao`, `nguoisua`, `nguoitao`, `trangthai`, `idbienthe`, `idgiatrithuoctinh`) VALUES
	(148, NULL, NULL, NULL, NULL, 'ACTIVE', 1, 1),
	(149, NULL, NULL, NULL, NULL, 'ACTIVE', 1, 3),
	(151, NULL, NULL, NULL, NULL, 'ACTIVE', 2, 1),
	(152, NULL, NULL, NULL, NULL, 'ACTIVE', 2, 4),
	(154, NULL, NULL, NULL, NULL, 'ACTIVE', 3, 1),
	(155, NULL, NULL, NULL, NULL, 'ACTIVE', 3, 5),
	(157, NULL, NULL, NULL, NULL, 'ACTIVE', 4, 1),
	(158, NULL, NULL, NULL, NULL, 'ACTIVE', 4, 6),
	(160, NULL, NULL, NULL, NULL, 'ACTIVE', 5, 2),
	(161, NULL, NULL, NULL, NULL, 'ACTIVE', 5, 3),
	(163, NULL, NULL, NULL, NULL, 'ACTIVE', 6, 2),
	(164, NULL, NULL, NULL, NULL, 'ACTIVE', 6, 4),
	(166, NULL, NULL, NULL, NULL, 'ACTIVE', 7, 2),
	(167, NULL, NULL, NULL, NULL, 'ACTIVE', 7, 5),
	(169, NULL, NULL, NULL, NULL, 'ACTIVE', 8, 2),
	(170, NULL, NULL, NULL, NULL, 'ACTIVE', 8, 6),
	(172, NULL, NULL, NULL, NULL, 'ACTIVE', 9, 7),
	(173, NULL, NULL, NULL, NULL, 'ACTIVE', 9, 11),
	(175, NULL, NULL, NULL, NULL, 'ACTIVE', 10, 7),
	(176, NULL, NULL, NULL, NULL, 'ACTIVE', 10, 12),
	(178, NULL, NULL, NULL, NULL, 'ACTIVE', 11, 7),
	(179, NULL, NULL, NULL, NULL, 'ACTIVE', 11, 13),
	(181, NULL, NULL, NULL, NULL, 'ACTIVE', 12, 7),
	(182, NULL, NULL, NULL, NULL, 'ACTIVE', 12, 14),
	(184, NULL, NULL, NULL, NULL, 'ACTIVE', 13, 7),
	(185, NULL, NULL, NULL, NULL, 'ACTIVE', 13, 15),
	(187, NULL, NULL, NULL, NULL, 'ACTIVE', 14, 8),
	(188, NULL, NULL, NULL, NULL, 'ACTIVE', 14, 11),
	(190, NULL, NULL, NULL, NULL, 'ACTIVE', 15, 8),
	(191, NULL, NULL, NULL, NULL, 'ACTIVE', 15, 12),
	(193, NULL, NULL, NULL, NULL, 'ACTIVE', 16, 8),
	(194, NULL, NULL, NULL, NULL, 'ACTIVE', 16, 13),
	(196, NULL, NULL, NULL, NULL, 'ACTIVE', 17, 8),
	(197, NULL, NULL, NULL, NULL, 'ACTIVE', 17, 14),
	(199, NULL, NULL, NULL, NULL, 'ACTIVE', 18, 8),
	(200, NULL, NULL, NULL, NULL, 'ACTIVE', 18, 15),
	(202, NULL, NULL, NULL, NULL, 'ACTIVE', 19, 9),
	(203, NULL, NULL, NULL, NULL, 'ACTIVE', 19, 11),
	(205, NULL, NULL, NULL, NULL, 'ACTIVE', 20, 9),
	(206, NULL, NULL, NULL, NULL, 'ACTIVE', 20, 12),
	(208, NULL, NULL, NULL, NULL, 'ACTIVE', 21, 9),
	(209, NULL, NULL, NULL, NULL, 'ACTIVE', 21, 13),
	(211, NULL, NULL, NULL, NULL, 'ACTIVE', 22, 9),
	(212, NULL, NULL, NULL, NULL, 'ACTIVE', 22, 14),
	(214, NULL, NULL, NULL, NULL, 'ACTIVE', 23, 9),
	(215, NULL, NULL, NULL, NULL, 'ACTIVE', 23, 15),
	(217, NULL, NULL, NULL, NULL, 'ACTIVE', 24, 10),
	(218, NULL, NULL, NULL, NULL, 'ACTIVE', 24, 11),
	(220, NULL, NULL, NULL, NULL, 'ACTIVE', 25, 10),
	(221, NULL, NULL, NULL, NULL, 'ACTIVE', 25, 12),
	(223, NULL, NULL, NULL, NULL, 'ACTIVE', 26, 10),
	(224, NULL, NULL, NULL, NULL, 'ACTIVE', 26, 13),
	(226, NULL, NULL, NULL, NULL, 'ACTIVE', 27, 10),
	(227, NULL, NULL, NULL, NULL, 'ACTIVE', 27, 14),
	(229, NULL, NULL, NULL, NULL, 'ACTIVE', 28, 10),
	(230, NULL, NULL, NULL, NULL, 'ACTIVE', 28, 15),
	(232, NULL, NULL, NULL, NULL, 'ACTIVE', 29, 16),
	(233, NULL, NULL, NULL, NULL, 'ACTIVE', 29, 19),
	(235, NULL, NULL, NULL, NULL, 'ACTIVE', 30, 16),
	(236, NULL, NULL, NULL, NULL, 'ACTIVE', 30, 20),
	(238, NULL, NULL, NULL, NULL, 'ACTIVE', 31, 16),
	(239, NULL, NULL, NULL, NULL, 'ACTIVE', 31, 21),
	(241, NULL, NULL, NULL, NULL, 'ACTIVE', 32, 17),
	(242, NULL, NULL, NULL, NULL, 'ACTIVE', 32, 19),
	(244, NULL, NULL, NULL, NULL, 'ACTIVE', 33, 17),
	(245, NULL, NULL, NULL, NULL, 'ACTIVE', 33, 20),
	(247, NULL, NULL, NULL, NULL, 'ACTIVE', 34, 17),
	(248, NULL, NULL, NULL, NULL, 'ACTIVE', 34, 21),
	(250, NULL, NULL, NULL, NULL, 'ACTIVE', 35, 18),
	(251, NULL, NULL, NULL, NULL, 'ACTIVE', 35, 19),
	(253, NULL, NULL, NULL, NULL, 'ACTIVE', 36, 18),
	(254, NULL, NULL, NULL, NULL, 'ACTIVE', 36, 20),
	(256, NULL, NULL, NULL, NULL, 'ACTIVE', 37, 18),
	(257, NULL, NULL, NULL, NULL, 'ACTIVE', 37, 21),
	(259, NULL, NULL, NULL, NULL, 'ACTIVE', 38, 22),
	(260, NULL, NULL, NULL, NULL, 'ACTIVE', 38, 25),
	(262, NULL, NULL, NULL, NULL, 'ACTIVE', 39, 22),
	(263, NULL, NULL, NULL, NULL, 'ACTIVE', 39, 26),
	(265, NULL, NULL, NULL, NULL, 'ACTIVE', 40, 22),
	(266, NULL, NULL, NULL, NULL, 'ACTIVE', 40, 27),
	(268, NULL, NULL, NULL, NULL, 'ACTIVE', 41, 22),
	(269, NULL, NULL, NULL, NULL, 'ACTIVE', 41, 28),
	(271, NULL, NULL, NULL, NULL, 'ACTIVE', 42, 23),
	(272, NULL, NULL, NULL, NULL, 'ACTIVE', 42, 25),
	(274, NULL, NULL, NULL, NULL, 'ACTIVE', 43, 23),
	(275, NULL, NULL, NULL, NULL, 'ACTIVE', 43, 26),
	(277, NULL, NULL, NULL, NULL, 'ACTIVE', 44, 23),
	(278, NULL, NULL, NULL, NULL, 'ACTIVE', 44, 27),
	(280, NULL, NULL, NULL, NULL, 'ACTIVE', 45, 23),
	(281, NULL, NULL, NULL, NULL, 'ACTIVE', 45, 28),
	(283, NULL, NULL, NULL, NULL, 'ACTIVE', 46, 24),
	(284, NULL, NULL, NULL, NULL, 'ACTIVE', 46, 25),
	(286, NULL, NULL, NULL, NULL, 'ACTIVE', 47, 24),
	(287, NULL, NULL, NULL, NULL, 'ACTIVE', 47, 26),
	(289, NULL, NULL, NULL, NULL, 'ACTIVE', 48, 24),
	(290, NULL, NULL, NULL, NULL, 'ACTIVE', 48, 27),
	(292, NULL, NULL, NULL, NULL, 'ACTIVE', 49, 24),
	(293, NULL, NULL, NULL, NULL, 'ACTIVE', 49, 28),
	(295, NULL, NULL, NULL, NULL, 'ACTIVE', 50, 29),
	(296, NULL, NULL, NULL, NULL, 'ACTIVE', 50, 31),
	(298, NULL, NULL, NULL, NULL, 'ACTIVE', 51, 29),
	(299, NULL, NULL, NULL, NULL, 'ACTIVE', 51, 32),
	(301, NULL, NULL, NULL, NULL, 'ACTIVE', 52, 30),
	(302, NULL, NULL, NULL, NULL, 'ACTIVE', 52, 31),
	(304, NULL, NULL, NULL, NULL, 'ACTIVE', 53, 30),
	(305, NULL, NULL, NULL, NULL, 'ACTIVE', 53, 32),
	(307, NULL, NULL, NULL, NULL, 'ACTIVE', 54, 33),
	(308, NULL, NULL, NULL, NULL, 'ACTIVE', 54, 35),
	(310, NULL, NULL, NULL, NULL, 'ACTIVE', 55, 33),
	(311, NULL, NULL, NULL, NULL, 'ACTIVE', 55, 36),
	(313, NULL, NULL, NULL, NULL, 'ACTIVE', 56, 34),
	(314, NULL, NULL, NULL, NULL, 'ACTIVE', 56, 35),
	(316, NULL, NULL, NULL, NULL, 'ACTIVE', 57, 34),
	(317, NULL, NULL, NULL, NULL, 'ACTIVE', 57, 36),
	(319, NULL, NULL, NULL, NULL, 'ACTIVE', 58, 37),
	(320, NULL, NULL, NULL, NULL, 'ACTIVE', 58, 38),
	(322, NULL, NULL, NULL, NULL, 'ACTIVE', 59, 37),
	(323, NULL, NULL, NULL, NULL, 'ACTIVE', 59, 39),
	(325, NULL, NULL, NULL, NULL, 'ACTIVE', 60, 40),
	(326, NULL, NULL, NULL, NULL, 'ACTIVE', 60, 41),
	(328, NULL, NULL, NULL, NULL, 'ACTIVE', 61, 40),
	(329, NULL, NULL, NULL, NULL, 'ACTIVE', 61, 42),
	(331, NULL, NULL, NULL, NULL, 'ACTIVE', 62, 43),
	(332, NULL, NULL, NULL, NULL, 'ACTIVE', 62, 44),
	(334, NULL, NULL, NULL, NULL, 'ACTIVE', 63, 43),
	(335, NULL, NULL, NULL, NULL, 'ACTIVE', 63, 45),
	(337, NULL, NULL, NULL, NULL, 'ACTIVE', 64, 46),
	(338, NULL, NULL, NULL, NULL, 'ACTIVE', 64, 48),
	(340, NULL, NULL, NULL, NULL, 'ACTIVE', 65, 46),
	(341, NULL, NULL, NULL, NULL, 'ACTIVE', 65, 49),
	(343, NULL, NULL, NULL, NULL, 'ACTIVE', 66, 47),
	(344, NULL, NULL, NULL, NULL, 'ACTIVE', 66, 48),
	(346, NULL, NULL, NULL, NULL, 'ACTIVE', 67, 47),
	(347, NULL, NULL, NULL, NULL, 'ACTIVE', 67, 49),
	(349, NULL, NULL, NULL, NULL, 'ACTIVE', 68, 50),
	(350, NULL, NULL, NULL, NULL, 'ACTIVE', 68, 51),
	(352, NULL, NULL, NULL, NULL, 'ACTIVE', 69, 50),
	(353, NULL, NULL, NULL, NULL, 'ACTIVE', 69, 52),
	(355, NULL, NULL, NULL, NULL, 'ACTIVE', 72, 57),
	(356, NULL, NULL, NULL, NULL, 'ACTIVE', 72, 59),
	(358, NULL, NULL, NULL, NULL, 'ACTIVE', 73, 57),
	(359, NULL, NULL, NULL, NULL, 'ACTIVE', 73, 60),
	(361, NULL, NULL, NULL, NULL, 'ACTIVE', 74, 58),
	(362, NULL, NULL, NULL, NULL, 'ACTIVE', 74, 59),
	(364, NULL, NULL, NULL, NULL, 'ACTIVE', 75, 58),
	(365, NULL, NULL, NULL, NULL, 'ACTIVE', 75, 60),
	(367, NULL, NULL, NULL, NULL, 'ACTIVE', 79, 70),
	(368, NULL, NULL, NULL, NULL, 'ACTIVE', 79, 71),
	(370, NULL, NULL, NULL, NULL, 'ACTIVE', 80, 70),
	(371, NULL, NULL, NULL, NULL, 'ACTIVE', 80, 72),
	(373, NULL, NULL, NULL, NULL, 'ACTIVE', 81, 73),
	(374, NULL, NULL, NULL, NULL, 'ACTIVE', 82, 74),
	(375, NULL, NULL, NULL, NULL, 'ACTIVE', 85, 85),
	(376, NULL, NULL, NULL, NULL, 'ACTIVE', 85, 88),
	(378, NULL, NULL, NULL, NULL, 'ACTIVE', 86, 85),
	(379, NULL, NULL, NULL, NULL, 'ACTIVE', 86, 89),
	(381, NULL, NULL, NULL, NULL, 'ACTIVE', 87, 86),
	(382, NULL, NULL, NULL, NULL, 'ACTIVE', 87, 88),
	(384, NULL, NULL, NULL, NULL, 'ACTIVE', 88, 86),
	(385, NULL, NULL, NULL, NULL, 'ACTIVE', 88, 89),
	(387, NULL, NULL, NULL, NULL, 'ACTIVE', 89, 87),
	(388, NULL, NULL, NULL, NULL, 'ACTIVE', 89, 88),
	(390, NULL, NULL, NULL, NULL, 'ACTIVE', 90, 87),
	(391, NULL, NULL, NULL, NULL, 'ACTIVE', 90, 89),
	(393, NULL, NULL, NULL, NULL, 'ACTIVE', 91, 90),
	(394, NULL, NULL, NULL, NULL, 'ACTIVE', 92, 91),
	(395, NULL, NULL, NULL, NULL, 'ACTIVE', 93, 92),
	(396, NULL, NULL, NULL, NULL, 'ACTIVE', 94, 93),
	(397, NULL, NULL, NULL, NULL, 'ACTIVE', 95, 94),
	(398, NULL, NULL, NULL, NULL, 'ACTIVE', 96, 95),
	(399, NULL, NULL, NULL, NULL, 'ACTIVE', 97, 96),
	(400, NULL, NULL, NULL, NULL, 'ACTIVE', 98, 97),
	(401, NULL, NULL, NULL, NULL, 'ACTIVE', 99, 98),
	(402, NULL, NULL, NULL, NULL, 'ACTIVE', 100, 99),
	(403, NULL, NULL, NULL, NULL, 'ACTIVE', 101, 100),
	(404, NULL, NULL, NULL, NULL, 'ACTIVE', 101, 104),
	(406, NULL, NULL, NULL, NULL, 'ACTIVE', 102, 100),
	(407, NULL, NULL, NULL, NULL, 'ACTIVE', 102, 105),
	(409, NULL, NULL, NULL, NULL, 'ACTIVE', 103, 100),
	(410, NULL, NULL, NULL, NULL, 'ACTIVE', 103, 106),
	(412, NULL, NULL, NULL, NULL, 'ACTIVE', 104, 101),
	(413, NULL, NULL, NULL, NULL, 'ACTIVE', 104, 104),
	(415, NULL, NULL, NULL, NULL, 'ACTIVE', 105, 101),
	(416, NULL, NULL, NULL, NULL, 'ACTIVE', 105, 105),
	(418, NULL, NULL, NULL, NULL, 'ACTIVE', 106, 101),
	(419, NULL, NULL, NULL, NULL, 'ACTIVE', 106, 106),
	(421, NULL, NULL, NULL, NULL, 'ACTIVE', 107, 102),
	(422, NULL, NULL, NULL, NULL, 'ACTIVE', 107, 104),
	(424, NULL, NULL, NULL, NULL, 'ACTIVE', 108, 102),
	(425, NULL, NULL, NULL, NULL, 'ACTIVE', 108, 105),
	(427, NULL, NULL, NULL, NULL, 'ACTIVE', 109, 102),
	(428, NULL, NULL, NULL, NULL, 'ACTIVE', 109, 106),
	(430, NULL, NULL, NULL, NULL, 'ACTIVE', 110, 103),
	(431, NULL, NULL, NULL, NULL, 'ACTIVE', 110, 104),
	(433, NULL, NULL, NULL, NULL, 'ACTIVE', 111, 103),
	(434, NULL, NULL, NULL, NULL, 'ACTIVE', 111, 105),
	(436, NULL, NULL, NULL, NULL, 'ACTIVE', 112, 103),
	(437, NULL, NULL, NULL, NULL, 'ACTIVE', 112, 106),
	(439, NULL, NULL, NULL, NULL, 'ACTIVE', 113, 107),
	(440, NULL, NULL, NULL, NULL, 'ACTIVE', 113, 110),
	(442, NULL, NULL, NULL, NULL, 'ACTIVE', 114, 107),
	(443, NULL, NULL, NULL, NULL, 'ACTIVE', 114, 111),
	(445, NULL, NULL, NULL, NULL, 'ACTIVE', 115, 107),
	(446, NULL, NULL, NULL, NULL, 'ACTIVE', 115, 112),
	(448, NULL, NULL, NULL, NULL, 'ACTIVE', 116, 108),
	(449, NULL, NULL, NULL, NULL, 'ACTIVE', 116, 110),
	(451, NULL, NULL, NULL, NULL, 'ACTIVE', 117, 108),
	(452, NULL, NULL, NULL, NULL, 'ACTIVE', 117, 111),
	(454, NULL, NULL, NULL, NULL, 'ACTIVE', 118, 108),
	(455, NULL, NULL, NULL, NULL, 'ACTIVE', 118, 112),
	(457, NULL, NULL, NULL, NULL, 'ACTIVE', 119, 109),
	(458, NULL, NULL, NULL, NULL, 'ACTIVE', 119, 110),
	(460, NULL, NULL, NULL, NULL, 'ACTIVE', 120, 109),
	(461, NULL, NULL, NULL, NULL, 'ACTIVE', 120, 111),
	(463, NULL, NULL, NULL, NULL, 'ACTIVE', 121, 109),
	(464, NULL, NULL, NULL, NULL, 'ACTIVE', 121, 112),
	(466, NULL, NULL, NULL, NULL, 'ACTIVE', 122, 113),
	(467, NULL, NULL, NULL, NULL, 'ACTIVE', 122, 118),
	(469, NULL, NULL, NULL, NULL, 'ACTIVE', 123, 113),
	(470, NULL, NULL, NULL, NULL, 'ACTIVE', 123, 119),
	(472, NULL, NULL, NULL, NULL, 'ACTIVE', 124, 113),
	(473, NULL, NULL, NULL, NULL, 'ACTIVE', 124, 120),
	(475, NULL, NULL, NULL, NULL, 'ACTIVE', 125, 114),
	(476, NULL, NULL, NULL, NULL, 'ACTIVE', 125, 118),
	(478, NULL, NULL, NULL, NULL, 'ACTIVE', 126, 114),
	(479, NULL, NULL, NULL, NULL, 'ACTIVE', 126, 119),
	(481, NULL, NULL, NULL, NULL, 'ACTIVE', 127, 114),
	(482, NULL, NULL, NULL, NULL, 'ACTIVE', 127, 120),
	(484, NULL, NULL, NULL, NULL, 'ACTIVE', 128, 115),
	(485, NULL, NULL, NULL, NULL, 'ACTIVE', 128, 118),
	(487, NULL, NULL, NULL, NULL, 'ACTIVE', 129, 115),
	(488, NULL, NULL, NULL, NULL, 'ACTIVE', 129, 119),
	(490, NULL, NULL, NULL, NULL, 'ACTIVE', 130, 115),
	(491, NULL, NULL, NULL, NULL, 'ACTIVE', 130, 120),
	(493, NULL, NULL, NULL, NULL, 'ACTIVE', 131, 116),
	(494, NULL, NULL, NULL, NULL, 'ACTIVE', 131, 118),
	(496, NULL, NULL, NULL, NULL, 'ACTIVE', 132, 116),
	(497, NULL, NULL, NULL, NULL, 'ACTIVE', 132, 119),
	(499, NULL, NULL, NULL, NULL, 'ACTIVE', 133, 116),
	(500, NULL, NULL, NULL, NULL, 'ACTIVE', 133, 120),
	(502, NULL, NULL, NULL, NULL, 'ACTIVE', 134, 117),
	(503, NULL, NULL, NULL, NULL, 'ACTIVE', 134, 118),
	(505, NULL, NULL, NULL, NULL, 'ACTIVE', 135, 117),
	(506, NULL, NULL, NULL, NULL, 'ACTIVE', 135, 119),
	(508, NULL, NULL, NULL, NULL, 'ACTIVE', 136, 117),
	(509, NULL, NULL, NULL, NULL, 'ACTIVE', 136, 120),
	(511, NULL, NULL, NULL, NULL, 'ACTIVE', 137, 121),
	(512, NULL, NULL, NULL, NULL, 'ACTIVE', 137, 123),
	(514, NULL, NULL, NULL, NULL, 'ACTIVE', 138, 121),
	(515, NULL, NULL, NULL, NULL, 'ACTIVE', 138, 124),
	(517, NULL, NULL, NULL, NULL, 'ACTIVE', 139, 121),
	(518, NULL, NULL, NULL, NULL, 'ACTIVE', 139, 125),
	(520, NULL, NULL, NULL, NULL, 'ACTIVE', 140, 121),
	(521, NULL, NULL, NULL, NULL, 'ACTIVE', 140, 126),
	(523, NULL, NULL, NULL, NULL, 'ACTIVE', 141, 122),
	(524, NULL, NULL, NULL, NULL, 'ACTIVE', 141, 123),
	(526, NULL, NULL, NULL, NULL, 'ACTIVE', 142, 122),
	(527, NULL, NULL, NULL, NULL, 'ACTIVE', 142, 124),
	(529, NULL, NULL, NULL, NULL, 'ACTIVE', 143, 122),
	(530, NULL, NULL, NULL, NULL, 'ACTIVE', 143, 125),
	(532, NULL, NULL, NULL, NULL, 'ACTIVE', 144, 122),
	(533, NULL, NULL, NULL, NULL, 'ACTIVE', 144, 126),
	(535, NULL, NULL, NULL, NULL, 'ACTIVE', 145, 127),
	(536, NULL, NULL, NULL, NULL, 'ACTIVE', 145, 130),
	(538, NULL, NULL, NULL, NULL, 'ACTIVE', 146, 127),
	(539, NULL, NULL, NULL, NULL, 'ACTIVE', 146, 131),
	(541, NULL, NULL, NULL, NULL, 'ACTIVE', 147, 127),
	(542, NULL, NULL, NULL, NULL, 'ACTIVE', 147, 132),
	(544, NULL, NULL, NULL, NULL, 'ACTIVE', 148, 127),
	(545, NULL, NULL, NULL, NULL, 'ACTIVE', 148, 133),
	(547, NULL, NULL, NULL, NULL, 'ACTIVE', 149, 127),
	(548, NULL, NULL, NULL, NULL, 'ACTIVE', 149, 134),
	(550, NULL, NULL, NULL, NULL, 'ACTIVE', 150, 128),
	(551, NULL, NULL, NULL, NULL, 'ACTIVE', 150, 130),
	(553, NULL, NULL, NULL, NULL, 'ACTIVE', 151, 128),
	(554, NULL, NULL, NULL, NULL, 'ACTIVE', 151, 131),
	(556, NULL, NULL, NULL, NULL, 'ACTIVE', 152, 128),
	(557, NULL, NULL, NULL, NULL, 'ACTIVE', 152, 132),
	(559, NULL, NULL, NULL, NULL, 'ACTIVE', 153, 128),
	(560, NULL, NULL, NULL, NULL, 'ACTIVE', 153, 133),
	(562, NULL, NULL, NULL, NULL, 'ACTIVE', 154, 128),
	(563, NULL, NULL, NULL, NULL, 'ACTIVE', 154, 134),
	(565, NULL, NULL, NULL, NULL, 'ACTIVE', 155, 129),
	(566, NULL, NULL, NULL, NULL, 'ACTIVE', 155, 130),
	(568, NULL, NULL, NULL, NULL, 'ACTIVE', 156, 129),
	(569, NULL, NULL, NULL, NULL, 'ACTIVE', 156, 131),
	(571, NULL, NULL, NULL, NULL, 'ACTIVE', 157, 129),
	(572, NULL, NULL, NULL, NULL, 'ACTIVE', 157, 132),
	(574, NULL, NULL, NULL, NULL, 'ACTIVE', 158, 129),
	(575, NULL, NULL, NULL, NULL, 'ACTIVE', 158, 133),
	(577, NULL, NULL, NULL, NULL, 'ACTIVE', 159, 129),
	(578, NULL, NULL, NULL, NULL, 'ACTIVE', 159, 134),
	(580, NULL, NULL, NULL, NULL, 'ACTIVE', 160, 135),
	(581, NULL, NULL, NULL, NULL, 'ACTIVE', 161, 136),
	(582, NULL, NULL, NULL, NULL, 'ACTIVE', 162, 137),
	(583, NULL, NULL, NULL, NULL, 'ACTIVE', 163, 138),
	(584, NULL, NULL, NULL, NULL, 'ACTIVE', 164, 139),
	(585, NULL, NULL, NULL, NULL, 'ACTIVE', 165, 140),
	(586, NULL, NULL, NULL, NULL, 'ACTIVE', 165, 142),
	(588, NULL, NULL, NULL, NULL, 'ACTIVE', 166, 140),
	(589, NULL, NULL, NULL, NULL, 'ACTIVE', 166, 143),
	(591, NULL, NULL, NULL, NULL, 'ACTIVE', 167, 140),
	(592, NULL, NULL, NULL, NULL, 'ACTIVE', 167, 144),
	(594, NULL, NULL, NULL, NULL, 'ACTIVE', 168, 140),
	(595, NULL, NULL, NULL, NULL, 'ACTIVE', 168, 145),
	(597, NULL, NULL, NULL, NULL, 'ACTIVE', 169, 140),
	(598, NULL, NULL, NULL, NULL, 'ACTIVE', 169, 146),
	(600, NULL, NULL, NULL, NULL, 'ACTIVE', 170, 141),
	(601, NULL, NULL, NULL, NULL, 'ACTIVE', 170, 142),
	(603, NULL, NULL, NULL, NULL, 'ACTIVE', 171, 141),
	(604, NULL, NULL, NULL, NULL, 'ACTIVE', 171, 143),
	(606, NULL, NULL, NULL, NULL, 'ACTIVE', 172, 141),
	(607, NULL, NULL, NULL, NULL, 'ACTIVE', 172, 144),
	(609, NULL, NULL, NULL, NULL, 'ACTIVE', 173, 141),
	(610, NULL, NULL, NULL, NULL, 'ACTIVE', 173, 145),
	(612, NULL, NULL, NULL, NULL, 'ACTIVE', 174, 141),
	(613, NULL, NULL, NULL, NULL, 'ACTIVE', 174, 146),
	(615, NULL, NULL, NULL, NULL, 'ACTIVE', 175, 147),
	(616, NULL, NULL, NULL, NULL, 'ACTIVE', 175, 149),
	(618, NULL, NULL, NULL, NULL, 'ACTIVE', 176, 147),
	(619, NULL, NULL, NULL, NULL, 'ACTIVE', 176, 150),
	(621, NULL, NULL, NULL, NULL, 'ACTIVE', 177, 147),
	(622, NULL, NULL, NULL, NULL, 'ACTIVE', 177, 151),
	(624, NULL, NULL, NULL, NULL, 'ACTIVE', 178, 147),
	(625, NULL, NULL, NULL, NULL, 'ACTIVE', 178, 152),
	(627, NULL, NULL, NULL, NULL, 'ACTIVE', 179, 148),
	(628, NULL, NULL, NULL, NULL, 'ACTIVE', 179, 149),
	(630, NULL, NULL, NULL, NULL, 'ACTIVE', 180, 148),
	(631, NULL, NULL, NULL, NULL, 'ACTIVE', 180, 150),
	(633, NULL, NULL, NULL, NULL, 'ACTIVE', 181, 148),
	(634, NULL, NULL, NULL, NULL, 'ACTIVE', 181, 151),
	(636, NULL, NULL, NULL, NULL, 'ACTIVE', 182, 148),
	(637, NULL, NULL, NULL, NULL, 'ACTIVE', 182, 152),
	(639, NULL, NULL, NULL, NULL, 'ACTIVE', 183, 153),
	(640, NULL, NULL, NULL, NULL, 'ACTIVE', 183, 155),
	(642, NULL, NULL, NULL, NULL, 'ACTIVE', 184, 153),
	(643, NULL, NULL, NULL, NULL, 'ACTIVE', 184, 156),
	(645, NULL, NULL, NULL, NULL, 'ACTIVE', 185, 153),
	(646, NULL, NULL, NULL, NULL, 'ACTIVE', 185, 157),
	(648, NULL, NULL, NULL, NULL, 'ACTIVE', 186, 153),
	(649, NULL, NULL, NULL, NULL, 'ACTIVE', 186, 158),
	(651, NULL, NULL, NULL, NULL, 'ACTIVE', 187, 154),
	(652, NULL, NULL, NULL, NULL, 'ACTIVE', 187, 155),
	(654, NULL, NULL, NULL, NULL, 'ACTIVE', 188, 154),
	(655, NULL, NULL, NULL, NULL, 'ACTIVE', 188, 156),
	(657, NULL, NULL, NULL, NULL, 'ACTIVE', 189, 154),
	(658, NULL, NULL, NULL, NULL, 'ACTIVE', 189, 157),
	(660, NULL, NULL, NULL, NULL, 'ACTIVE', 190, 154),
	(661, NULL, NULL, NULL, NULL, 'ACTIVE', 190, 158),
	(663, NULL, NULL, NULL, NULL, 'ACTIVE', 191, 159),
	(664, NULL, NULL, NULL, NULL, 'ACTIVE', 191, 161),
	(666, NULL, NULL, NULL, NULL, 'ACTIVE', 192, 159),
	(667, NULL, NULL, NULL, NULL, 'ACTIVE', 192, 162),
	(669, NULL, NULL, NULL, NULL, 'ACTIVE', 193, 159),
	(670, NULL, NULL, NULL, NULL, 'ACTIVE', 193, 163),
	(672, NULL, NULL, NULL, NULL, 'ACTIVE', 194, 159),
	(673, NULL, NULL, NULL, NULL, 'ACTIVE', 194, 164),
	(675, NULL, NULL, NULL, NULL, 'ACTIVE', 195, 159),
	(676, NULL, NULL, NULL, NULL, 'ACTIVE', 195, 165),
	(678, NULL, NULL, NULL, NULL, 'ACTIVE', 196, 159),
	(679, NULL, NULL, NULL, NULL, 'ACTIVE', 196, 166),
	(681, NULL, NULL, NULL, NULL, 'ACTIVE', 197, 160),
	(682, NULL, NULL, NULL, NULL, 'ACTIVE', 197, 161),
	(684, NULL, NULL, NULL, NULL, 'ACTIVE', 198, 160),
	(685, NULL, NULL, NULL, NULL, 'ACTIVE', 198, 162),
	(687, NULL, NULL, NULL, NULL, 'ACTIVE', 199, 160),
	(688, NULL, NULL, NULL, NULL, 'ACTIVE', 199, 163),
	(690, NULL, NULL, NULL, NULL, 'ACTIVE', 200, 160),
	(691, NULL, NULL, NULL, NULL, 'ACTIVE', 200, 164),
	(693, NULL, NULL, NULL, NULL, 'ACTIVE', 201, 160),
	(694, NULL, NULL, NULL, NULL, 'ACTIVE', 201, 165),
	(696, NULL, NULL, NULL, NULL, 'ACTIVE', 202, 160),
	(697, NULL, NULL, NULL, NULL, 'ACTIVE', 202, 166),
	(699, NULL, NULL, NULL, NULL, 'ACTIVE', 203, 167),
	(700, NULL, NULL, NULL, NULL, 'ACTIVE', 203, 170),
	(702, NULL, NULL, NULL, NULL, 'ACTIVE', 204, 167),
	(703, NULL, NULL, NULL, NULL, 'ACTIVE', 204, 171),
	(705, NULL, NULL, NULL, NULL, 'ACTIVE', 205, 167),
	(706, NULL, NULL, NULL, NULL, 'ACTIVE', 205, 172),
	(708, NULL, NULL, NULL, NULL, 'ACTIVE', 206, 167),
	(709, NULL, NULL, NULL, NULL, 'ACTIVE', 206, 173),
	(711, NULL, NULL, NULL, NULL, 'ACTIVE', 207, 168),
	(712, NULL, NULL, NULL, NULL, 'ACTIVE', 207, 170),
	(714, NULL, NULL, NULL, NULL, 'ACTIVE', 208, 168),
	(715, NULL, NULL, NULL, NULL, 'ACTIVE', 208, 171),
	(717, NULL, NULL, NULL, NULL, 'ACTIVE', 209, 168),
	(718, NULL, NULL, NULL, NULL, 'ACTIVE', 209, 172),
	(720, NULL, NULL, NULL, NULL, 'ACTIVE', 210, 168),
	(721, NULL, NULL, NULL, NULL, 'ACTIVE', 210, 173),
	(723, NULL, NULL, NULL, NULL, 'ACTIVE', 211, 169),
	(724, NULL, NULL, NULL, NULL, 'ACTIVE', 211, 170),
	(726, NULL, NULL, NULL, NULL, 'ACTIVE', 212, 169),
	(727, NULL, NULL, NULL, NULL, 'ACTIVE', 212, 171),
	(729, NULL, NULL, NULL, NULL, 'ACTIVE', 213, 169),
	(730, NULL, NULL, NULL, NULL, 'ACTIVE', 213, 172),
	(732, NULL, NULL, NULL, NULL, 'ACTIVE', 214, 169),
	(733, NULL, NULL, NULL, NULL, 'ACTIVE', 214, 173),
	(735, NULL, NULL, NULL, NULL, 'ACTIVE', 215, 174),
	(736, NULL, NULL, NULL, NULL, 'ACTIVE', 216, 175),
	(737, NULL, NULL, NULL, NULL, 'ACTIVE', 217, 176),
	(738, NULL, NULL, NULL, NULL, 'ACTIVE', 218, 177),
	(739, NULL, NULL, NULL, NULL, 'ACTIVE', 219, 178),
	(740, NULL, NULL, NULL, NULL, 'ACTIVE', 220, 179),
	(741, NULL, NULL, NULL, NULL, 'ACTIVE', 220, 181),
	(743, NULL, NULL, NULL, NULL, 'ACTIVE', 221, 179),
	(744, NULL, NULL, NULL, NULL, 'ACTIVE', 221, 182),
	(746, NULL, NULL, NULL, NULL, 'ACTIVE', 222, 179),
	(747, NULL, NULL, NULL, NULL, 'ACTIVE', 222, 183),
	(749, NULL, NULL, NULL, NULL, 'ACTIVE', 223, 179),
	(750, NULL, NULL, NULL, NULL, 'ACTIVE', 223, 184),
	(752, NULL, NULL, NULL, NULL, 'ACTIVE', 224, 180),
	(753, NULL, NULL, NULL, NULL, 'ACTIVE', 224, 181),
	(755, NULL, NULL, NULL, NULL, 'ACTIVE', 225, 180),
	(756, NULL, NULL, NULL, NULL, 'ACTIVE', 225, 182),
	(758, NULL, NULL, NULL, NULL, 'ACTIVE', 226, 180),
	(759, NULL, NULL, NULL, NULL, 'ACTIVE', 226, 183),
	(761, NULL, NULL, NULL, NULL, 'ACTIVE', 227, 180),
	(762, NULL, NULL, NULL, NULL, 'ACTIVE', 227, 184),
	(764, NULL, NULL, NULL, NULL, 'ACTIVE', 228, 185),
	(765, NULL, NULL, NULL, NULL, 'ACTIVE', 229, 186),
	(766, NULL, NULL, NULL, NULL, 'ACTIVE', 230, 187),
	(767, NULL, NULL, NULL, NULL, 'ACTIVE', 231, 188),
	(768, NULL, NULL, NULL, NULL, 'ACTIVE', 232, 189),
	(769, NULL, NULL, NULL, NULL, 'ACTIVE', 233, 190),
	(770, NULL, NULL, NULL, NULL, 'ACTIVE', 234, 191),
	(771, NULL, NULL, NULL, NULL, 'ACTIVE', 235, 192),
	(772, NULL, NULL, NULL, NULL, 'ACTIVE', 236, 193),
	(773, NULL, NULL, NULL, NULL, 'ACTIVE', 237, 194),
	(774, NULL, NULL, NULL, NULL, 'ACTIVE', 238, 195),
	(775, NULL, NULL, NULL, NULL, 'ACTIVE', 238, 196),
	(777, NULL, NULL, NULL, NULL, 'ACTIVE', 239, 195),
	(778, NULL, NULL, NULL, NULL, 'ACTIVE', 239, 197);

-- Dumping structure for table duantotnghiep.giohang
CREATE TABLE IF NOT EXISTS `giohang` (
  `id` bigint NOT NULL AUTO_INCREMENT,
  `ngaysua` timestamp NULL DEFAULT NULL,
  `ngaytao` timestamp NULL DEFAULT NULL,
  `nguoisua` varchar(255) DEFAULT NULL,
  `nguoitao` varchar(255) DEFAULT NULL,
  `trangthai` varchar(255) DEFAULT 'ACTIVE',
  `idkhachhang` bigint DEFAULT NULL,
  PRIMARY KEY (`id`),
  KEY `FKrotib125snysssa1uiikkfj1b` (`idkhachhang`),
  CONSTRAINT `FKrotib125snysssa1uiikkfj1b` FOREIGN KEY (`idkhachhang`) REFERENCES `khachhang` (`id`)
) ENGINE=InnoDB AUTO_INCREMENT=3 DEFAULT CHARSET=utf8mb3;

-- Dumping data for table duantotnghiep.giohang: ~2 rows (approximately)
INSERT INTO `giohang` (`id`, `ngaysua`, `ngaytao`, `nguoisua`, `nguoitao`, `trangthai`, `idkhachhang`) VALUES
	(1, NULL, '2023-11-22 18:17:55', NULL, 'dangngocthanh0133', 'ACTIVE', 1),
	(2, NULL, '2023-12-03 10:24:53', NULL, 'admin9193', 'ACTIVE', 2);

-- Dumping structure for table duantotnghiep.giohangchitiet
CREATE TABLE IF NOT EXISTS `giohangchitiet` (
  `id` bigint NOT NULL AUTO_INCREMENT,
  `ngaysua` timestamp NULL DEFAULT NULL,
  `ngaytao` timestamp NULL DEFAULT NULL,
  `nguoisua` varchar(255) DEFAULT NULL,
  `nguoitao` varchar(255) DEFAULT NULL,
  `trangthai` varchar(255) DEFAULT 'ACTIVE',
  `gia` double DEFAULT NULL,
  `soluong` int DEFAULT NULL,
  `idbienthe` bigint DEFAULT NULL,
  `idgiohang` bigint DEFAULT NULL,
  `idsanpham` bigint DEFAULT NULL,
  PRIMARY KEY (`id`),
  KEY `FK8j5vpdk26mdy519f0uoeh1dix` (`idbienthe`),
  KEY `FKrxrj4t2nvkmcprh4ee0ehbvwi` (`idgiohang`),
  KEY `FKpubdi51v0ipjgpy3hfa7egsjq` (`idsanpham`),
  CONSTRAINT `FK8j5vpdk26mdy519f0uoeh1dix` FOREIGN KEY (`idbienthe`) REFERENCES `bienthe` (`id`),
  CONSTRAINT `FKpubdi51v0ipjgpy3hfa7egsjq` FOREIGN KEY (`idsanpham`) REFERENCES `sanpham` (`id`),
  CONSTRAINT `FKrxrj4t2nvkmcprh4ee0ehbvwi` FOREIGN KEY (`idgiohang`) REFERENCES `giohang` (`id`)
) ENGINE=InnoDB AUTO_INCREMENT=3 DEFAULT CHARSET=utf8mb3;

-- Dumping data for table duantotnghiep.giohangchitiet: ~2 rows (approximately)
INSERT INTO `giohangchitiet` (`id`, `ngaysua`, `ngaytao`, `nguoisua`, `nguoitao`, `trangthai`, `gia`, `soluong`, `idbienthe`, `idgiohang`, `idsanpham`) VALUES
	(1, '2023-11-22 18:19:20', '2023-11-22 18:17:56', 'dangngocthanh0133', 'dangngocthanh0133', 'ACTIVE', NULL, 0, 4, 1, NULL),
	(2, NULL, '2023-12-03 10:24:53', NULL, 'admin9193', 'ACTIVE', NULL, 1, 10, 2, NULL);

-- Dumping structure for table duantotnghiep.hoadon
CREATE TABLE IF NOT EXISTS `hoadon` (
  `id` bigint NOT NULL AUTO_INCREMENT,
  `ngaysua` timestamp NULL DEFAULT NULL,
  `ngaytao` timestamp NULL DEFAULT NULL,
  `nguoisua` varchar(255) DEFAULT NULL,
  `nguoitao` varchar(255) DEFAULT NULL,
  `trangthai` varchar(255) DEFAULT 'ACTIVE',
  `diachi` varchar(255) DEFAULT NULL,
  `ma` varchar(255) DEFAULT NULL,
  `mota` text,
  `ngaydat` timestamp NULL DEFAULT NULL,
  `ngaydukiengiaohang` timestamp NULL DEFAULT NULL,
  `ngaynhanhang` timestamp NULL DEFAULT NULL,
  `ngaythanhtoan` timestamp NULL DEFAULT NULL,
  `phuongthucthanhtoan` varchar(255) DEFAULT NULL,
  `sodienthoai` varchar(255) DEFAULT NULL,
  `tennguoinhan` varchar(255) DEFAULT NULL,
  `tienkhachtra` double DEFAULT NULL,
  `tienship` double DEFAULT NULL,
  `tongtienhang` double DEFAULT NULL,
  `idkhachhang` bigint DEFAULT NULL,
  `idlydohuydon` bigint DEFAULT NULL,
  `idnhanvien` bigint DEFAULT NULL,
  `magiaohang` varchar(255) DEFAULT NULL,
  `ngaygiaohang` timestamp NULL DEFAULT NULL,
  PRIMARY KEY (`id`),
  UNIQUE KEY `UK_68t1eua0rqbalr8tduyigv0wf` (`ma`),
  UNIQUE KEY `UK_9h1pfgh794h75a15amb16wfw2` (`magiaohang`),
  KEY `FKlwt6og8a59ih2g8k9le1n7bpy` (`idkhachhang`),
  KEY `FKdwfy15k3xk5wta4dkl3ff0t9t` (`idlydohuydon`),
  KEY `FKotnlgqnkhi19yrgi907nev953` (`idnhanvien`),
  CONSTRAINT `FKdwfy15k3xk5wta4dkl3ff0t9t` FOREIGN KEY (`idlydohuydon`) REFERENCES `lydohuydon` (`id`),
  CONSTRAINT `FKlwt6og8a59ih2g8k9le1n7bpy` FOREIGN KEY (`idkhachhang`) REFERENCES `khachhang` (`id`),
  CONSTRAINT `FKotnlgqnkhi19yrgi907nev953` FOREIGN KEY (`idnhanvien`) REFERENCES `nhanvien` (`id`)
) ENGINE=InnoDB DEFAULT CHARSET=utf8mb3;

-- Dumping data for table duantotnghiep.hoadon: ~0 rows (approximately)

-- Dumping structure for table duantotnghiep.hoadonchitiet
CREATE TABLE IF NOT EXISTS `hoadonchitiet` (
  `id` bigint NOT NULL AUTO_INCREMENT,
  `ngaysua` timestamp NULL DEFAULT NULL,
  `ngaytao` timestamp NULL DEFAULT NULL,
  `nguoisua` varchar(255) DEFAULT NULL,
  `nguoitao` varchar(255) DEFAULT NULL,
  `trangthai` varchar(255) DEFAULT 'ACTIVE',
  `gia` double DEFAULT NULL,
  `soluong` int DEFAULT NULL,
  `thanhtien` double DEFAULT NULL,
  `idbienthe` bigint DEFAULT NULL,
  `idhoadon` bigint DEFAULT NULL,
  `idkhuyenmai` bigint DEFAULT NULL,
  PRIMARY KEY (`id`),
  KEY `FK8g5acmm1r0ha2hua47ul4rdia` (`idbienthe`),
  KEY `FK72nghe3o7s1prylbbnvfwub2k` (`idhoadon`),
  KEY `FKhv6nwlu151jpu9ikpe9fonvi6` (`idkhuyenmai`),
  CONSTRAINT `FK72nghe3o7s1prylbbnvfwub2k` FOREIGN KEY (`idhoadon`) REFERENCES `hoadon` (`id`),
  CONSTRAINT `FK8g5acmm1r0ha2hua47ul4rdia` FOREIGN KEY (`idbienthe`) REFERENCES `bienthe` (`id`),
  CONSTRAINT `FKhv6nwlu151jpu9ikpe9fonvi6` FOREIGN KEY (`idkhuyenmai`) REFERENCES `khuyenmai` (`id`)
) ENGINE=InnoDB DEFAULT CHARSET=utf8mb3;

-- Dumping data for table duantotnghiep.hoadonchitiet: ~0 rows (approximately)

-- Dumping structure for table duantotnghiep.khachhang
CREATE TABLE IF NOT EXISTS `khachhang` (
  `id` bigint NOT NULL AUTO_INCREMENT,
  `ngaysua` timestamp NULL DEFAULT NULL,
  `ngaytao` timestamp NULL DEFAULT NULL,
  `nguoisua` varchar(255) DEFAULT NULL,
  `nguoitao` varchar(255) DEFAULT NULL,
  `trangthai` varchar(255) DEFAULT 'ACTIVE',
  `email` varchar(255) DEFAULT NULL,
  `gioitinh` varchar(255) DEFAULT NULL,
  `ma` varchar(255) NOT NULL,
  `matkhau` varchar(255) DEFAULT NULL,
  `mota` varchar(255) DEFAULT NULL,
  `ngaysinh` timestamp NULL DEFAULT NULL,
  `sodienthoai` varchar(255) DEFAULT NULL,
  `ten` varchar(255) DEFAULT NULL,
  PRIMARY KEY (`id`),
  UNIQUE KEY `UK_jb5oqkftwr5hwaxh2exlh14xn` (`ma`),
  UNIQUE KEY `UK_h52m162a489iuk0ffo82aa16w` (`sodienthoai`)
) ENGINE=InnoDB AUTO_INCREMENT=6 DEFAULT CHARSET=utf8mb3;

-- Dumping data for table duantotnghiep.khachhang: ~5 rows (approximately)
INSERT INTO `khachhang` (`id`, `ngaysua`, `ngaytao`, `nguoisua`, `nguoitao`, `trangthai`, `email`, `gioitinh`, `ma`, `matkhau`, `mota`, `ngaysinh`, `sodienthoai`, `ten`) VALUES
	(1, NULL, '2023-11-19 16:57:34', NULL, 'nguyenvana@gmail.com', 'ACTIVE', 'dangngocthanh@gmail.com', 'Nam', 'dangngocthanh0133', '$2a$10$/RUbuT9KIqk6f8enaTQiLOXzhnUkiwEJRdtzdrMXXwU7dgnLKTCYG', NULL, '2003-11-19 16:57:25', '0372092723', 'Đặng Ngọc Thanh'),
	(2, NULL, '2023-11-19 16:59:26', NULL, 'dinhanhtuan0812', 'ACTIVE', 'dinhanhtuan@gmail.com', 'Nam', 'dinhanhtuan0812', '$2a$10$/RUbuT9KIqk6f8enaTQiLOXzhnUkiwEJRdtzdrMXXwU7dgnLKTCYG', NULL, '2003-11-19 16:58:32', '0384082003', 'Đinh Anh Tuấn'),
	(3, NULL, '2023-11-19 17:01:05', NULL, 'nguyenvana@gmail.com', 'ACTIVE', 'nguyenthikhanhlinh@gmail.com', 'Nữ', 'nguyenthikhanhlinh1711', '$2a$10$/RUbuT9KIqk6f8enaTQiLOXzhnUkiwEJRdtzdrMXXwU7dgnLKTCYG', NULL, '2003-11-19 17:00:12', '0979386056', 'Nguyễn Thị Khánh Linh'),
	(4, NULL, '2023-11-19 17:01:13', NULL, 'doquochuy8173', 'ACTIVE', 'doquochuy@gmail.com', 'Nam', 'doquochuy8173', '$2a$10$/RUbuT9KIqk6f8enaTQiLOXzhnUkiwEJRdtzdrMXXwU7dgnLKTCYG', NULL, '2003-11-19 17:01:26', '0193838838', 'Đỗ Quốc Huy'),
	(5, NULL, '2023-11-19 17:02:12', NULL, 'admin9193', 'ACTIVE', 'dinhtuananh@gmail.com', 'Nam', 'dinhtuananh0183', '$2a$10$/RUbuT9KIqk6f8enaTQiLOXzhnUkiwEJRdtzdrMXXwU7dgnLKTCYG', NULL, '2023-11-19 17:02:36', '0381992939', 'Đinh Tuấn Anh');

-- Dumping structure for table duantotnghiep.khachhangyeuthichsanpham
CREATE TABLE IF NOT EXISTS `khachhangyeuthichsanpham` (
  `id` bigint NOT NULL AUTO_INCREMENT,
  `ngaysua` timestamp NULL DEFAULT NULL,
  `ngaytao` timestamp NULL DEFAULT NULL,
  `nguoisua` varchar(255) DEFAULT NULL,
  `nguoitao` varchar(255) DEFAULT NULL,
  `trangthai` varchar(255) DEFAULT 'ACTIVE',
  `idkhachhang` bigint DEFAULT NULL,
  `idsanpham` bigint DEFAULT NULL,
  PRIMARY KEY (`id`),
  KEY `FK6xou0vpao86hx3cx1we1vbw53` (`idkhachhang`),
  KEY `FK46gya4ljueanopgjyga4bccna` (`idsanpham`),
  CONSTRAINT `FK46gya4ljueanopgjyga4bccna` FOREIGN KEY (`idsanpham`) REFERENCES `sanpham` (`id`),
  CONSTRAINT `FK6xou0vpao86hx3cx1we1vbw53` FOREIGN KEY (`idkhachhang`) REFERENCES `khachhang` (`id`)
) ENGINE=InnoDB DEFAULT CHARSET=utf8mb3;

-- Dumping data for table duantotnghiep.khachhangyeuthichsanpham: ~0 rows (approximately)

-- Dumping structure for table duantotnghiep.khuyenmai
CREATE TABLE IF NOT EXISTS `khuyenmai` (
  `id` bigint NOT NULL AUTO_INCREMENT,
  `ngaysua` timestamp NULL DEFAULT NULL,
  `ngaytao` timestamp NULL DEFAULT NULL,
  `nguoisua` varchar(255) DEFAULT NULL,
  `nguoitao` varchar(255) DEFAULT NULL,
  `trangthai` varchar(255) DEFAULT 'ACTIVE',
  `giatri` varchar(255) DEFAULT NULL,
  `loai` varchar(255) DEFAULT NULL,
  `ma` varchar(255) DEFAULT NULL,
  `mota` text,
  `ngaybatdau` timestamp NULL DEFAULT NULL,
  `ngayketthuc` timestamp NULL DEFAULT NULL,
  `soluong` int DEFAULT NULL,
  `ten` varchar(255) DEFAULT NULL,
  `tong` int DEFAULT NULL,
  PRIMARY KEY (`id`),
  UNIQUE KEY `UK_qccppo5y398aj6n58grn9syop` (`ma`)
) ENGINE=InnoDB AUTO_INCREMENT=24 DEFAULT CHARSET=utf8mb3;

-- Dumping data for table duantotnghiep.khuyenmai: ~14 rows (approximately)
INSERT INTO `khuyenmai` (`id`, `ngaysua`, `ngaytao`, `nguoisua`, `nguoitao`, `trangthai`, `giatri`, `loai`, `ma`, `mota`, `ngaybatdau`, `ngayketthuc`, `soluong`, `ten`, `tong`) VALUES
	(10, '2023-12-04 19:22:09', '2023-12-03 12:43:09', 'admin9193', 'admin9193', 'ACTIVE', '20.0', '1', 'KM01', 'CTO1', '2023-12-03 12:42:00', '2023-12-10 10:42:00', 10000, 'Khuyến mại 01', NULL),
	(11, NULL, '2023-12-04 14:49:46', NULL, 'admin9193', 'ACTIVE', '15.0', '1', 'KOFDD001', 'Chương trình khuyến mại đầu đông', '2023-12-04 21:48:00', '2023-12-09 21:49:00', 10000, 'Khuyến mại Đầu Đông', NULL),
	(12, NULL, '2023-12-04 14:51:57', NULL, 'admin9193', 'ACTIVE', '20000.0', '0', 'KOFSPM001', 'Chương trình khuyến mại dành cho sản phẩm mới', '2023-12-04 21:51:00', '2023-12-10 21:51:00', 10000, 'Giảm giá Sản phẩm mới', NULL),
	(13, NULL, '2023-12-04 15:07:09', NULL, 'admin9193', 'ACTIVE', '20.0', '1', 'KOFBF001', 'Khuyến mại Black Friday', '2023-12-04 22:06:00', '2023-12-10 22:06:00', 10000, 'Ưu đãi lớn - Black Friday', NULL),
	(14, '2023-12-04 19:03:37', '2023-12-04 15:10:13', 'admin9193', 'admin9193', 'ACTIVE', '15000.0', '0', 'KOFLV001', 'Ưu đãi đầu tháng', '2023-12-04 22:09:00', '2023-12-15 22:09:00', 100000, 'Ưu đãi đầu tháng', NULL),
	(15, NULL, '2023-12-04 15:16:11', NULL, 'admin9193', 'ACTIVE', '20000.0', '0', 'KOFSALE10', 'Khuyến mại ', '2023-12-04 22:15:00', '2023-12-10 12:15:00', 5, 'Khuyến mại cuối buổi', NULL),
	(16, NULL, '2023-12-04 15:18:22', NULL, 'admin9193', 'ACTIVE', '20000.0', '0', 'KOFSALE101', 'Khuyến mại ', '2023-12-04 22:15:00', '2023-12-10 12:15:00', 5, 'Khuyến mại cuối ngày', NULL),
	(17, NULL, '2023-12-04 15:37:42', NULL, 'admin9193', 'ACTIVE', '5.0', '1', 'KOFKMM001', 'Chương trình KM', '2023-12-04 15:37:00', '2023-12-10 15:37:00', 1000, 'Khuyến mại mới', NULL),
	(18, NULL, '2023-12-05 02:22:46', NULL, 'admin9193', 'ACTIVE', '20.0', '1', 'KOCFS001', 'Khuyến mại Flash Sale', '2023-12-06 02:21:00', '2023-12-16 02:21:00', 123, 'Flash Sale', NULL),
	(19, NULL, '2023-12-05 02:30:12', NULL, 'admin9193', 'ACTIVE', '25.0', '1', 'KOC251223', 'Khuyến mại 25/12', '2023-12-10 02:29:00', '2023-12-25 02:29:00', 5000, 'Khuyến mại 25/12', NULL),
	(20, NULL, '2023-12-05 02:38:02', NULL, 'admin9193', 'ACTIVE', '10000.0', '0', 'KOCFS24', 'Flash Sale 24h', '2023-12-06 02:37:00', '2023-12-10 05:40:00', 123, 'Flash Sale 24h', NULL),
	(21, NULL, '2023-12-05 02:44:33', NULL, 'admin9193', 'ACTIVE', '20.0', '1', 'KOCSALE99k', 'Khuyến mại 99k', '2023-12-06 02:44:00', '2023-12-10 02:44:00', 10000, 'Khuyến mại 99k', NULL),
	(22, '2023-12-05 04:44:46', '2023-12-05 02:51:32', 'admin9193', 'admin9193', 'ACTIVE', '10000.0', '0', 'KOCSALE1H', 'Khuyến mại 1h', '2023-12-05 12:51:00', '2023-12-10 13:51:00', 12345, 'Khuyến mại 1h', NULL),
	(23, '2023-12-05 07:30:19', '2023-12-05 07:30:19', 'admin9193', 'admin9193', 'UPCOMING', '35.0', '1', 'KOCSLH334', 'Lễ Hội Mua Sắm', '2023-12-07 07:29:00', '2023-12-09 17:29:00', 123, 'Lễ Hội Mua Sắm', NULL);

-- Dumping structure for table duantotnghiep.khuyenmaisanpham
CREATE TABLE IF NOT EXISTS `khuyenmaisanpham` (
  `id` bigint NOT NULL AUTO_INCREMENT,
  `ngaysua` timestamp NULL DEFAULT NULL,
  `ngaytao` timestamp NULL DEFAULT NULL,
  `nguoisua` varchar(255) DEFAULT NULL,
  `nguoitao` varchar(255) DEFAULT NULL,
  `trangthai` varchar(255) DEFAULT 'ACTIVE',
  `idbienthe` bigint DEFAULT NULL,
  `idkhuyenmai` bigint DEFAULT NULL,
  `idsanpham` bigint DEFAULT NULL,
  PRIMARY KEY (`id`),
  KEY `FK71454sf3u6twd66e64ynbw3eh` (`idbienthe`),
  KEY `FK72ak37yxbdjl3b4ixb47kt2m` (`idkhuyenmai`),
  KEY `FK33tkasuvvky1oe63bc5097od4` (`idsanpham`),
  CONSTRAINT `FK33tkasuvvky1oe63bc5097od4` FOREIGN KEY (`idsanpham`) REFERENCES `sanpham` (`id`),
  CONSTRAINT `FK71454sf3u6twd66e64ynbw3eh` FOREIGN KEY (`idbienthe`) REFERENCES `bienthe` (`id`),
  CONSTRAINT `FK72ak37yxbdjl3b4ixb47kt2m` FOREIGN KEY (`idkhuyenmai`) REFERENCES `khuyenmai` (`id`)
) ENGINE=InnoDB AUTO_INCREMENT=39 DEFAULT CHARSET=utf8mb3;

-- Dumping data for table duantotnghiep.khuyenmaisanpham: ~34 rows (approximately)
INSERT INTO `khuyenmaisanpham` (`id`, `ngaysua`, `ngaytao`, `nguoisua`, `nguoitao`, `trangthai`, `idbienthe`, `idkhuyenmai`, `idsanpham`) VALUES
	(1, '2023-12-04 19:22:09', '2023-12-03 12:43:09', 'admin9193', 'admin9193', 'ACTIVE', NULL, 10, 1),
	(2, '2023-12-04 19:22:09', '2023-12-03 12:43:09', 'admin9193', 'admin9193', 'ACTIVE', NULL, 10, 2),
	(3, NULL, '2023-12-04 14:49:47', NULL, 'admin9193', 'ACTIVE', NULL, 11, 3),
	(4, NULL, '2023-12-04 14:49:47', NULL, 'admin9193', 'ACTIVE', NULL, 11, 4),
	(5, NULL, '2023-12-04 14:49:47', NULL, 'admin9193', 'ACTIVE', NULL, 11, 5),
	(6, NULL, '2023-12-04 14:49:47', NULL, 'admin9193', 'ACTIVE', NULL, 11, 7),
	(7, NULL, '2023-12-04 14:49:47', NULL, 'admin9193', 'ACTIVE', NULL, 11, 8),
	(8, NULL, '2023-12-04 14:51:57', NULL, 'admin9193', 'ACTIVE', NULL, 12, 9),
	(9, NULL, '2023-12-04 14:51:57', NULL, 'admin9193', 'ACTIVE', NULL, 12, 10),
	(10, NULL, '2023-12-04 14:51:57', NULL, 'admin9193', 'ACTIVE', NULL, 12, 11),
	(11, NULL, '2023-12-04 15:07:09', NULL, 'admin9193', 'ACTIVE', NULL, 13, 12),
	(12, NULL, '2023-12-04 15:07:09', NULL, 'admin9193', 'ACTIVE', NULL, 13, 14),
	(13, NULL, '2023-12-04 15:07:09', NULL, 'admin9193', 'ACTIVE', NULL, 13, 18),
	(14, NULL, '2023-12-04 15:10:13', NULL, 'admin9193', 'ACTIVE', NULL, 14, 19),
	(15, NULL, '2023-12-04 15:10:13', NULL, 'admin9193', 'ACTIVE', NULL, 14, 22),
	(16, NULL, '2023-12-04 15:10:13', NULL, 'admin9193', 'ACTIVE', NULL, 14, 23),
	(17, NULL, '2023-12-04 15:16:11', NULL, 'admin9193', 'ACTIVE', NULL, 15, 24),
	(18, NULL, '2023-12-04 15:18:22', NULL, 'admin9193', 'ACTIVE', NULL, 16, 25),
	(19, NULL, '2023-12-04 15:37:42', NULL, 'admin9193', 'ACTIVE', NULL, 17, 26),
	(20, NULL, '2023-12-04 15:37:42', NULL, 'admin9193', 'ACTIVE', NULL, 17, 27),
	(21, NULL, '2023-12-05 02:22:47', NULL, 'admin9193', 'ACTIVE', NULL, 18, 28),
	(22, NULL, '2023-12-05 02:22:47', NULL, 'admin9193', 'ACTIVE', NULL, 18, 29),
	(23, NULL, '2023-12-05 02:22:47', NULL, 'admin9193', 'ACTIVE', NULL, 18, 30),
	(24, NULL, '2023-12-05 02:38:02', NULL, 'admin9193', 'ACTIVE', NULL, 20, 41),
	(25, NULL, '2023-12-05 02:38:02', NULL, 'admin9193', 'ACTIVE', NULL, 20, 31),
	(26, NULL, '2023-12-05 02:38:02', NULL, 'admin9193', 'ACTIVE', NULL, 20, 32),
	(27, NULL, '2023-12-05 02:44:33', NULL, 'admin9193', 'ACTIVE', NULL, 21, 42),
	(28, NULL, '2023-12-05 02:44:33', NULL, 'admin9193', 'ACTIVE', NULL, 21, 33),
	(33, NULL, '2023-12-05 04:44:47', NULL, 'admin9193', 'ACTIVE', NULL, 22, 34),
	(34, NULL, '2023-12-05 04:44:47', NULL, 'admin9193', 'ACTIVE', NULL, 22, 36),
	(35, NULL, '2023-12-05 04:44:47', NULL, 'admin9193', 'ACTIVE', NULL, 22, 37),
	(36, NULL, '2023-12-05 07:30:19', NULL, 'admin9193', 'ACTIVE', NULL, 23, 38),
	(37, NULL, '2023-12-05 07:30:19', NULL, 'admin9193', 'ACTIVE', NULL, 23, 39),
	(38, NULL, '2023-12-05 07:30:19', NULL, 'admin9193', 'ACTIVE', NULL, 23, 40);

-- Dumping structure for table duantotnghiep.lichsutichdiem
CREATE TABLE IF NOT EXISTS `lichsutichdiem` (
  `id` bigint NOT NULL AUTO_INCREMENT,
  `ngaysua` timestamp NULL DEFAULT NULL,
  `ngaytao` timestamp NULL DEFAULT NULL,
  `nguoisua` varchar(255) DEFAULT NULL,
  `nguoitao` varchar(255) DEFAULT NULL,
  `trangthai` varchar(255) DEFAULT 'ACTIVE',
  `sodiemdung` int DEFAULT NULL,
  `sodiemtichduoc` int DEFAULT NULL,
  `idhoadon` bigint DEFAULT NULL,
  `idtichdiem` bigint DEFAULT NULL,
  PRIMARY KEY (`id`),
  KEY `FKobdibrqqyn0p33ymjekbpbd1q` (`idhoadon`),
  KEY `FKo20v7m85j3ybwep3vv1lop3ik` (`idtichdiem`),
  CONSTRAINT `FKo20v7m85j3ybwep3vv1lop3ik` FOREIGN KEY (`idtichdiem`) REFERENCES `tichdiem` (`id`),
  CONSTRAINT `FKobdibrqqyn0p33ymjekbpbd1q` FOREIGN KEY (`idhoadon`) REFERENCES `hoadon` (`id`)
) ENGINE=InnoDB DEFAULT CHARSET=utf8mb3;

-- Dumping data for table duantotnghiep.lichsutichdiem: ~0 rows (approximately)

-- Dumping structure for table duantotnghiep.lydohuydon
CREATE TABLE IF NOT EXISTS `lydohuydon` (
  `id` bigint NOT NULL AUTO_INCREMENT,
  `ngaysua` timestamp NULL DEFAULT NULL,
  `ngaytao` timestamp NULL DEFAULT NULL,
  `nguoisua` varchar(255) DEFAULT NULL,
  `nguoitao` varchar(255) DEFAULT NULL,
  `trangthai` varchar(255) DEFAULT 'ACTIVE',
  `lydo` text,
  `mota` text,
  PRIMARY KEY (`id`)
) ENGINE=InnoDB DEFAULT CHARSET=utf8mb3;

-- Dumping data for table duantotnghiep.lydohuydon: ~0 rows (approximately)

-- Dumping structure for table duantotnghiep.nhanvien
CREATE TABLE IF NOT EXISTS `nhanvien` (
  `id` bigint NOT NULL AUTO_INCREMENT,
  `ngaysua` timestamp NULL DEFAULT NULL,
  `ngaytao` timestamp NULL DEFAULT NULL,
  `nguoisua` varchar(255) DEFAULT NULL,
  `nguoitao` varchar(255) DEFAULT NULL,
  `trangthai` varchar(255) DEFAULT 'ACTIVE',
  `anh` varchar(255) DEFAULT NULL,
  `cancuoccongdan` char(12) DEFAULT NULL,
  `diachi` varchar(255) CHARACTER SET utf8mb3 COLLATE utf8mb3_general_ci DEFAULT NULL,
  `email` varchar(255) DEFAULT NULL,
  `expiretime` datetime DEFAULT NULL,
  `gioitinh` varchar(255) DEFAULT NULL,
  `ma` varchar(255) NOT NULL,
  `matkhau` varchar(255) DEFAULT NULL,
  `ngaycap` timestamp NULL DEFAULT NULL,
  `ngaysinh` timestamp NULL DEFAULT NULL,
  `resttoken` varchar(255) DEFAULT NULL,
  `sodienthoai` varchar(255) DEFAULT NULL,
  `ten` varchar(255) DEFAULT NULL,
  `idchucvu` bigint DEFAULT NULL,
  PRIMARY KEY (`id`),
  UNIQUE KEY `UK_skmbpcqtb6f3jgdqwqoopfsla` (`ma`),
  UNIQUE KEY `UK_23oxfttcyumkes0bfnli2cgme` (`sodienthoai`),
  KEY `FKdnln0piv4a38v23mqcbqmnii8` (`idchucvu`),
  CONSTRAINT `FKdnln0piv4a38v23mqcbqmnii8` FOREIGN KEY (`idchucvu`) REFERENCES `chucvu` (`id`)
) ENGINE=InnoDB AUTO_INCREMENT=7 DEFAULT CHARSET=utf8mb3;

-- Dumping data for table duantotnghiep.nhanvien: ~5 rows (approximately)
INSERT INTO `nhanvien` (`id`, `ngaysua`, `ngaytao`, `nguoisua`, `nguoitao`, `trangthai`, `anh`, `cancuoccongdan`, `diachi`, `email`, `expiretime`, `gioitinh`, `ma`, `matkhau`, `ngaycap`, `ngaysinh`, `resttoken`, `sodienthoai`, `ten`, `idchucvu`) VALUES
	(1, '2023-11-21 18:00:49', '2023-11-19 16:54:23', 'nguyenvana0183', 'admin9193', 'INACTIVE', 'KyqcTH.jpg', '019383883131', 'Nam Từ Liêm, Hà Nội', 'nguyenvana@mail.com', NULL, 'Nam', 'nguyenvana0183', '$2a$10$/RUbuT9KIqk6f8enaTQiLOXzhnUkiwEJRdtzdrMXXwU7dgnLKTCYG', '2023-11-20 16:37:53', '2003-11-20 16:38:10', NULL, '0198338312', 'Nguyễn Văn A', 2),
	(2, NULL, '2023-11-19 16:54:26', NULL, 'admin9193', 'INACTIVE', 'KyqcTH.jpg', '028484881331', 'Nam Từ Liêm, Hà Nội', 'admin@gmail.com', NULL, 'Nam', 'admin9193', '$2a$10$/RUbuT9KIqk6f8enaTQiLOXzhnUkiwEJRdtzdrMXXwU7dgnLKTCYG', '2023-11-19 16:56:13', '1999-10-10 17:00:00', NULL, '0123456789', 'ADMIN', 1),
	(3, NULL, '2023-11-20 16:12:45', NULL, 'admin9193', 'INACTIVE', 'KyqcTH.jpg', '029388313413', 'Bắc Từ Liêm, Hà Nội', 'nguyenvanb@gmail.com', NULL, 'Nam', 'nguyenvanb9213', '$2a$10$/RUbuT9KIqk6f8enaTQiLOXzhnUkiwEJRdtzdrMXXwU7dgnLKTCYG', '2023-11-20 16:12:21', '2003-11-20 16:12:24', NULL, '0987654321', 'Nguyễn Văn B', 2),
	(5, '2023-12-04 15:28:12', '2023-12-04 15:28:12', 'admin9193', 'admin9193', 'INACTIVE', NULL, '0123', 'Địa chỉ 02333', 'admin1@gmail.com', NULL, 'Nam', 'admin7611', NULL, '2023-12-04 00:00:00', '2023-12-04 00:00:00', NULL, '01234', 'admin', 1),
	(6, '2023-12-04 15:29:15', '2023-12-04 15:29:15', 'admin9193', 'admin9193', 'INACTIVE', NULL, '', '', '', NULL, 'Nam', '6510', NULL, NULL, '2023-12-04 00:00:00', NULL, '', '', 1);

-- Dumping structure for table duantotnghiep.quydoidiem
CREATE TABLE IF NOT EXISTS `quydoidiem` (
  `id` bigint NOT NULL AUTO_INCREMENT,
  `ngaysua` timestamp NULL DEFAULT NULL,
  `ngaytao` timestamp NULL DEFAULT NULL,
  `nguoisua` varchar(255) DEFAULT NULL,
  `nguoitao` varchar(255) DEFAULT NULL,
  `trangthai` varchar(255) DEFAULT 'ACTIVE',
  `diem` int DEFAULT NULL,
  `loai` varchar(255) DEFAULT NULL,
  `tien` double DEFAULT NULL,
  PRIMARY KEY (`id`)
) ENGINE=InnoDB DEFAULT CHARSET=utf8mb3;

-- Dumping data for table duantotnghiep.quydoidiem: ~0 rows (approximately)

-- Dumping structure for table duantotnghiep.sanpham
CREATE TABLE IF NOT EXISTS `sanpham` (
  `id` bigint NOT NULL AUTO_INCREMENT,
  `ngaysua` timestamp NULL DEFAULT NULL,
  `ngaytao` timestamp NULL DEFAULT NULL,
  `nguoisua` varchar(255) CHARACTER SET utf8mb4 COLLATE utf8mb4_unicode_ci DEFAULT NULL,
  `nguoitao` varchar(255) CHARACTER SET utf8mb4 COLLATE utf8mb4_unicode_ci DEFAULT NULL,
  `trangthai` varchar(255) CHARACTER SET utf8mb4 COLLATE utf8mb4_unicode_ci DEFAULT 'ACTIVE',
  `gia` double DEFAULT NULL,
  `mota` mediumtext CHARACTER SET utf8mb4 COLLATE utf8mb4_unicode_ci,
  `sanphammoi` int DEFAULT NULL,
  `sanphamnhieuluotxem` int DEFAULT NULL,
  `sanphamnoibat` int DEFAULT NULL,
  `sanphamphobien` int DEFAULT NULL,
  `slug` varchar(255) CHARACTER SET utf8mb4 COLLATE utf8mb4_unicode_ci DEFAULT NULL,
  `soluong` int DEFAULT NULL,
  `ten` varchar(255) CHARACTER SET utf8mb4 COLLATE utf8mb4_unicode_ci DEFAULT NULL,
  `thongtinchitiet` mediumtext CHARACTER SET utf8mb4 COLLATE utf8mb4_unicode_ci,
  `iddanhmuc` bigint DEFAULT NULL,
  `idthuonghieu` bigint DEFAULT NULL,
  `sanphambanchay` int DEFAULT NULL,
  PRIMARY KEY (`id`),
  UNIQUE KEY `UK_mucuvhos7dm6xtbpt6l03201w` (`slug`),
  KEY `FKsus861gvf6ywadlvg0s2o3003` (`iddanhmuc`),
  KEY `FKsy6e9nghw4psfd0tt2vy232rb` (`idthuonghieu`),
  CONSTRAINT `FKsus861gvf6ywadlvg0s2o3003` FOREIGN KEY (`iddanhmuc`) REFERENCES `danhmuc` (`id`),
  CONSTRAINT `FKsy6e9nghw4psfd0tt2vy232rb` FOREIGN KEY (`idthuonghieu`) REFERENCES `thuonghieu` (`id`)
) ENGINE=InnoDB AUTO_INCREMENT=44 DEFAULT CHARSET=utf8mb4 COLLATE=utf8mb4_unicode_ci;

-- Dumping data for table duantotnghiep.sanpham: ~36 rows (approximately)
INSERT INTO `sanpham` (`id`, `ngaysua`, `ngaytao`, `nguoisua`, `nguoitao`, `trangthai`, `gia`, `mota`, `sanphammoi`, `sanphamnhieuluotxem`, `sanphamnoibat`, `sanphamphobien`, `slug`, `soluong`, `ten`, `thongtinchitiet`, `iddanhmuc`, `idthuonghieu`, `sanphambanchay`) VALUES
	(1, NULL, '2023-11-22 16:26:00', NULL, 'admin9193', 'ACTIVE', 128000, '<p>Quyền lợi của khách mua áo polo nam tại THE BASIC:</p>\n\n<p>Sản phẩm giống mô tả và hình ảnh thật 100% của Shop giữ bản quyền hình ảnh</p>\n\n<p>Đảm bảo chất lượng sản phẩm luôn ở mức cao nhất</p>\n\n<p>Áo được kiểm tra cẩn thận khi gói hàng giao cho Quý Khách</p>\n\n<p>Hoàn tiền nếu sản phẩm không giống với mô tả</p>\n\n<p>&nbsp;</p>\n\n<p>Để chứng minh vẻ trưởng thành của đấng mày râu thì không quá khó, chỉ cần khoác lên mình một chiếc Polo thì vẻ trưởng thành, đứng đắn đó đã có thừa.</p>\n\n<p>Đến với chiếc Polo Marc Coun ngoài việc “đánh thức” vẻ trưởng thành đó, nó còn khiến cho bạn trở nên lịch lãm và sang trọng hơn.</p>\n\n<p>Sự khéo léo từ việc may phối màu ngực trái đến thêu chữ nổi trước ngực càng khiến cho chiếc Marc Coun đẹp lạ hơn.</p>\n\n<p>Vậy nên ngay lúc này, bạn hãy chọn cho mình 1 size áo phù hợp nhất hoặc nếu cần tư vấn, bạn đừng ngần ngại nhắn tin ngay cho shop để được nhân viên bán hàng hỗ trợ ngay nhé:</p>\n\n<p>Size Chiều cao Cân nặng Ngang Dài áo</p>\n\n<p>M &lt; 1m70 &lt;60kg 46cm 64cm</p>\n\n<p>L &lt; 1m75 61 ~ 68kg 49cm 67cm</p>\n\n<p>XL &lt; 1m75 69 ~ 75kg 51cm 70cm</p>\n\n<p>2XL &lt; 1m80 76 - 85kg 54cm 71cm</p>\n\n<p>3XL &lt; 1m85 86 ~ 95kg 57cm 72cm</p>\n\n<p>Thông số trên có thể sai lệch ~ 0,5cm do sai số trong quá trình sản xuất</p>\n\n<p>&nbsp;</p>\n\n<p>Hướng dẫn sử dụng sản phẩm: Áo polo nam phối màu COUNTERE big size 3xl 90kg thoải mái</p>\n\n<p>&nbsp;Giặt với nước mát thông thường, tách riêng các sản phẩm trắng và các sản phẩm màu đậm</p>\n\n<p>&nbsp;Không được dùng hóa chất tẩy</p>\n\n<p>&nbsp;Tránh phơi dưới ánh nắng trực tiếp hoặc sử dụng bàn ủi với nhiệt độ quá cao</p>\n\n<p>&nbsp;</p>\n\n<p>&nbsp;Chính sách &amp; điều kiện đổi / trả sản phẩm:</p>\n\n<p>&nbsp;Cam kết chất lượng và mẫu mã sản phẩm giống với hình ảnh</p>\n\n<p>&nbsp;Cam kết được đổi trả hàng trong vòng 7 ngày</p>\n\n<p>&nbsp;Điều kiện duy nhất là sản phẩm còn đầy đủ tem/tag &amp; chưa qua sử dụng bạn nhé</p>\n\n<p>&nbsp;</p>\n\n<p>#ao #thun #phong #polo #nam #hoa #tiet #soc #mo #neo #trung #nien #tui #cotton #ca #sau #lacoste #vnxk #big #size #bigsize #3xl #xxxl #90kg #100kg #dep #thoai #mai #xuat #xin #cao #cap #hang #hieu #basic</p>\n', 1, 1, 1, 1, 'ao-polo-nam-big-size-3xl-90kg-marc-coun-phoi-mau-tre-trung-cotton-lanh-thoang-mat', 1391, 'Áo polo nam big size 3xl 90kg Marc Coun phối màu trẻ trung - cotton lạnh thoáng mát', '', 1, 1, 1),
	(2, NULL, '2023-11-22 16:30:53', NULL, 'admin9193', 'ACTIVE', 198000, '<p>Áo thun nam polo Thiết kế màu xanh đen phối cổ vải cá sấu cotton cao cấp mềm mịn, áo phông polo nam đẹp cổ bẻ ngắn tay có đủ bảng màu cực hot Shop Áo Polo VNXK hân hạnh được phục vụ quý khách. Những sản phẩm mới nhất vẫn liên tục được cập nhật mỗi ngày phù hợp với nhiều lứa tuổi. 1. GIỚI THIỆU SẢN PHẨM - Áo phông Polo nam thiết kế là sự lựa chọn hoàn hảo cho các chàng trai. Áo 3 màu trung tính rất dễ mặc, form áo vừa vặn cơ thể, thoải mái theo từng cử động. - Màu sắc trung tính và phối màu tuyệt vời mà rất ít áo polo có tạo nên sự dễ dàng trong việc phối đồ và tạo ra cho mình nhiều phong cách khác nhau. - Áo được làm từ chất liệu cá sấu cotton co giãn với bề mặt vải mềm mại, thấm hút mồ hôi tốt tạo cảm giác thoải mái, thoáng mát cho người mặc. Đây cũng là chất liệu dễ giặt sạch, giúp bạn tiết kiệm một khoảng thời gian đáng kể. - Áo chống nhăn tốt, dễ giặt sạch, nhanh khô. -Giặt tay hay giặt máy thoải mái không sợ ra màu, nhăn , mất form 2. THÔNG TIN SẢN PHẨM - Chất liệu: 100% chất cotton cá sấu, thấm hút mồ hôi , giặt không ra màu , không mất form - Các Size S - M - L- XL- XXL - XXXL + Size S : 35-47 kg cao 1m5-1m55 + Size M : 48 - 59 kg cao 1m55 - 1m65 + Size L : 60 - 67kg cao 1m65 - 1m80 + Size XL : 68- 75kg cao 1m65 - 1m80 + Size XXL : 76 - 85kg cao 1m65 - 1m85 + Size XXXL : 86 - 95kg cao 1m65 - 1m85 - Form áo slim dễ phối đồ 3. CHÍNH SÁCH BÁN HÀNG: - FREESHIP hoặc hỗ trợ 40K cho đơn hàng từ 99K toàn quốc - Ngoài ra, Chúng tôi tặng mã voucher hoặc hoàn xu cho toàn bộ đơn hàng - Cam kết chất lượng và mẫu mã sản phẩm giống với hình ảnh. - Hoàn tiền nếu sản phẩm không giống với mô tả. - Cam kết được đổi trả hàng trong vòng 2 ngày. 4. HƯỚNG DẪN CÁCH ĐẶT HÀNG - Bước 1: Cách chọn size, shop có bảng size mẫu. Bạn NÊN INBOX, cung cấp chiều cao, cân nặng để SHOP TƯ VẤN SIZE - Bước 2: Cách đặt hàng: Nếu bạn muốn mua 2 sản phẩm khác nhau hoặc 2 size khác nhau, để được freeship + Bạn chọn từng sản phẩm rồi thêm vào giỏ hàng + Khi giỏ hàng đã có đầy đủ các sản phẩm cần mua, bạn mới tiến hành ấn nút “ Thanh toán” - Shop luôn sẵn sàng trả lời inbox để tư vấn.</p>\n\n<p>Tham khảo thêm các sản phẩm khác tại: #áothunnamcócổ #aothunnamcoco #áothunnamcócổtayngắn #aopolonam #áopolonam #aopolonamhangmysaleoff #aopolonamdep #aopolonamnu #AOTHUNHANQUOC #áothunnam #aothunnambody #aothunnam #aothunnamnu #áothunnamtayngắn #aothunnamdep #aothunnama</p>\n', 1, 1, 1, 1, 'ao-thun-nam-polo-thiet-ke-vai-ca-sau-cotton-cao-cap-ngan-tay', 1013, 'Áo thun nam POLO thiết kế vải cá sấu cotton cao cấp ngắn tay', '', 1, 7, 1),
	(3, NULL, '2023-11-22 16:34:35', NULL, 'admin9193', 'ACTIVE', 78000, '<p>ÁO THUN POLO</p>\n\n<p>Áo thun Cotton 100% co dãn 4 chiều</p>\n\n<p>&nbsp;</p>\n\n<p>Size sz M L XL XXL</p>\n\n<p>S: 42-50Kg</p>\n\n<p>Size M 51-56kg</p>\n\n<p>Size L 57-63kg</p>\n\n<p>Size XL 64-70kg</p>\n\n<p>Size XXL 71-80kg</p>\n\n<p>Tuỳ chiều cao nhích size cho phù hợp giúp em nha. Bảng cân nặng chỉ là tương đối ạ</p>\n\n<p>&nbsp;</p>\n\n<p>=========================================</p>\n\n<p>CAM KẾT - ĐẢM BẢO:</p>\n\n<p>- Đảm bảo vải chuẩn cotton chất lượng cao.</p>\n\n<p>- Hàng có sẵn, giao hàng ngay khi nhận được đơn đặt hàng .</p>\n\n<p>- Hoàn tiền 100% nếu sản phẩm lỗi, nhầm hoặc không giống với mô tả.</p>\n\n<p>- Chấp nhận đổi hàng khi size không vừa (vui lòng nhắn tin riêng cho shop).</p>\n\n<p>- Giao hàng toàn quốc, thanh toán khi nhận hàng.</p>\n\n<p>- Hỗ trợ đổi trả theo quy định của Shopee.</p>\n\n<p>&nbsp;</p>\n\n<p>ĐIỀU KIỆN ĐỔI TRẢ:</p>\n\n<p>- Hỗ trợ trong vòng 03 ngày từ khi nhận hàng.</p>\n\n<p>- Hàng hoá vẫn còn mới nguyên tem mác, chưa qua sử dụng.</p>\n\n<p>- Hàng hoá bị lỗi hoặc hư hỏng do vận chuyển hoặc do nhà sản xuất.</p>\n\n<p>&nbsp;</p>\n\n<p>LƯU Ý: Khi bạn gặp bất kì vấn đề gì về sản phẩm đừng vội đánh giá mà hãy chat liên hệ Shop để đc hỗ trợ 1 cách tốt nhất nhé.</p>\n\n<p>#aothun #aopolonam #polo #polonam #aocotron #aothunnam #aothuncotron #aocotton #aothundep #aophong #aophongnam #aophongcotron #aophongtayngan #aothuntayngan #aothunbody</p>\n', 1, 1, 1, 1, 'ao-polo-nam-ao-thun-polo-nam-phoi-mau-co-ao-6-mau-tre-trung-thanh-lich', 2019, 'Áo Polo nam Áo thun polo nam phối màu cổ áo 6 màu trẻ trung thanh lịch', '', 3, 4, 1),
	(4, NULL, '2023-11-22 18:33:37', NULL, 'admin9193', 'ACTIVE', 79000, '<p>TẤT CẢ ĐƠN HÀNG TẠI 20SILK KHÁCH HÀNG ĐỀU ĐƯỢC ĐỒNG KIỂM</p>\n\n<p>⭐Bảng size bên shop các bạn tham khảo ạ:</p>\n\n<p>Size S : 35~39kg</p>\n\n<p>Size M : Dành cho người cao từ: 1m47 - 1m57 và nặng từ 40kg - 50kg</p>\n\n<p>Size L : Dành cho người cao từ: 1m58 - 1m65 và nặng từ 50kg - 58kg</p>\n\n<p>Size XL : Dành cho người cao từ: 1m66 - 1m72 và nặng từ 58kg - 65kg</p>\n\n<p>Size 2XL: 66kg~75kg</p>\n\n<p>&nbsp;</p>\n\n<p>? Bảng size mang tính chất tham khảo bạn có thể lấy size to hơn hoặc nhỏ theo yêu cầu của bạn!</p>\n\n<p>&nbsp;</p>\n\n<p>I. SHOP CAM KẾT</p>\n\n<p>- Sản phẩm form rộng giống mô tả 100%</p>\n\n<p>- Hình ảnh sản phẩm là ảnh thật, các hình hoàn toàn do shop tự thiết kế.</p>\n\n<p>- Kiểm tra cẩn thận trước khi gói hàng giao cho Quý Khách</p>\n\n<p>- Hàng có sẵn, giao hàng ngay khi nhận được đơn</p>\n\n<p>- Hoàn tiền nếu sản phẩm không giống với mô tả</p>\n\n<p>- Chấp nhận đổi hàng khi size không vừa trong 3 ngày.</p>\n\n<p>&nbsp;</p>\n\n<p>II. HỖ TRỢ ĐỔI TRẢ THEO QUY ĐỊNH CỦA SHOPEE</p>\n\n<p>- Điều kiện áp dụng (trong vòng 2 ngày kể từ khi nhận sản phẩm)</p>\n\n<p>- Hàng hoá bị rách, in lỗi, bung chỉ, và các lỗi do vận chuyển hoặc do nhà sản xuất.</p>\n\n<p>1. Trường hợp được chấp nhận:</p>\n\n<p>- Hàng giao sai size khách đã đặt hàng</p>\n\n<p>- Giao thiếu hàng</p>\n\n<p>2. Trường hợp không đủ điều kiện áp dụng chính sách:</p>\n\n<p>- Quá 2 ngày kể từ khi Quý khách nhận hàng</p>\n\n<p>- Gửi lại hàng không đúng mẫu mã, không phải sản phẩm của 20SILK</p>\n\n<p>- Không thích, không hợp, đặt nhầm mã, nhầm màu,...</p>\n\n<p>&nbsp;</p>\n\n<p>III. MÔ TẢ SẢN PHẨM</p>\n\n<p>⭐ Tên sản phẩm: Áo polo nam FORM RỘNG kiểu dáng basic chữ in ngực</p>\n\n<p>⭐ Chất Liệu: Cotton cá sấu</p>\n\n<p>⭐ Màu Sắc: nhiều màu</p>\n\n<p>⭐ Đặc Tính: Chất vải áo là cotton mềm, mặc mát</p>\n\n<p>&nbsp;</p>\n\n<p>#áopolo #pologiare</p>\n', 1, 1, 1, 1, 'ao-polo-basic-de-phoi-do-d?̛?̛̣?-d?̂̀??-???̂̉?-chat-thoang-mat-nam-nu-deu-mac-dep', 1083, 'Áo Polo Basic Dễ Phối Đồ, Đ?̛?̛̣? Đ?̂̀?? ???̂̉? Chất Thoáng Mát, Nam nữ đều mặc đẹp', '', 3, 2, 1),
	(5, NULL, '2023-11-27 02:21:58', NULL, 'admin9193', 'ACTIVE', 160000, '<p>Xuất xứ</p>\n\n<p>Việt Nam</p>\n', 1, NULL, NULL, NULL, 'ao-phong-local-brand-nam-nu-unisex-tay-lo-thun-form-rong-teen-co-tron-oversize-cotton-mau-den-trang-tee-cloudzy-crayon', 1000, 'Áo phông local brand nam nữ unisex tay lỡ thun form rộng teen cổ tròn oversize cotton màu đen trắng tee CLOUDZY CRAYON', '<p>Phong cách</p>\n\n<p>Thể thao, Cơ bản, Hàn Quốc, Đường phố, Nhiệt đới</p>\n', 1, 2, NULL),
	(7, NULL, '2023-11-27 02:39:52', NULL, 'admin9193', 'ACTIVE', 279000, '<p>Chiều dài tay áo</p>\n\n<p>Dài tay</p>\n\n<p>Mùa</p>\n\n<p>Mùa đông</p>\n\n<p>Chất liệu</p>\n\n<p>Cotton, Nỉ</p>\n\n<p>Mẫu</p>\n\n<p>In</p>\n', 1, NULL, NULL, NULL, 'ao-hoodie-nam-nu-local-brand-unisex-cap-doi-ni-ngoai-cotton-form-rong-co-mu-xam-den-day-oversize-cloudzy-hd-paint', 1000, 'Áo hoodie nam nữ local brand unisex cặp đôi nỉ ngoại cotton form rộng có mũ xám đen dày oversize CLOUDZY HD PAINT', '<p>Phong cách</p>\n\n<p>Thể thao, Cơ bản, Hàn Quốc, Đường phố, Nhiệt đới</p>\n', 4, 1, NULL),
	(8, NULL, '2023-11-27 02:43:46', NULL, 'admin9193', 'ACTIVE', 259000, '<p>Rất lớn</p>\n\n<p>Có</p>\n\n<p>Xuất xứ</p>\n\n<p>Việt Nam</p>\n\n<p>Chiều dài tay áo</p>\n\n<p>Dài tay</p>\n\n<p>Chất liệu</p>\n\n<p>Cotton, Nỉ</p>\n\n<p>Mẫu</p>\n\n<p>In</p>\n\n<p>Tên tổ chức chịu trách nhiệm sản xuất</p>\n\n<p>Pandax</p>\n', 1, NULL, 1, NULL, 'hoodie-nam-nu-local-brand-pandax-ai-cap-ao-khoac-ni-form-rong-unisex-chat-ni-chan-cua-tay-bong-oversize', 1000, 'Hoodie nam nữ local brand PANDAX Ai Cập , áo khoác nỉ form rộng unisex , chất nỉ chân cua tay bồng oversize', '<p>Phong cách</p>\n\n<p>Cơ bản, Boho, Hàn Quốc, Retro, Đường phố</p>\n\n<p>Tall Fit</p>\n\n<p>Không</p>\n', 4, 8, NULL),
	(9, NULL, '2023-11-27 02:46:17', NULL, 'admin9193', 'ACTIVE', 345000, '<p>Chất liệu</p>\n\n<p>Nylon</p>\n\n<p>Chiều dài tay áo</p>\n\n<p>Khác</p>\n\n<p>Mẫu</p>\n\n<p>Trơn</p>\n\n<p>Phong cách</p>\n\n<p>Đường phố</p>\n\n<p>Tall Fit</p>\n\n<p>Có</p>\n\n<p>Rất lớn</p>\n\n<p>Có</p>\n\n<p>Xuất xứ</p>\n\n<p>Việt Nam</p>\n\n<p>Chiều dài áo khoác ngoài</p>\n\n<p>Dài</p>\n\n<p>Kiểu Áo khoác</p>\n\n<p>Áo gió</p>\n\n<p>Kiểu nút</p>\n\n<p>Dây kéo</p>\n', 1, NULL, 1, NULL, 'ao-khoac-du-local-brand-big-size-nam-pandax-polime-anti-racing-chinh-hang-co-cao-day-dan-phan-quang-form-rong-unisex', 1000, 'Áo khoác dù local brand big size nam Pandax polime anti racing chính hãng cổ cao dày dặn phản quang form rộng unisex', '<p>Áo khoác dù local brand big size nam Pandax polime anti racing chính hãng cổ cao dày dặn phản quang form rộng unisex</p>\n', 4, 2, NULL),
	(10, NULL, '2023-11-27 02:48:58', NULL, 'admin9193', 'ACTIVE', 345000, '<p>Hỗ trợ đổi trả theo quy định của Shopee</p>\n\n<p>1. Điều kiện áp dụng (trong vòng 07 ngày kể từ khi nhận sản phẩm)</p>\n\n<p>- Hàng hoá vẫn còn mới, chưa qua sử dụng</p>\n\n<p>- Hàng hoá bị lỗi hoặc hư hỏng do vận chuyển hoặc do nhà sản xuất</p>\n\n<p>2. Trường hợp được chấp nhận:</p>\n\n<p>- Hàng không đúng size, kiểu dáng như quý khách đặt hàng</p>\n\n<p>- Không đủ số lượng, không đủ bộ như trong đơn hàng</p>\n\n<p>3. Trường hợp không đủ điều kiện áp dụng chính sách:</p>\n\n<p>- Quá 07 ngày kể từ khi Quý khách nhận hàng</p>\n\n<p>- Gửi lại hàng không đúng mẫu mã, không phải sản phẩm của PANDAX</p>\n\n<p>- Không thích, không hợp, đặt nhầm mã, nhầm màu,...</p>\n\n<p>*Do màn hình và điều kiện ánh sáng khác nhau, màu sắc thực tế của sản phẩm có thể chênh lệch khoảng 3-5%</p>\n', NULL, 1, NULL, 1, 'ao-khoac-du-racing-pandax-polime-jacket-nam-nu-windbreaker-local-brand-unisex-ao-gio-form-rong-chong-nang-khong-mu', 1000, 'Áo khoác dù racing Pandax polime , jacket nam nữ , windbreaker local brand unisex , áo gió form rộng chống nắng không mũ', '<p>PANDAX CAM KẾT Sản phẩm jacket nam nữ 100% giống mô tả.</p>\n\n<p>Hình ảnh sản phẩm windbreaker local brand unisex là ảnh thật do shop tự chụp và giữ bản quyền hình ảnh</p>\n\n<p>Đảm bảo vải chất lượng 100%</p>\n\n<p>Sản phẩm áo gió form rộng chống nắng không mũ được kiểm tra kĩ càng, cẩn thận và tư vấn nhiệt tình trước khi gói hàng giao cho Quý Khách</p>\n\n<p>Hàng có sẵn, giao hàng ngay khi nhận được đơn</p>\n\n<p>Hoàn tiền nếu sản phẩm không giống với mô tả</p>\n\n<p>Chấp nhận đổi hàng khi size không vừa</p>\n\n<p>Giao hàng trên toàn quốc, nhận hàng trả tiền</p>\n', 5, 2, NULL),
	(11, NULL, '2023-11-27 02:53:09', NULL, 'admin9193', 'ACTIVE', 155000, '<p>✈ Form rộng Unisex cho cả nam và nữ</p>\n\n<p>Áo khoác dù; Áo khoác gió unisex</p>\n\n<p>? Hình Shop tự chụp, hàng được lựa chọn kỹ, đảm bảo mặc lên form đẹp như ảnh</p>\n\n<p>? Vải đẹp , không xù , không co rút , mềm mịn dày dặn , hút mồ hôi cực nhanh, mặc siêu mát .</p>\n\n<p>Áo khoác dù Unisex chống tia UV cực tốt.</p>\n', NULL, 1, 1, NULL, 'ao-khoac-gio-nam-nu-2-lop-ao-khoac-du-chat-lieu-vai-gio-cao-cap-khang-nuoc-full-tem-tag-phu-kien', 1000, 'Áo khoác gió nam-nữ 2 lớp, Áo khoác dù chất liệu vải gió cao cấp kháng nước full tem tag phụ kiện', '<p>Áo khoác dù, áo khoác gió Unisex - CHẤT DÙ SIÊU ĐẸP - 2 LỚP CHỐNG MƯA NẮNG ĐƯỢC HẾT</p>\n\n<p>? Size: M, L, XL, XXL ( 40-85kg )</p>\n\n<p>? Bảng SIZE: (Mang tính chất THAM KHẢO, các bạn có thể nhắn tin cho shop để được tư vấn size sau 1s nha)</p>\n\n<p>-Size M: 40 - 55kg, Cao dưới 1m60</p>\n\n<p>-Size L: từ 56 - 65kg , Cao 1m61 - 1m70</p>\n\n<p>-Size XL: từ 66 - 75 kg, Cao : 1m62 - 1m85</p>\n\n<p>-Size XXL: từ 76- 85 kg, Cao : 1m62 - 1m85</p>\n', 5, 7, NULL),
	(12, NULL, '2023-11-27 02:56:20', NULL, 'admin9193', 'ACTIVE', 169000, '<p>Đóng gói sản phẩm Lavi Studio/ Shark FULL BOX bao gồm: hộp, kèm giấy gói, card thankyou , giấy thơm, lavi shipping bag</p>\n\n<p>*Các ngày sale chúng mình xin phép gửi túi zip để gửi sản phẩm đến tay khách hàng sớm nhất ạ</p>\n', 1, NULL, NULL, NULL, 'ao-thun-local-brand-lavi-studio-shark', 1000, 'Áo thun Local Brand Lavi Studio/ Shark', '<p>Đóng gói sản phẩm Lavi Studio/ Shark FULL BOX bao gồm: hộp, kèm giấy gói, card thankyou , giấy thơm, lavi shipping bag</p>\n\n<p>*Các ngày sale chúng mình xin phép gửi túi zip để gửi sản phẩm đến tay khách hàng sớm nhất ạ</p>\n', 1, 2, NULL),
	(14, NULL, '2023-11-27 03:00:35', NULL, 'admin9193', 'ACTIVE', 179000, '<p>1. Điều kiện đổi trả</p>\n\n<p>- Mọi sản phẩm được đổi trả trong vòng 7 ngày kể từ ngày khách hàng nhận được bưu phẩm</p>\n\n<p>- Tình trạng sản phẩm: Sản phẩm đổi trả phải còn nguyên nhãn mác, chưa qua sử dụng và không có dấu hiệu của tác nhân bên ngoài.</p>\n\n<p>- Nếu sản phẩm đã bị cắt tag hãy vui lòng liên hệ lại với Lourents trong vòng 1 ngày để được giải quyết. Nếu sau 1 ngày Lourents có quyền không giải quyết đổi trả đơn hàng.</p>\n\n<p>- Trường hợp hoàn lại giá trị đơn hàng, Lourents sẽ hoàn tiền trong vòng 48h làm việc kể từ khi có yêu cầu hoàn trả.</p>\n', 1, NULL, NULL, NULL, 'ao-thun-unisex-local-brand-lourents-signature-tee-tee1', 1000, 'Áo Thun Unisex Local Brand Lourents Signature Tee - TEE1', '<p>Áo Thun Unisex Local Brand Lourents Signature Tee - TEE1 Đen</p>\n\n<p>BẢNG SIZE LOURENTS</p>\n\n<p>&nbsp;</p>\n\n<p>M : Dài 69 Rộng 53 | 1m50 - 1m63, 45 - 58Kg</p>\n\n<p>L : Dài 73 Rộng 56 | 1m60 - 1m73, 50 - 65Kg</p>\n\n<p>XL: Dài : 77 Rộng: 59 | 1m74 - 1m8, 65Kg - 80Kg</p>\n\n<p>Form áo được thiết kế theo tiêu chuẩn tương đối của người Việt Nam. Form oversize nên không cần nhảy size lớn hơn -</p>\n\n<p>Nếu bạn phân vân hãy inbox để được Lourents tư vấn kỹ hơn nhé!</p>\n', 1, 2, 1),
	(18, NULL, '2023-11-27 03:03:37', NULL, 'admin9193', 'ACTIVE', 178000, '<p>----------------------------------------------------------</p>\n\n<p>MÔ TẢ CHI TIẾT SẢN PHẨM - ÁO THUN FORM RỘNG LOCAL BRAND ONTOP RIPPLE TEE:</p>\n\n<p>- Chất liệu: Áo thun form rộng Ripple Tee được&nbsp;sử dụng chất liệu thun cotton thoáng mát, mềm mại.</p>\n\n<p>- Kiểu dáng: Áo có kiểu dáng rộng rãi, nam nữ đều mang được</p>\n\n<p>- Tiện lợi: Thiết kế đơn giản dễ mang, dễ phối.</p>\n\n<p>- Màu sắc: Màu sắc đơn giản, tính ứng dụng cao …</p>\n\n<p>- Hình in artwork vệt sáng độc đáo tạo điểm nhấn</p>\n\n<p>----------------------------------------------------------</p>\n', NULL, NULL, NULL, NULL, 'ao-thun-local-brand-nam-nu-mau-den-ripple-ontop-i-o21-t8', 1000, 'Áo thun local brand nam nữ màu đen Ripple ONTOP I O21-T8', '<p>THÔNG TIN CHỌN SIZE (KÍCH CỠ) ÁO THUN FORM RỘNG LOCAL BRAND</p>\n\n<p>Kích thước dễ dàng lựa chọn từ vừa vặn cho đến form rộng thoải mái với 3 size tiêu chuẩn.</p>\n\n<p>M: Chiều dài (từ vai): 69(cm) - Chiều rộng: 56(cm) - Dài tay: 22(cm)</p>\n\n<p>L: Chiều dài (từ vai): 71(cm) - Chiều rộng: 58(cm) - Dài tay: 23(cm)</p>\n\n<p>XL: Chiều dài (từ vai): 73(cm) - Chiều rộng: 60(cm) - Dài tay: 24(cm)</p>\n\n<p>***Lưu ý: Thông số trên có khoảng sai số nhỏ từ 2-3cm tuỳ vào độ co rút của vải áo.</p>\n', 1, 1, NULL),
	(19, NULL, '2023-11-27 03:06:11', NULL, 'admin9193', 'ACTIVE', 149000, '<p>Chất liệu</p>\n\n<p>Cotton</p>\n\n<p>Mẫu</p>\n\n<p>In</p>\n\n<p>Mùa</p>\n\n<p>Mùa hè</p>\n\n<p>Tên tổ chức chịu trách nhiệm sản xuất</p>\n\n<p>Công ty CLOUDZY</p>\n\n<p>Địa chỉ tổ chức chịu trách nhiệm sản xuất</p>\n\n<p>P. Đông Hưng Thuận, Q.12</p>\n\n<p>Gửi từ</p>\n\n<p>TP. Hồ Chí Minh</p>\n', 1, NULL, 1, NULL, 'ao-thun-nu-nam-unisex-tay-lo-phong-local-brand-form-rong-teen-co-tron-oversize-cotton-mau-den-trang-tee-cloudzy-control', 1000, 'Áo thun nữ nam unisex tay lỡ phông local brand form rộng teen cổ tròn oversize cotton màu đen trắng tee CLOUDZY CONTROL', '<p>Phong cách</p>\n\n<p>Thể thao, Cơ bản, Hàn Quốc, Đường phố, Nhiệt đới</p>\n\n<p>Tall Fit</p>\n\n<p>Có</p>\n\n<p>Chiều dài áo</p>\n\n<p>Dài</p>\n\n<p>Xuất xứ</p>\n\n<p>Việt Nam</p>\n\n<p>Chiều dài tay áo</p>\n\n<p>Dài 3/4</p>\n\n<p>Dáng kiểu áo</p>\n\n<p>Oversized</p>\n\n<p>Cổ áo</p>\n\n<p>Cổ tròn</p>\n', 1, 8, NULL),
	(22, NULL, '2023-11-27 03:16:46', NULL, 'admin9193', 'ACTIVE', 90000, '<p>I. SHOP CAM KẾT</p>\n\n<p>- Sản phẩm Áo sơ mi kaki basic giống mô tả 100%</p>\n\n<p>- Hình ảnh sản phẩm là ảnh thật, các hình hoàn toàn do shop tự thiết kế.</p>\n\n<p>- Kiểm tra cẩn thận trước khi gói hàng giao cho Quý Khách</p>\n\n<p>- Hàng có sẵn, giao hàng ngay khi nhận được đơn</p>\n\n<p>- Hoàn tiền nếu sản phẩm không giống với mô tả</p>\n', 1, NULL, NULL, NULL, 'ao-so-mi-nam-basic-chat-kaki-cao-cap-cuc-dep', 1000, 'Áo sơ mi nam Basic chất kaki cao cấp cực đẹp', '<p>⭐Bảng size bên shop các bạn tham khảo ạ:</p>\n\n<p>Size M: Dành cho người nặng từ 42kg - 53kg &lt; 1m63</p>\n\n<p>Size L : Dành cho người nặng từ 54kg - 60kg &lt; 1m70</p>\n\n<p>Size XL: Dành cho người nặng từ 61kg - 69kg&lt;1m75</p>\n\n<p>Size XXL: Dành cho người nặng từ 70kg - 76kg&lt;1m80</p>\n\n<p>Size 3XL: Dành cho người nặng từ 77kg - 85kg &lt;1m85</p>\n\n<p>? Bảng size mang tính chất tham khảo bạn có thể lấy size to hơn hoặc nhỏ theo yêu cầu của bạn!</p>\n', 2, 8, 1),
	(23, NULL, '2023-11-27 03:20:51', NULL, 'admin9193', 'ACTIVE', 129000, '<p>Áo Sweater Nam Form Rộng Phối Layer Chất Nỉ Unisex Thời Trang Trẻ Trung VESCA M10</p>\n\n<p>- Sản phẩm được thiết kế theo đúng form chuẩn của nam giới Việt Nam</p>\n\n<p>- Sản phẩm chính là mẫu thiết kế mới nhất của VESCA</p>\n', NULL, 1, NULL, NULL, 'ao-sweater-nam-form-rong-phoi-layer-chat-ni-unisex-thoi-trang-tre-trung-vesca-m10', 1000, 'Áo Sweater Nam Form Rộng Phối Layer Chất Nỉ Unisex Thời Trang Trẻ Trung VESCA M10', '<p>------------------------------------</p>\n\n<p>THÔNG TIN CHI TIẾT</p>\n\n<p>? Chất liệu: Nỉ</p>\n\n<p>? Màu sắc: Đen - Xanh dương - Trắng</p>\n\n<p>? Thương hiệu: VESCA</p>\n\n<p>? Xuất xứ: Việt Nam</p>\n\n<p>&nbsp;</p>\n', 4, 9, 1),
	(24, NULL, '2023-11-27 03:25:03', NULL, 'admin9193', 'ACTIVE', 299000, '<p>+ Giặt ở nhiệt độ bình thường, với đồ có màu tương tự.</p>\n\n<p>+ Không được dùng hóa chất tẩy.</p>\n\n<p>+ Hạn chế sử dụng máy sấy và ủi ở nhiệt độ thích hợp.</p>\n\n<p>+ Lộn mặt trái khi phơi tránh bị nhanh phai màu</p>\n', NULL, NULL, NULL, NULL, 'ao-khoac-da-roway-chat-lieu-da-ep-cao-cap-da-cuc-bam-v2', 1000, 'Áo khoác dạ ROWAY chất liệu dạ ép cao cấp | Dạ cúc bấm V2', '<p>- Chất liệu: dạ ép cao cấp</p>\n\n<p>- Phom dáng: suông mặc thoải mái</p>\n\n<p>- Hoàn thiện: tỉ mỉ cao</p>\n', 5, 4, NULL),
	(25, NULL, '2023-11-27 03:29:29', NULL, 'admin9193', 'ACTIVE', 75000, '<p>- Giặt ở nhiệt độ bình thường, với đồ có màu tương tự, áo phối màu ko ngâm để tránh phai màu</p>\n\n<p>- Không được dùng hóa chất tẩy.</p>\n\n<p>- Hạn chế sử dụng máy sấy và ủi ở nhiệt độ thích hợp.</p>\n\n<p>- Lộn mặt trái khi phơi tránh bị phai màu</p>\n', 1, NULL, NULL, NULL, 'ao-polo-nam-ao-nam-tay-ngan-phoi-mau-theu-tay-dep-xuat-sac', 1000, 'Áo Polo nam, áo nam tay ngắn Phối Màu, thêu tay đẹp xuất sắc', '<p>- Chất vải Cá Sấu Cotton (95% cotton và 5% spandex)</p>\n\n<p>- Độ co dãn tốt, thấm hút, chóng nhăn và độ bền màu cao</p>\n\n<p>- Gồm 4 màu và Form regular fit thoải mái vận động</p>\n\n<p>- Tỉ mỉ tron từng đường may, sẽ không có chỉ thừa hay đường may khiến bạn khó chịu khi mặc</p>\n\n<p>- Khi giặt áo không bị xù lông hay bay màu, thấm hút mồ hôi tốt và thoải mái khi vận động mạnh</p>\n\n<p>- Thiết kế cấu trúc lỗ thoáng, mắt vải to tạo sự thoáng mát cho người mặc.</p>\n', 2, 2, NULL),
	(26, NULL, '2023-11-27 03:36:20', NULL, 'admin9193', 'ACTIVE', 93870, '<p>- quý khách muốn đặt 2 sản phẩm mà chưa biết cách sẽ thao tác như sau ạ : bấm vào sản phẩm chọn cho vào giỏ hàng , rồi tiếp tục quay lại bấm vào sản phẩm cho vào giỏ hàng lần nữa , sau đó vào giỏ hàng bấm thanh toán 2 sản phẩm đó là sẽ thành một đơn hàng. + Ưu điểm: đứng form tôn dáng, mặc thoáng mát + Hướng dẫn Bảo quản: giũ trước khi phơi, hạn chế chất tẩy rửa, giặt dưới 30 độ và tránh phơi trực tiếp dưới ánh nắng mặt trời + Điểm nổi bật: -Khi mặc các sản phẩm từ vải đũi, bạn sẽ có cảm giác thoải mái, dễ chịu bởi trọng lượng vải khá nhẹ, chất vải mềm mịn, êm ái. -Vải đũi có chất liệu 100% từ thiên nhiên, có khả năng thấm hút tốt vì vậy có tác dụng giải nhiệt -Vải đũi được làm từ nguyên liệu có nguồn gốc từ tự nhiên nên rất an toàn cho da, không ảnh hưởng đến sức khỏe -giặt Áo máy giặt thoải không phai màu, không chảy ! + Phong cách kết hợp tham khảo: phù hợp với mặc đi chơi</p>\n', 1, NULL, NULL, NULL, 'ao-so-mi-dui-nam-coc-tay-phoi-tui-nguc-thoi-trang-store-na', 1000, 'Áo sơ mi đũi nam cộc tay phối túi ngực thời trang Store NA', '<p>Size M 46-56 kg Size L 57-66 kg Size XL 67 - 73 Kg Size XXL 74 _77 kg Size 3XL 78 _86 kg =&gt; FORM NHỎ NÊN QUÝ KHÁCH ĐẶT TĂNG THÊM 1 SIZE SO VỚI QUẦN BÌNH THƯỜNG QUÝ KHÁCH ĐANG MẶC ĐỂ THOẢI MÁI VỪA VẶN HƠN Ạ . + Xuất xứ: Việt Nam</p>\n', 2, 10, NULL),
	(27, NULL, '2023-11-27 03:40:53', NULL, 'admin9193', 'ACTIVE', 145000, '<p>✔️ QUẦN JEANS BAGGY DÁNG ỐNG SUÔNG NAM CAO CẤP</p>\n\n<p>- Có phải bạn đang muốn tìm cho mình một chiếc quần jean baggy cao cấp mang style hàn quốc?</p>\n\n<p>May mắn là bạn đã tìm thấy chúng tôi.</p>\n\n<p>- Chiếc quần jean baggy dành cho nam này cửa hàng chúng tôi bán khoảng 600 chiếc mỗi tháng.</p>\n\n<p>Đã bán hơn 6.000 chiếc chỉ tính riêng trên hệ thống của Shopee Việt Nam, chưa kể đến những kênh bán khác!</p>\n\n<p>- Bạn cũng sẽ là một trong số những người sẽ sở hữu chiếc quần jean baggy mang phong cách hàn quốc này.</p>\n\n<p>Bởi vì đây là một chiếc quần jean mà cực kỳ dễ phối đồ từ áo thun, hoodie, áo khoác..cho đến các loại sneakers, boots..</p>\n', 1, NULL, 1, NULL, 'quan-jean-nam-ong-suong-rong-tr01-quan-bo-nam-mau-xam-den-dang-baggy-20we-hottrend-han-quoc-2023', 1000, 'Quần jean nam ống suông rộng TR01, quần bò nam mầu xám đen dáng baggy 20WE hottrend hàn quốc 2023', '<p>?Size 26 (Từ 36- 42kg Cao Dưới 1m71)</p>\n\n<p>?Size 27 (Từ 42 - 49kg Cao Dưới 1m71)</p>\n\n<p>? Size 28 (Từ 50 - 54kg Cao Dưới 1m75)</p>\n\n<p>? Size 29 (Từ 55 - 58 kg Cao Dưới 1m80)</p>\n\n<p>? Size 30 ( Từ 59- 62 kg Cao Dưới 1m80)</p>\n\n<p>? Size 31 (Từ 63 - 65 kg Cao Dưới 1m80)</p>\n\n<p>? Size 32 (Từ 66 - 69 kg Cao Dưới 1m80)</p>\n\n<p>? Size 33 (Từ 70- 73 kg Cao Dưới 1m85)</p>\n\n<p>? Size 34 (Từ 74 - 77 kg Cao Dưới 1m85)</p>\n\n<p>? Size 35 (Từ 78 - 85 kg Cao Dưới 1m89)</p>\n\n<p>? Size 36 (Từ 86 - 93 kg Cao Dưới 1m89)</p>\n\n<p>? Size 37 ( Từ 95kg-105kg Cao Dưới 1m89)</p>\n', 6, 5, NULL),
	(28, NULL, '2023-11-27 15:27:15', NULL, 'admin9193', 'ACTIVE', 125000, '<p>&nbsp;</p>\n\n<p>➤ Chất liệu : Vải gió tráng bạc, mềm, lông cừ dày dặn ấm áp ➤ Độ Dày : Dày ấm, chống chịu đại hàn, gió tuyết ➤ Công dụng : che gió , chống nắng (bảo vệ da ) , giữ ấm cho ngày lạnh , rất thời trang ➤ Màu Sắc : Đen , Xanh than, Xanh cổ vịt, Ghi , Vàng ➤ Sản phẩm được thiết kế Đơn Giản mang lại vẻ sang trọng cho người mặc</p>\n', NULL, 1, NULL, NULL, 'ao-khoac-gio-nam-nu-2-lop-lot-long-cuu-cao-cap-sieu-am-ao-gio-nam-nu-phu-nano-chong-gio-chong-tham-nuoc', 1000, 'Áo khoác gió nam nữ 2 lớp lót lông cừu cao cấp siêu ấm, áo gió nam nữ phủ nano chống gió chống thấm nước', '<p>Áo khoác nam lót lông 3 khoá chất vải gió tráng bạc chống nước, lót lông dày dặn * Tiếp nối sự thành công của mẫu áo gió nam lót lông 2021, mẫu áo lót lông nam năm nay được cải tiến tốt hơn. Cải tiến về form áo đảm bảo rộng rãi, về khoá chất lượng, bền và chắc chắn, bên trong lót lông ấm ám, dày dặn. * Một sự khác biệt giữa mẫu năm nay so với mẫu cũ ở thiết kế vải gió tráng bạc chống nước, chống gió tuyệt đối . Chất liệu lông của áo khoác nam lót lông được nhập khẩu trực tiếp, đảm bảo chất lượng và an toàn cho làn da của bạn. Lớp lót lông cừu dày dặn bên trong tạo cảm giác mềm mại và ấm áp, không xù và không rụng lông trong suốt quá trình sử dụng * Phong cách trẻ trung,dễ phối hợp với các loại quần áo khác nhau</p>\n', 5, 7, NULL),
	(29, NULL, '2023-11-27 15:39:14', NULL, 'admin9193', 'ACTIVE', 170000, '<p>- Điều kiện áp dụng (trong vòng 2 ngày kể từ khi nhận sản phẩm) - Hàng hoá bị rách, in lỗi, bung chỉ, và các lỗi do vận chuyển hoặc do nhà sản xuất. 1. Trường hợp được chấp nhận: - Hàng giao sai size khách đã đặt hàng - Giao thiếu hàng 2. Trường hợp không đủ điều kiện áp dụng chính sách: - Quá 2 ngày kể từ khi Quý khách nhận hàng - Gửi lại hàng không đúng mẫu mã, không phải sản phẩm của 20SILK - Không thích, không hợp, đặt nhầm mã, nhầm màu,...</p>\n', NULL, NULL, 1, NULL, 'ao-khoac-nam-nu-chat-da-han-cao-cap-form-rong-dai-tay-hop-moi-thoi-dai-phong-cach-han-quoc', 1000, 'Áo khoác nam nữ chất dạ Hàn cao cấp form rộng dài tay ,hợp mọi thời đại, phong cách Hàn Quốc', '<p>- Sản phẩm Áo Khoác dạ giống mô tả 100% - Hình ảnh sản phẩm là ảnh thật, các hình hoàn toàn do shop tự thiết kế. - Kiểm tra cẩn thận trước khi gói hàng giao cho Quý Khách - Hàng có sẵn, giao hàng ngay khi nhận được đơn - Hoàn tiền nếu sản phẩm không giống với mô tả - Chấp nhận đổi hàng khi size không vừa trong 3 ngày.</p>\n', 5, 6, NULL),
	(30, NULL, '2023-11-27 15:42:19', NULL, 'admin9193', 'ACTIVE', 380000, '<p>?[Hướng dẫn mua hàng]!!!!!!!!!!! 1. Tính toán tỷ lệ khác với quốc gia của bạn. Vui lòng cung cấp chiều cao và cân nặng của bạn khi đặt hàng, chúng tôi sẽ cung cấp cho bạn kích thước đề xuất để tránh mất mát không đáng có.</p>\n\n<p>&nbsp;</p>\n\n<p>2. Do các phương pháp đo lường khác nhau, sai số từ 2-5 cm được phép, và phạm vi sai số không phải là vấn đề chất lượng! Do góc chụp khác nhau nên sự khác biệt về màu sắc là không thể tránh khỏi. Vui lòng tham khảo sản phẩm thực tế càng nhiều càng tốt.</p>\n\n<p>&nbsp;</p>\n\n<p>3. Nếu bạn hài lòng với sản phẩm và dịch vụ của chúng tôi, vui lòng đánh giá 5 sao cho chúng tôi trong phần bình luận và tải ảnh lên quần áo của bạn để giúp những khách hàng khác giới thiệu và nâng cao danh tiếng của chính bạn.</p>\n', NULL, 1, 1, NULL, 'ao-khoác-hoodie-gia-hai-lop-hai-manh-gia-dang-rong-chat-lieu-nhung-thiet-ke-day-keo-doi-áo-khoác-nam-có-mũ-thoi-trang-áo-khoác', 1200, 'Áo khoác Hoodie Giả Hai Lớp Hai mảnh giả Dáng Rộng Chất liệu nhung Thiết kế dây kéo đôi áo khoác nam có mũ Thời trang áo khoác', '<p>Mặc những bộ quần áo yêu thích của tôi và trở thành nhân vật chính của cuộc đời tôi!!!</p>\n\n<p>&nbsp;</p>\n\n<p>???Chào mừng bạn đến với cửa hàng của chúng tôi, nơi tập trung vào quần áo thời trang. Với khả năng thiết kế riêng và sức mạnh của nhà máy, chúng tôi cung cấp cho mỗi khách hàng những sản phẩm may mặc tiết kiệm chi phí.</p>\n\n<p>&nbsp;</p>\n\n<p>Chất liệu: Bông + Polyester</p>\n\n<p>&nbsp;</p>\n\n<p>Độ dày: thông thường</p>\n\n<p>&nbsp;</p>\n\n<p>Tính năng sản phẩm: Xu hướng thời trang</p>\n\n<p>&nbsp;</p>\n\n<p>Phong cách: Giản dị, Thời trang</p>\n', 4, 7, 1),
	(31, NULL, '2023-11-27 15:44:42', NULL, 'admin9193', 'ACTIVE', 360000, '<p>?[Hướng dẫn mua hàng]!!!!!!!!!!! 1. Tính toán tỷ lệ khác với quốc gia của bạn. Vui lòng cung cấp chiều cao và cân nặng của bạn khi đặt hàng, chúng tôi sẽ cung cấp cho bạn kích thước đề xuất để tránh mất mát không đáng có.</p>\n\n<p>&nbsp;</p>\n\n<p>2. Do các phương pháp đo lường khác nhau, sai số từ 2-5 cm được phép, và phạm vi sai số không phải là vấn đề chất lượng! Do góc chụp khác nhau nên sự khác biệt về màu sắc là không thể tránh khỏi. Vui lòng tham khảo sản phẩm thực tế càng nhiều càng tốt.</p>\n\n<p>&nbsp;</p>\n\n<p>3. Nếu bạn hài lòng với sản phẩm và dịch vụ của chúng tôi, vui lòng đánh giá 5 sao cho chúng tôi trong phần bình luận và tải ảnh lên quần áo của bạn để giúp những khách hàng khác giới thiệu và nâng cao danh tiếng của chính bạn.</p>\n', NULL, NULL, 1, 1, 'ao-khoac-unisex-tay-dai-dang-rong-ao-khoac-kaki-2-lop-day-keo-co-mu-don-gian-phong-cach-harajuku-chong-gio-chong-nuoc', 1200, 'Áo khoác unisex Tay Dài Dáng Rộng áo khoác kaki 2 lớp dây kéo có mũ Đơn Giản Phong Cách harajuku Chống Gió Chống Nước', '<p>???Chào mừng bạn đến với cửa hàng của chúng tôi, nơi tập trung vào quần áo thời trang. Với khả năng thiết kế riêng và sức mạnh của nhà máy, chúng tôi cung cấp cho mỗi khách hàng những sản phẩm may mặc tiết kiệm chi phí.</p>\n\n<p>&nbsp;</p>\n\n<p>Chất liệu: Bông + polyeste</p>\n\n<p>&nbsp;</p>\n\n<p>Độ dày: Thường xuyên</p>\n\n<p>&nbsp;</p>\n\n<p>Tính năng sản phẩm: Xu hướng thời trang</p>\n\n<p>&nbsp;</p>\n\n<p>Phong cách: Giản dị, Thời trang</p>\n', 5, 7, NULL),
	(32, NULL, '2023-11-27 15:47:45', NULL, 'admin9193', 'ACTIVE', 380000, '<p>?[Hướng dẫn mua hàng]!!!!!!!!!!! 1. Tính toán tỷ lệ khác với quốc gia của bạn. Vui lòng cung cấp chiều cao và cân nặng của bạn khi đặt hàng, chúng tôi sẽ cung cấp cho bạn kích thước đề xuất để tránh mất mát không đáng có.</p>\n\n<p>&nbsp;</p>\n\n<p>2. Do các phương pháp đo lường khác nhau, cho phép sai số 2-5cm và phạm vi lỗi không phải là vấn đề chất lượng! Do góc chụp khác nhau nên sự khác biệt về màu sắc là không thể tránh khỏi. Vui lòng tham khảo sản phẩm thực tế càng nhiều càng tốt.</p>\n\n<p>&nbsp;</p>\n\n<p>3. Nếu bạn hài lòng với sản phẩm và dịch vụ của chúng tôi, vui lòng đánh giá 5 sao cho chúng tôi trong phần bình luận và tải ảnh lên quần áo của bạn để giúp những khách hàng khác giới thiệu và nâng cao danh tiếng của chính bạn.</p>\n', 1, NULL, NULL, 1, 'ao-khoac-co-lo-nam-nu-co-cao-dang-rong-ao-khoat-jacket-gio-unisex-phong-cach-my-thoi-trang-co-mu-khoa-keo-doi-chong-tham-nuoc', 1000, 'Áo khoác Cổ Lọ nam nữ cổ cao dáng rộng áo khoát jacket gió unisex phong cách Mỹ thời trang có mũ Khóa Kéo Đôi Chống Thấm Nước', '<p>???Chào mừng bạn đến với cửa hàng của chúng tôi, nơi tập trung vào quần áo thời trang. Với khả năng thiết kế riêng và sức mạnh của nhà máy, chúng tôi cung cấp cho mỗi khách hàng những sản phẩm may mặc tiết kiệm chi phí.</p>\n\n<p>&nbsp;</p>\n\n<p>Chất liệu: Bông + Polyester</p>\n\n<p>&nbsp;</p>\n\n<p>Độ dày: Thường xuyên</p>\n\n<p>&nbsp;</p>\n\n<p>Tính năng sản phẩm: Xu hướng thời trang</p>\n\n<p>&nbsp;</p>\n\n<p>Phong cách: Giản dị, Thời trang</p>\n', 4, 4, NULL),
	(33, NULL, '2023-11-27 15:55:39', NULL, 'admin9193', 'ACTIVE', 120000, '<p>&nbsp;</p>\n\n<p>- Size M: Cao 1m55 - 1m65; Nặng 45 - 58kg - Size L: Cao 1m65 – 1m74; Nặng 58 - 65kg - Size XL: Cao 1m74 – 1m80; Nặng 65 - 75kg - Size XXL: Cao 1m74 – 1m85; Nặng 75 - 88KG</p>\n', NULL, NULL, 1, 1, 'quan-jogger-kaki-nam-chat-vai-co-gianthiet-ke-socthoang-mattham-hut-mo-hoikhong-xu', 1000, 'Quần Jogger Kaki Nam Chất Vải Co Giãn,Thiết kế Sọc,Thoáng Mát,Thấm Hút Mồ Hôi,Không Xù', '<p>✔️ Trẻ trung năng động , cá tính ✔️ Phong cách: Quần jogger kaki nam ống bó thiết kế thời trang, hiện đại, năng động ✔️ Thiết kế trang nhã, có thể sử dụng đi trong nhiều bối cảnh khác nhau ✔️ Đường May kỹ, tỉ mỉ từng chi tiết giúp chiếc quần thêm sang trọng. ✔️ Kiểu dáng thể thao, năng động, hiện đại phù hợp mặc: Đi học, đi thể thao, đi dạo, đi chơi,… tạo ấn tượng tốt ✔️ Chất liệu: Vải kaki, dày dặn</p>\n', 7, 8, NULL),
	(34, NULL, '2023-11-27 16:02:20', NULL, 'admin9193', 'ACTIVE', 149000, '<p>- Chất liệu: KAKI co dãn</p>\n\n<p>- Màu sắc: nhiều màu</p>\n\n<p>- Đường may tinh tế, tỉ mỉ trong từng chi tiết</p>\n\n<p>- Phong cách: thể thao, trẻ trung,..</p>\n\n<p>- Thiết kế dày dặn mặc rất thoải mái, dễ dàng vận động, phù hợp cho nhiều cân nặng khác nhau</p>\n', 1, NULL, NULL, 1, 'quan-jogger-kaki-nam-co-dan-ong-bo-chun-cao-cap-hang-xuat-khau-vai-xin-j90', 1200, 'QUẦN JOGGER KAKI NAM CO DÃN ỐNG BO CHUN CAO CẤP HÀNG XUẤT KHẨU VẢI XỊN J90', '<p>- Shop cam kết không bán hàng giả, hàng nhái, chất lượng luôn là hàng đầu để shop có thể phát triển thương hiệu và vươn xa.</p>\n\n<p>- Sản phẩm cam kết như hình thật 100%</p>\n\n<p>- Tư vấn nhiệt tình, chu đáo luôn lắng nghe khách hàng để phục vụ tốt.</p>\n\n<p>- Giao hàng nhanh đúng tiến độ không phải để quý khách chờ đợi lâu để nhận hàng.</p>\n\n<p>- Hàng được kiểm tra kĩ càng, cẩn thận và tư vấn nhiệt tình trước khi gói hàng giao cho Quý Khách</p>\n\n<p>- Hàng có sẵn, giao hàng ngay khi nhận được đơn</p>\n\n<p>- Hoàn tiền nếu sản phẩm không giống với mô tả. Chấp nhận đổi hàng khi size không vừa</p>\n\n<p>- Giao hàng trên toàn quốc, nhận hàng trả tiền</p>\n\n<p>- Hỗ trợ đổi trả theo quy định của Shopee</p>\n', 7, 2, NULL),
	(35, NULL, '2023-11-27 16:07:28', NULL, 'admin9193', 'ACTIVE', 145000, '<p>?Size 26 (Từ 36- 43kg Cao Dưới 1m65) ?Size 27 (Từ 40 - 50kg Cao Dưới 1m70) ? Size 28 (Từ 50 - 54kg Cao Dưới 1m75) ? Size 29 (Từ 54 - 58 kg Cao Dưới 1m80) ? Size 30 ( Từ 58- 63 kg Cao Dưới 1m80) ? Size 31 (Từ 63 - 68 kg Cao Dưới 1m80) ? Size 32 (Từ 68 - 73 kg Cao Dưới 1m80) ? Size 33 (Từ 73- 75 kg Cao Dưới 1m85) ? Size 34 (Từ 75 - 80 kg Cao Dưới 1m85) ? Size 35 (Từ 80 - 85 kg Cao Dưới 1m89) ? Size 36 (Từ 85 - 90 kg Cao Dưới 1m89) ? Size 37 ( Từ 90kg-100kg Cao Dưới 1m89)</p>\n', NULL, NULL, NULL, NULL, 'quan-jean-baggy-nam-ong-suong-ong-rong-vua-hotrend-han-quoc-quan-bo-baggy-nam-dang-rong-maxstore-b014', 1200, 'Quần jean baggy nam ống suông ống rộng vừa hotrend Hàn Quốc, Quần bò baggy nam dáng rộng MAXSTORE B014', '<p>- Kiểu Dáng: quần jean baggy dành cho nam - Mầu Sắc: Xanh Sky. Xanh đậm, Xám khói, Đen - Chất liệu: jean cao cấp, ko phai mầu - Số lượng : hàng đủ size , xuất khẩu - gồm có đủ size: từ size 28 ( 40kg) -&gt; size 33 (78kg).</p>\n', 6, 6, NULL),
	(36, NULL, '2023-11-27 16:11:30', NULL, 'admin9193', 'ACTIVE', 140000, '<p>- Kiểu Dáng: Quần nhung tăm nam nữ ống rộng XMAX, Quần thể thao Unisex dáng suông cạp chun dây rút thời trang thu đông cao cấp B093</p>\n\n<p>- Mầu Sắc: Đen, Nâu, Be phối đen</p>\n\n<p>- Chất liệu: Nhung Tăm Cao Cấp</p>\n\n<p>- Số lượng : Hàng đủ size , xuất khẩu</p>\n\n<p>- Gồm có đủ size: S, M, L, XL.</p>\n', NULL, NULL, NULL, NULL, 'quan-nhung-tam-nam-nu-ong-rong-xmax-quan-the-thao-unisex-dang-suong-cap-chun-day-rut-thoi-trang-thu-dong-cao-cap', 1200, 'Quần nhung tăm nam nữ ống rộng XMAX, Quần thể thao Unisex dáng suông cạp chun dây rút thời trang thu đông cao cấp', '<p>* Ưu Điểm: Quần nhung tăm nam nữ ống rộng XMAX, Quần thể thao Unisex dáng suông cạp chun dây rút mang phong cách trẻ trung năng động "BadBoy" được sẵn đón rất nhiều trong thời điểm hiện tại.</p>\n\n<p>- Quần thể thao thu đông nhung tăm cao cấp được thiết kế 2 bên kẻ sọc phong cách thời trang đặc biệt được giới trẻ tìm kiếm rất nhiều và được biệt các bạn thích phong cách đường phố.</p>\n\n<p>- Nếu bạn không tự tin mình có một đôi chân cong hoặc chiều cao có hạn thì bạn yên tâm với chiếc Quần ống rộng nam unisex phôi kẻ sọc, cạp chun nhà XMAX được thiết kế với dáng quần suông ống rộng sẽ giúp bạn giải quyết những vấn đề trên. Và giúp bạn tự tin hơn với chiếc quần quần thể thao thu đông cao cấp.</p>\n', 9, 8, NULL),
	(37, NULL, '2023-11-27 16:18:34', NULL, 'admin9193', 'ACTIVE', 145000, '<p>✔️ THAM KHẢO SIZE QUẦN : ?Size 26 (Từ 36- 43kg Cao Dưới 1m65) ?Size 27 (Từ 40 - 50kg Cao Dưới 1m70) ? Size 28 (Từ 50 - 54kg Cao Dưới 1m75) ? Size 29 (Từ 54 - 58 kg Cao Dưới 1m80) ? Size 30 ( Từ 58- 63 kg Cao Dưới 1m80) ? Size 31 (Từ 63 - 68 kg Cao Dưới 1m80) ? Size 32 (Từ 68 - 73 kg Cao Dưới 1m80) ? Size 33 (Từ 73- 75 kg Cao Dưới 1m85) ? Size 34 (Từ 75 - 80 kg Cao Dưới 1m85) ? Size 35 (Từ 80 - 85 kg Cao Dưới 1m89) ? Size 36 (Từ 85 - 90 kg Cao Dưới 1m89) ? Size 37 ( Từ 90kg-100kg Cao Dưới 1m89) NOTE : Hãy nhắn tin cho shop để được tư vấn size chuẩn nhất với bạn.</p>\n', NULL, NULL, NULL, NULL, 'quan-jean-nam-baggy-ong-suong-tui-cheo-ong-rong-vua-hotrend-han-quoc-quan-bo-baggy-nam-dang-rong-maxstore-b015', 1200, 'Quần jean nam baggy ống suông túi chéo ống rộng vừa hotrend Hàn Quốc, Quần bò baggy nam dáng rộng MAXSTORE B015', '<p>✔️ Thông Tin Sản Phẩm: - Kiểu Dáng: quần jean baggy dành cho nam - Mầu Sắc: Xanh Sky. Xanh đậm, Xám khói, Đen - Chất liệu: jean cao cấp, ko phai mầu - Số lượng : hàng đủ size , xuất khẩu - gồm có đủ size: từ size 28 ( 40kg) -&gt; size 33 (78kg).</p>\n', 6, 10, NULL),
	(38, NULL, '2023-11-27 16:24:18', NULL, 'admin9193', 'ACTIVE', 280000, '<p>Chiều dài tay: tay dài</p>\n\n<p>Kiểu cổ: có mũ trùm đầu</p>\n\n<p>Mùa thích hợp: thu và đông winter</p>\n\n<p>Phiên bản: tiêu chuẩn</p>\n\n<p>Độ dài: Thông thường</p>\n\n<p>Phong cách cơ bản: phổ biến thích hợp cho giới trẻ</p>\n\n<p>Cách mặc: Áo khoác ngoài</p>\n\n<p>Xử lý theo quy trình: xử lý không ủi</p>\n\n<p>Thích hợp cho: giải trí</p>\n\n<p>Thích hợp cho: thanh thiếu niên</p>\n\n<p>Mẫu: đơn giản</p>\n\n<p>&nbsp;</p>\n\n<p>✨✨✨✨✨ ✨✨✨✨✨</p>\n', NULL, 1, NULL, NULL, 'yipinyouyou-ao-khoac-bong-chay-co-mu-trum-dau-thoi-trang-xuan-thu-cho-nam', 1200, 'YIPINYOUYOU Áo khoác bóng chày có mũ trùm đầu thời trang xuân thu cho nam', '<p>✅ ? Tất cả các sản phẩm đều được làm bằng vải chất lượng cao và tay nghề tinh tế để đảm bảo chất lượng sản phẩm.</p>\n\n<p>✅? Sản phẩm của chúng tôi là hàng mới 100%.</p>\n\n<p>✅ ? Hy vọng sẽ mang đến cho bạn trải nghiệm mua sắm tốt nhất.</p>\n', 5, 9, NULL),
	(39, NULL, '2023-11-27 16:29:03', NULL, 'admin9193', 'ACTIVE', 340000, '<p>Chi tiết kiểu dáng: in họa tiết</p>\n\n<p>Thiết kế viền áo: viền tròn</p>\n\n<p>Quy trình: xử lý không ủi</p>\n\n<p>Chiều dài: thông thường</p>\n\n<p>Kiểu túi áo: túi có đường may bên</p>\n\n<p>Cách mặc: Áo khoác ngoài</p>\n\n<p>Chiều dài tay: tay dài</p>\n\n<p>Màu sắc: mai</p>\n\n<p>&nbsp;</p>\n', NULL, NULL, NULL, NULL, 'ao-khoac-co-dung-dang-rong-thoi-trang-mua-thu-cho-nam', 1200, 'Áo khoác cổ đứng dáng rộng thời trang mùa thu cho nam', '<p>Loại sản phẩm: Áo khoác</p>\n\n<p>Loại sản phẩm: Nhật Bản</p>\n\n<p>Kiểu cổ: cổ đứng</p>\n\n<p>Độ vừa vặn: Dáng rộng</p>\n\n<p>Túi: dây kéo</p>\n\n<p>Có trùm đầu: Không trùm đầu</p>\n\n<p>Độ dày: mỏng</p>\n\n<p>Hoa văn: trơn</p>\n\n<p>Mùa phù hợp: xuân và thu</p>\n\n<p>Thích hợp cho đối tượng: thanh thiếu niên</p>\n\n<p>Thành phần vải chính: sợi polyester (polyester)</p>\n\n<p>Hàm lượng của chất vải chính: 85 (%)</p>\n\n<p>Dịp thích hợp: giải trí</p>\n', 5, 9, NULL),
	(40, NULL, '2023-11-27 16:34:33', NULL, 'admin9193', 'ACTIVE', 218400, '<p>M: Ngang áo: 102cm - Eo: 90cm - Dài tay: 64cm</p>\n\n<p>L: Ngang áo: 110cm - Eo: 98cm - Dài tay: 65cm</p>\n\n<p>XL: Ngang áo: 118cm - Eo: 107cm - Dài tay: 65.5cm</p>\n', 1, NULL, NULL, NULL, 'ao-khoac-jacket-local-brand-by-unispace-form-rong-unisex-nam-nu-freedom', 1200, 'Áo khoác jacket local brand By UniSpace form rộng unisex nam nữ Freedom', '<p>Áo khoác dù Freedom được làm từ chất liệu vải dù thoáng mát, form oversize thoải mái cũng hình in full áo độc đáo, cá tính. Áo Jacket này tuy phá cách, bụi bặm nhưng vẫn unisex phù hợp với cả nam lẫn nữ nha, mặc đi học đi chơi thả ga luôn nhé. Nhanh tay đặt hàng để được tặng kèm quà và nhiều ưu đãi khác nha.</p>\n', 5, 7, NULL),
	(41, NULL, '2023-11-27 16:40:53', NULL, 'admin9193', 'ACTIVE', 350000, '<p>- Chất liệu được làm dạ 2 lớp và phối Tay da PU</p>\n\n<p>- Các chi tiết trên áo đều được THÊU cao cấp</p>\n\n<p>- DÁNG RỘNG TO OVERSIZE</p>\n\n<p>- Tay áo bo</p>\n', NULL, 1, 1, NULL, 'ao-khoac-bomber-lv-varsity-jacket-ao-bomber-jacket-lv-tho-hinh-theu-kunshopunisex', 1000, 'Áo Khoác bomber Lv Varsity Jacket Áo bomber jacket Lv thỏ hình thêu kunshopunisex', '<p>Size M từ 55-60kg : cao từ 1m6-1m5</p>\n\n<p>Size L từ 60-70kg : cao từ 1m7</p>\n\n<p>Size Xl từ 70-90kg : cao từ 1m8 trở xún</p>\n', 5, 7, 1),
	(42, NULL, '2023-11-27 16:48:18', NULL, 'admin9193', 'ACTIVE', 199000, '<p>Cách giặt: Nên giặt tay để giữ được fom dáng của áo. Lúc phơi cần lộn ngược áo từ trong ra ngoài để tránh tình trạng bị bay màu, phai màu do ánh sáng mặt trời tiếp xúc trực tiếp vào áo và các hình in</p>\n\n<p>Bảo quản nơi khô ráo, nên treo lên móc, giá để không bị nhăn</p>\n', 1, NULL, NULL, NULL, 'áo-thun-fafic-studio-boy-fa-áo-thun-tay-lõ-nam-nũ-oversize-chát-cotton-cao-cáp-kunshop-unisex', 1000, 'Áo thun Fafic studio Boy FA áo thun tay lỡ nam nữ oversize Chất cotton cao cấp KunShop Unisex', '<p>Có SIZE M L XL</p>\n\n<p>Size M từ 55-60kg : cao từ 1m6-1m5</p>\n\n<p>Size L từ 60-70kg : cao từ 1m7</p>\n\n<p>Size Xl từ 70-95kg : cao từ 1m8 trở xún</p>\n', 7, 7, NULL),
	(43, NULL, '2023-12-03 10:21:38', NULL, 'admin9193', 'ACTIVE', 1000, '<p>Test</p>\n', NULL, NULL, NULL, NULL, 'san-pham-test', 20, 'san pham test ', '<p>Test</p>\n', 1, 3, NULL);

-- Dumping structure for table duantotnghiep.thongtinmuahang
CREATE TABLE IF NOT EXISTS `thongtinmuahang` (
  `id` bigint NOT NULL AUTO_INCREMENT,
  `ngaysua` timestamp NULL DEFAULT NULL,
  `ngaytao` timestamp NULL DEFAULT NULL,
  `nguoisua` varchar(255) DEFAULT NULL,
  `nguoitao` varchar(255) DEFAULT NULL,
  `trangthai` varchar(255) DEFAULT 'ACTIVE',
  `diachi` varchar(255) DEFAULT NULL,
  `idhuyen` int DEFAULT NULL,
  `idthanhpho` int DEFAULT NULL,
  `idxa` int DEFAULT NULL,
  `sodienthoai` varchar(255) DEFAULT NULL,
  `sonha` varchar(255) DEFAULT NULL,
  `ten` varchar(255) DEFAULT NULL,
  `idkhachhang` bigint DEFAULT NULL,
  PRIMARY KEY (`id`),
  KEY `FKdbn26ymw7iskh3x4obhqilti3` (`idkhachhang`),
  CONSTRAINT `FKdbn26ymw7iskh3x4obhqilti3` FOREIGN KEY (`idkhachhang`) REFERENCES `khachhang` (`id`)
) ENGINE=InnoDB DEFAULT CHARSET=utf8mb3;

-- Dumping data for table duantotnghiep.thongtinmuahang: ~0 rows (approximately)

-- Dumping structure for table duantotnghiep.thuoctinh
CREATE TABLE IF NOT EXISTS `thuoctinh` (
  `id` bigint NOT NULL AUTO_INCREMENT,
  `ngaysua` timestamp NULL DEFAULT NULL,
  `ngaytao` timestamp NULL DEFAULT NULL,
  `nguoisua` varchar(255) DEFAULT NULL,
  `nguoitao` varchar(255) DEFAULT NULL,
  `trangthai` varchar(255) DEFAULT 'ACTIVE',
  `slug` varchar(255) DEFAULT NULL,
  `ten` varchar(255) DEFAULT NULL,
  `idsanpham` bigint DEFAULT NULL,
  PRIMARY KEY (`id`),
  KEY `FKpe2rbqisgm92mmclx5ddxr5te` (`idsanpham`),
  CONSTRAINT `FKpe2rbqisgm92mmclx5ddxr5te` FOREIGN KEY (`idsanpham`) REFERENCES `sanpham` (`id`)
) ENGINE=InnoDB AUTO_INCREMENT=76 DEFAULT CHARSET=utf8mb3;

-- Dumping data for table duantotnghiep.thuoctinh: ~63 rows (approximately)
INSERT INTO `thuoctinh` (`id`, `ngaysua`, `ngaytao`, `nguoisua`, `nguoitao`, `trangthai`, `slug`, `ten`, `idsanpham`) VALUES
	(1, NULL, '2023-11-22 16:26:02', NULL, 'admin9193', 'ACTIVE', 'mau-sac', 'Màu Sắc', 1),
	(2, NULL, '2023-11-22 16:26:03', NULL, 'admin9193', 'ACTIVE', 'size', 'Size', 1),
	(3, NULL, '2023-11-22 16:30:53', NULL, 'admin9193', 'ACTIVE', 'mau-sac', 'Màu Sắc', 2),
	(4, NULL, '2023-11-22 16:30:53', NULL, 'admin9193', 'ACTIVE', 'size', 'Size', 2),
	(5, NULL, '2023-11-22 16:34:35', NULL, 'admin9193', 'ACTIVE', 'mau-sac', 'Màu Sắc', 3),
	(6, NULL, '2023-11-22 16:34:35', NULL, 'admin9193', 'ACTIVE', 'size', 'Size', 3),
	(7, NULL, '2023-11-22 18:33:37', NULL, 'admin9193', 'ACTIVE', 'mau-sac', 'Màu Sắc', 4),
	(8, NULL, '2023-11-22 18:33:37', NULL, 'admin9193', 'ACTIVE', 'size', 'Size', 4),
	(9, NULL, '2023-11-27 02:22:02', NULL, 'admin9193', 'ACTIVE', 'mau-sac', 'Màu Sắc', 5),
	(10, NULL, '2023-11-27 02:22:06', NULL, 'admin9193', 'ACTIVE', 'size', 'Size', 5),
	(11, NULL, '2023-11-27 02:39:52', NULL, 'admin9193', 'ACTIVE', 'mau-sac', 'Màu Sắc', 7),
	(12, NULL, '2023-11-27 02:39:52', NULL, 'admin9193', 'ACTIVE', 'size', 'Size', 7),
	(13, NULL, '2023-11-27 02:43:46', NULL, 'admin9193', 'ACTIVE', 'mau-sac', 'Màu Sắc', 8),
	(14, NULL, '2023-11-27 02:43:46', NULL, 'admin9193', 'ACTIVE', 'size', 'Size', 8),
	(15, NULL, '2023-11-27 02:46:17', NULL, 'admin9193', 'ACTIVE', 'mau-sac', 'Màu Sắc', 9),
	(16, NULL, '2023-11-27 02:46:17', NULL, 'admin9193', 'ACTIVE', 'size', 'Size', 9),
	(17, NULL, '2023-11-27 02:48:58', NULL, 'admin9193', 'ACTIVE', 'mau-sac', 'Màu Sắc', 10),
	(18, NULL, '2023-11-27 02:48:58', NULL, 'admin9193', 'ACTIVE', 'size', 'Size', 10),
	(19, NULL, '2023-11-27 02:53:09', NULL, 'admin9193', 'ACTIVE', 'mau-sac', 'Màu Sắc', 11),
	(20, NULL, '2023-11-27 02:53:09', NULL, 'admin9193', 'ACTIVE', 'size', 'Size', 11),
	(21, NULL, '2023-11-27 02:56:20', NULL, 'admin9193', 'ACTIVE', 'mau-sac', 'Màu Sắc', 12),
	(22, NULL, '2023-11-27 02:56:20', NULL, 'admin9193', 'ACTIVE', 'size', 'Size', 12),
	(25, NULL, '2023-11-27 03:00:35', NULL, 'admin9193', 'ACTIVE', 'mau-sac', 'Màu Sắc', 14),
	(26, NULL, '2023-11-27 03:00:35', NULL, 'admin9193', 'ACTIVE', 'size', 'Size', 14),
	(33, NULL, '2023-11-27 03:03:37', NULL, 'admin9193', 'ACTIVE', 'mau-sac', 'Màu Sắc', 18),
	(34, NULL, '2023-11-27 03:03:37', NULL, 'admin9193', 'ACTIVE', 'size', 'Size', 18),
	(35, NULL, '2023-11-27 03:06:11', NULL, 'admin9193', 'ACTIVE', 'mau-sac', 'Màu Sắc', 19),
	(40, NULL, '2023-11-27 03:16:46', NULL, 'admin9193', 'ACTIVE', 'mau-sac', 'Màu Sắc', 22),
	(41, NULL, '2023-11-27 03:16:46', NULL, 'admin9193', 'ACTIVE', 'size', 'Size', 22),
	(42, NULL, '2023-11-27 03:20:51', NULL, 'admin9193', 'ACTIVE', 'mau-sac', 'Màu Sắc', 23),
	(43, NULL, '2023-11-27 03:25:03', NULL, 'admin9193', 'ACTIVE', 'mau-sac', 'Màu Sắc', 24),
	(44, NULL, '2023-11-27 03:25:03', NULL, 'admin9193', 'ACTIVE', 'size', 'Size', 24),
	(45, NULL, '2023-11-27 03:29:29', NULL, 'admin9193', 'ACTIVE', 'mau-sac', 'Màu Sắc', 25),
	(46, NULL, '2023-11-27 03:29:29', NULL, 'admin9193', 'ACTIVE', 'size', 'Size', 25),
	(47, NULL, '2023-11-27 03:36:20', NULL, 'admin9193', 'ACTIVE', 'mau-sac', 'Màu Sắc', 26),
	(48, NULL, '2023-11-27 03:36:20', NULL, 'admin9193', 'ACTIVE', 'size', 'Size', 26),
	(49, NULL, '2023-11-27 03:40:53', NULL, 'admin9193', 'ACTIVE', 'mau-sac', 'Màu Sắc', 27),
	(50, NULL, '2023-11-27 03:40:53', NULL, 'admin9193', 'ACTIVE', 'size', 'Size', 27),
	(51, NULL, '2023-11-27 15:27:16', NULL, 'admin9193', 'ACTIVE', 'mau-sac', 'Màu Sắc', 28),
	(52, NULL, '2023-11-27 15:27:16', NULL, 'admin9193', 'ACTIVE', 'size', 'Size', 28),
	(53, NULL, '2023-11-27 15:39:14', NULL, 'admin9193', 'ACTIVE', 'mau-sac', 'Màu Sắc', 29),
	(54, NULL, '2023-11-27 15:39:14', NULL, 'admin9193', 'ACTIVE', 'size', 'Size', 29),
	(55, NULL, '2023-11-27 15:42:19', NULL, 'admin9193', 'ACTIVE', 'mau-sac', 'Màu Sắc', 30),
	(56, NULL, '2023-11-27 15:42:19', NULL, 'admin9193', 'ACTIVE', 'size', 'Size', 30),
	(57, NULL, '2023-11-27 15:44:42', NULL, 'admin9193', 'ACTIVE', 'size', 'Size', 31),
	(58, NULL, '2023-11-27 15:47:45', NULL, 'admin9193', 'ACTIVE', 'mau-sac', 'Màu Sắc', 32),
	(59, NULL, '2023-11-27 15:47:45', NULL, 'admin9193', 'ACTIVE', 'size', 'Size', 32),
	(60, NULL, '2023-11-27 15:55:39', NULL, 'admin9193', 'ACTIVE', 'mau-sac', 'Màu Sắc', 33),
	(61, NULL, '2023-11-27 15:55:39', NULL, 'admin9193', 'ACTIVE', 'size', 'Size', 33),
	(62, NULL, '2023-11-27 16:02:20', NULL, 'admin9193', 'ACTIVE', 'mau-sac', 'Màu Sắc', 34),
	(63, NULL, '2023-11-27 16:02:20', NULL, 'admin9193', 'ACTIVE', 'size', 'Size', 34),
	(64, NULL, '2023-11-27 16:07:29', NULL, 'admin9193', 'ACTIVE', 'mau-sac', 'Màu Sắc', 35),
	(65, NULL, '2023-11-27 16:07:29', NULL, 'admin9193', 'ACTIVE', 'size', 'Size', 35),
	(66, NULL, '2023-11-27 16:11:30', NULL, 'admin9193', 'ACTIVE', 'mau-sac', 'Màu Sắc', 36),
	(67, NULL, '2023-11-27 16:11:30', NULL, 'admin9193', 'ACTIVE', 'size', 'Size', 36),
	(68, NULL, '2023-11-27 16:18:34', NULL, 'admin9193', 'ACTIVE', 'size', 'Size', 37),
	(69, NULL, '2023-11-27 16:24:18', NULL, 'admin9193', 'ACTIVE', 'mau-sac', 'Màu Sắc', 38),
	(70, NULL, '2023-11-27 16:24:18', NULL, 'admin9193', 'ACTIVE', 'size', 'Size', 38),
	(71, NULL, '2023-11-27 16:29:04', NULL, 'admin9193', 'ACTIVE', 'size', 'Size', 39),
	(72, NULL, '2023-11-27 16:40:54', NULL, 'admin9193', 'ACTIVE', 'size', 'Size', 41),
	(73, NULL, '2023-11-27 16:48:19', NULL, 'admin9193', 'ACTIVE', 'size', 'Size', 42),
	(74, NULL, '2023-12-03 10:21:39', NULL, 'admin9193', 'ACTIVE', 'mau-sac', 'Màu Sắc', 43),
	(75, NULL, '2023-12-03 10:21:39', NULL, 'admin9193', 'ACTIVE', 'size', 'Size', 43);

-- Dumping structure for table duantotnghiep.thuonghieu
CREATE TABLE IF NOT EXISTS `thuonghieu` (
  `id` bigint NOT NULL AUTO_INCREMENT,
  `ngaysua` timestamp NULL DEFAULT NULL,
  `ngaytao` timestamp NULL DEFAULT NULL,
  `nguoisua` varchar(255) DEFAULT NULL,
  `nguoitao` varchar(255) DEFAULT NULL,
  `trangthai` varchar(255) DEFAULT 'ACTIVE',
  `slug` varchar(255) DEFAULT NULL,
  `ten` varchar(255) DEFAULT NULL,
  PRIMARY KEY (`id`),
  UNIQUE KEY `UK_s0mvror9u635ragoc5rwiuueh` (`slug`)
) ENGINE=InnoDB AUTO_INCREMENT=11 DEFAULT CHARSET=utf8mb3;

-- Dumping data for table duantotnghiep.thuonghieu: ~10 rows (approximately)
INSERT INTO `thuonghieu` (`id`, `ngaysua`, `ngaytao`, `nguoisua`, `nguoitao`, `trangthai`, `slug`, `ten`) VALUES
	(1, NULL, '2023-11-19 17:04:30', NULL, 'admin9193', 'ACTIVE', 'lovito', 'Lovito'),
	(2, NULL, '2023-11-19 17:05:06', NULL, 'admin9193', 'ACTIVE', 'miucho', 'Miucho'),
	(3, NULL, '2023-11-19 17:08:28', NULL, 'admin9193', 'ACTIVE', 'tingoan', 'tingoan'),
	(4, NULL, '2023-11-19 17:08:28', NULL, 'admin9193', 'ACTIVE', 'zhu-xia', 'Zhu Xia'),
	(5, NULL, '2023-11-19 17:08:29', NULL, 'admin9193', 'ACTIVE', 'boo', 'boo'),
	(6, NULL, '2023-11-19 17:08:30', NULL, 'admin9193', 'ACTIVE', 'miaa', 'MIAA'),
	(7, NULL, '2023-11-19 17:08:30', NULL, 'admin9193', 'ACTIVE', 'avocado', 'AVOCADO'),
	(8, NULL, '2023-11-19 17:08:31', NULL, 'admin9193', 'ACTIVE', 'choobe', 'Choobe'),
	(9, NULL, '2023-11-19 17:08:32', NULL, 'admin9193', 'ACTIVE', 'h-m', 'H&M'),
	(10, NULL, '2023-11-19 17:08:32', NULL, 'admin9193', 'ACTIVE', 'm2', 'M2');

-- Dumping structure for table duantotnghiep.tichdiem
CREATE TABLE IF NOT EXISTS `tichdiem` (
  `id` bigint NOT NULL AUTO_INCREMENT,
  `ngaysua` timestamp NULL DEFAULT NULL,
  `ngaytao` timestamp NULL DEFAULT NULL,
  `nguoisua` varchar(255) DEFAULT NULL,
  `nguoitao` varchar(255) DEFAULT NULL,
  `trangthai` varchar(255) DEFAULT 'ACTIVE',
  `sodiem` int DEFAULT NULL,
  `idkhachhang` bigint DEFAULT NULL,
  PRIMARY KEY (`id`),
  KEY `FK3cn0i0s6nyyqp3m7fb1uwyqv0` (`idkhachhang`),
  CONSTRAINT `FK3cn0i0s6nyyqp3m7fb1uwyqv0` FOREIGN KEY (`idkhachhang`) REFERENCES `khachhang` (`id`)
) ENGINE=InnoDB DEFAULT CHARSET=utf8mb3;

-- Dumping data for table duantotnghiep.tichdiem: ~0 rows (approximately)

-- Dumping structure for table duantotnghiep.timkiemsanpham
CREATE TABLE IF NOT EXISTS `timkiemsanpham` (
  `id` bigint NOT NULL AUTO_INCREMENT,
  `ngaysua` timestamp NULL DEFAULT NULL,
  `ngaytao` timestamp NULL DEFAULT NULL,
  `nguoisua` varchar(255) DEFAULT NULL,
  `nguoitao` varchar(255) DEFAULT NULL,
  `trangthai` varchar(255) DEFAULT 'ACTIVE',
  `timkiem` varchar(255) DEFAULT NULL,
  `idkhachhang` bigint DEFAULT NULL,
  PRIMARY KEY (`id`),
  KEY `FK161yq4goo29oj75tlqc3xkfq1` (`idkhachhang`),
  CONSTRAINT `FK161yq4goo29oj75tlqc3xkfq1` FOREIGN KEY (`idkhachhang`) REFERENCES `khachhang` (`id`)
) ENGINE=InnoDB AUTO_INCREMENT=5 DEFAULT CHARSET=utf8mb3;

-- Dumping data for table duantotnghiep.timkiemsanpham: ~4 rows (approximately)
INSERT INTO `timkiemsanpham` (`id`, `ngaysua`, `ngaytao`, `nguoisua`, `nguoitao`, `trangthai`, `timkiem`, `idkhachhang`) VALUES
	(1, NULL, '2023-11-21 04:39:08', NULL, 'dangngocthanh0133', 'ACTIVE', 'áo thun', 1),
	(2, NULL, '2023-11-21 04:39:59', NULL, 'dangngocthanh0133', 'ACTIVE', 'áo khoác', 1),
	(3, NULL, '2023-11-21 04:39:59', NULL, 'dangngocthanh0133', 'ACTIVE', 'quần âu', 1),
	(4, NULL, '2023-11-21 04:40:08', NULL, 'dangngocthanh0133', 'ACTIVE', 'quần bó', 1);

-- Dumping structure for table duantotnghiep.trangthaigiaohang
CREATE TABLE IF NOT EXISTS `trangthaigiaohang` (
  `id` bigint NOT NULL AUTO_INCREMENT,
  `ngaysua` timestamp NULL DEFAULT NULL,
  `ngaytao` timestamp NULL DEFAULT NULL,
  `nguoisua` varchar(255) COLLATE utf8mb4_unicode_ci DEFAULT NULL,
  `nguoitao` varchar(255) COLLATE utf8mb4_unicode_ci DEFAULT NULL,
  `trangthai` varchar(255) COLLATE utf8mb4_unicode_ci DEFAULT 'ACTIVE',
  `tentrangthai` varchar(255) COLLATE utf8mb4_unicode_ci DEFAULT NULL,
  `idgiaohang` bigint DEFAULT NULL,
  PRIMARY KEY (`id`),
  KEY `FK5xq4329do0ec9v495gnmyv157` (`idgiaohang`),
  CONSTRAINT `FK5xq4329do0ec9v495gnmyv157` FOREIGN KEY (`idgiaohang`) REFERENCES `hoadon` (`id`)
) ENGINE=InnoDB DEFAULT CHARSET=utf8mb4 COLLATE=utf8mb4_unicode_ci;

-- Dumping data for table duantotnghiep.trangthaigiaohang: ~0 rows (approximately)

-- Dumping structure for table duantotnghiep.vidientu
CREATE TABLE IF NOT EXISTS `vidientu` (
  `id` bigint NOT NULL AUTO_INCREMENT,
  `ngaysua` timestamp NULL DEFAULT NULL,
  `ngaytao` timestamp NULL DEFAULT NULL,
  `nguoisua` varchar(255) DEFAULT NULL,
  `nguoitao` varchar(255) DEFAULT NULL,
  `trangthai` varchar(255) DEFAULT 'ACTIVE',
  `sotien` double DEFAULT NULL,
  `idkhachhang` bigint DEFAULT NULL,
  PRIMARY KEY (`id`),
  KEY `FK67k6ih1yc8wc22q9qxgly084r` (`idkhachhang`),
  CONSTRAINT `FK67k6ih1yc8wc22q9qxgly084r` FOREIGN KEY (`idkhachhang`) REFERENCES `khachhang` (`id`)
) ENGINE=InnoDB AUTO_INCREMENT=6 DEFAULT CHARSET=utf8mb3;

-- Dumping data for table duantotnghiep.vidientu: ~5 rows (approximately)
INSERT INTO `vidientu` (`id`, `ngaysua`, `ngaytao`, `nguoisua`, `nguoitao`, `trangthai`, `sotien`, `idkhachhang`) VALUES
	(1, NULL, '2023-11-19 16:59:26', NULL, 'doquochuy8173', 'ACTIVE', 3000000, 4),
	(2, NULL, '2023-11-19 16:59:26', NULL, 'doquochuy8173', 'ACTIVE', 3000000, 1),
	(3, NULL, '2023-11-19 16:59:26', NULL, 'doquochuy8173', 'ACTIVE', 3000000, 2),
	(4, NULL, '2023-11-19 16:59:26', NULL, 'doquochuy8173', 'ACTIVE', 3000000, 3),
	(5, NULL, '2023-11-19 16:59:26', NULL, 'doquochuy8173', 'ACTIVE', 3000000, 5);

-- Dumping structure for trigger duantotnghiep.bienthe_saukhi_insert
SET @OLDTMP_SQL_MODE=@@SQL_MODE, SQL_MODE='ONLY_FULL_GROUP_BY,STRICT_TRANS_TABLES,NO_ZERO_IN_DATE,NO_ZERO_DATE,ERROR_FOR_DIVISION_BY_ZERO,NO_ENGINE_SUBSTITUTION';
DELIMITER //
CREATE TRIGGER `bienthe_saukhi_insert` AFTER INSERT ON `bienthe` FOR EACH ROW BEGIN
	INSERT INTO giatrithuoctinhbienthe (idbienthe, idgiatrithuoctinh) (SELECT 
						bienthe.id AS idbienthe, 
						giatrithuoctinh.id AS idgiatrithuoctinh
					FROM bienthe, giatrithuoctinh
					WHERE 
						bienthe.id = NEW.id
						AND giatrithuoctinh.idsanpham = NEW.idsanpham
						AND FIND_IN_SET(giatrithuoctinh.giatri, NEW.ten));
END//
DELIMITER ;
SET SQL_MODE=@OLDTMP_SQL_MODE;

/*!40103 SET TIME_ZONE=IFNULL(@OLD_TIME_ZONE, 'system') */;
/*!40101 SET SQL_MODE=IFNULL(@OLD_SQL_MODE, '') */;
/*!40014 SET FOREIGN_KEY_CHECKS=IFNULL(@OLD_FOREIGN_KEY_CHECKS, 1) */;
/*!40101 SET CHARACTER_SET_CLIENT=@OLD_CHARACTER_SET_CLIENT */;
/*!40111 SET SQL_NOTES=IFNULL(@OLD_SQL_NOTES, 1) */;
